world,tier,protocol,config,fold,energy_breakeven_mbps,qos_limit_mbps,decision_mbps,delay_limit_mbps,usr_safe_flips_on_grid,DPDK_finite,DPDK_min_power_after_clip,DPDK_share_raw_negative_power,DPDK_usr_or_dpdk_unsafe_share_on_test_loads,USR_finite,USR_min_power_after_clip,USR_share_raw_negative_power,USR_usr_or_dpdk_unsafe_share_on_test_loads
pinned,reference,-,deployed,-1,91.0,149.0,81.0,306.0,3,True,0.8177087597004455,0.0,0.003766851704996035,True,0.017527796268614188,0.0,0.7025178429817605
LOSO-dep-f0,primary,LOSO,deployed,0,93.0,149.0,83.0,220.0,3,True,0.818441355991198,0.0,0.0046590007930214115,True,0.017230348391282416,0.0,0.7101506740681999
LOSO-dep-f1,primary,LOSO,deployed,1,93.0,149.0,83.0,220.0,3,True,0.817843007642212,0.0,0.003766851704996035,True,0.017081468970587523,0.0,0.7025178429817605
LOSO-dep-f2,primary,LOSO,deployed,2,93.0,153.0,83.0,220.0,3,True,0.818430711367122,0.0,0.0046590007930214115,True,0.017412035619103337,0.0,0.7023195876288659
LOSO-dep-f3,primary,LOSO,deployed,3,91.0,150.0,81.0,306.0,3,True,0.8192675499802182,0.0,0.0046590007930214115,True,0.017448613012540786,0.0,0.5556106264869152
LOSO-dep-f4,primary,LOSO,deployed,4,91.0,149.0,81.0,220.0,3,True,0.8172554630833773,0.0,0.003766851704996035,True,0.017506019603625363,0.0,0.6748612212529739
LOLO-dep-f0,primary,LOLO,deployed,0,90.0,149.0,80.0,220.0,3,True,0.8178812916090287,0.0,0.00802934179222839,True,0.02462026774815199,0.0,0.7025178429817605
LOLO-dep-f1,primary,LOLO,deployed,1,80.0,149.0,70.0,306.0,3,True,0.8178451561665573,0.0,0.0046590007930214115,True,0.020228981193843833,0.0,0.7025178429817605
LOLO-dep-f2,primary,LOLO,deployed,2,81.0,81.0,71.00000000000001,220.0,3,True,0.8178885105454132,0.0,0.0046590007930214115,True,0.02366685595231441,0.0,0.8617168913560667
LOLO-dep-f3,primary,LOLO,deployed,3,93.0,170.0,83.0,170.0,1,True,0.8178726466317917,0.0,0.0046590007930214115,True,0.007690091619695883,0.0,0.6673275178429817
LOLO-dep-f4,primary,LOLO,deployed,4,93.0,149.0,83.0,200.0,3,True,0.8180152440373699,0.0,0.00802934179222839,True,0.015468149422536387,0.0,0.7101506740681999
LOSO-nes-f0,secondary,LOSO,nested,0,93.0,149.0,83.0,220.0,3,True,0.8195795634058427,0.0,0.003766851704996035,True,0.017776017374012004,0.0,0.7101506740681999
LOSO-nes-f1,secondary,LOSO,nested,1,93.0,149.0,83.0,306.0,3,True,0.8186692314604933,0.0,0.06552339413164156,True,0.017395785186924712,0.0,0.7025178429817605
LOSO-nes-f2,secondary,LOSO,nested,2,93.0,153.0,83.0,408.00000000000006,3,True,0.8197830303932389,0.0,0.0046590007930214115,True,0.01729501800614487,0.0,0.7025178429817605
LOSO-nes-f3,secondary,LOSO,nested,3,90.0,150.0,80.0,306.0,3,True,0.8198283136805959,0.0,0.0046590007930214115,True,0.017194879370167435,0.0,0.5473830293417923
LOSO-nes-f4,secondary,LOSO,nested,4,93.0,149.0,83.0,306.0,3,True,0.8192717672535065,0.0,0.001486915146708961,True,0.01786800945664943,0.0,0.5473830293417923
LOLO-nes-f0,secondary,LOLO,nested,0,62.0,149.0,52.0,306.0,3,True,0.8177704550971348,0.0,0.0002973830293417922,True,0.10412884769931963,0.0,0.7025178429817605
LOLO-nes-f1,secondary,LOLO,nested,1,61.0,149.0,51.0,410.00000000000006,3,True,0.8185921330713231,0.0,0.0046590007930214115,True,0.09240216353976072,0.0,0.7101506740681999
LOLO-nes-f2,secondary,LOLO,nested,2,70.0,0.0,0.0,500.0,0,True,0.8184732522749614,0.0,0.001486915146708961,True,0.07074632278408499,0.0,1.0
LOLO-nes-f3,secondary,LOLO,nested,3,72.00000000000001,0.0,0.0,255.0,1,True,0.8185354952287645,0.0,0.001486915146708961,True,0.0,0.0008921490880253767,0.9310071371927042
LOLO-nes-f4,secondary,LOLO,nested,4,81.0,149.0,71.00000000000001,286.00000000000006,1,True,0.818091258173314,0.0,0.001486915146708961,True,0.061712216785026586,0.0,0.7101506740681999
