ckpt_id,family,seed,cohorts,source,path,n_files,all_files_present,dir_mtime,sha256
MAPPO|wcnc2027_ablation/mappo_seed1/mappo_best.pt,MAPPO,1,R,wcnc2027_ablation 2026-09-14,experiments/wcnc2027_ablation/mappo_seed1/mappo_best.pt,1,True,2026-09-14T04:07,f55cb96433a1aabc82d2fc26eb5091f35c41bc2aca8ba3ebe527290bf801df0b
IPPO|wcnc2027_ablation/ippo_seed1,IPPO,1,R,wcnc2027_ablation 2026-09-14,experiments/wcnc2027_ablation/ippo_seed1,10,True,2026-09-14T04:16,41245a40523ee542462ab64b8171c8597ca38bb9685c6a31efab026f47eab602
Centralized PPO|wcnc2027_ablation/central_seed1/ppo_multi_site.zip,Centralized PPO,1,R,wcnc2027_ablation 2026-09-14,experiments/wcnc2027_ablation/central_seed1/ppo_multi_site.zip,1,True,2026-09-14T04:10,331e4e17cf2c3755a329915e9ff4868e13768cd92380112dc1e3a248133c6bbf
Shared-PPO|wcnc2027_ablation/shared_ppo_seed1/mappo_best.pt,Shared-PPO,1,R,wcnc2027_ablation 2026-09-14 (supplementary ablation),experiments/wcnc2027_ablation/shared_ppo_seed1/mappo_best.pt,1,True,2026-09-14T04:07,8665a53ca261e46fd9b5183a0af7d7f7bbeb965b20ff4b1553e7d3acebd4f0b5
MAPPO|wcnc2027_ablation/mappo_seed7/mappo_best.pt,MAPPO,7,R,wcnc2027_ablation 2026-09-14,experiments/wcnc2027_ablation/mappo_seed7/mappo_best.pt,1,True,2026-09-14T04:07,a3c6543b66fb488be51ce365542d4364258c667cac612c47f04b7af22feb7361
IPPO|wcnc2027_ablation/ippo_seed7,IPPO,7,R,wcnc2027_ablation 2026-09-14,experiments/wcnc2027_ablation/ippo_seed7,10,True,2026-09-14T04:16,7bd638cf419225c05bc8cc7d848849f3a07f920785b9c4f929b78fefa0de0e31
Centralized PPO|wcnc2027_ablation/central_seed7/ppo_multi_site.zip,Centralized PPO,7,R,wcnc2027_ablation 2026-09-14,experiments/wcnc2027_ablation/central_seed7/ppo_multi_site.zip,1,True,2026-09-14T04:10,e1eaeb57c591c44d06f7cf85ce6fe43f61bd724ea4f61ac8d1b6b1c3bd9c6e8b
Shared-PPO|wcnc2027_ablation/shared_ppo_seed7/mappo_best.pt,Shared-PPO,7,R,wcnc2027_ablation 2026-09-14 (supplementary ablation),experiments/wcnc2027_ablation/shared_ppo_seed7/mappo_best.pt,1,True,2026-09-14T04:07,4dd0f87dec994ca43f05dadddd8c92ed50d17c781232c95c947a7794575bf810
MAPPO|wcnc2027_ablation/mappo_seed13/mappo_best.pt,MAPPO,13,R,wcnc2027_ablation 2026-09-14,experiments/wcnc2027_ablation/mappo_seed13/mappo_best.pt,1,True,2026-09-14T04:07,04d78dcc61b02b86362fc0f469ed44a6f3fbf79850da020cac4d6734bbe4064b
IPPO|wcnc2027_ablation/ippo_seed13,IPPO,13,R,wcnc2027_ablation 2026-09-14,experiments/wcnc2027_ablation/ippo_seed13,10,True,2026-09-14T04:16,e03052199d148574f689dc9f7260b68edc14de6139be145d16ecc83ca42eb5cc
Centralized PPO|wcnc2027_ablation/central_seed13/ppo_multi_site.zip,Centralized PPO,13,R,wcnc2027_ablation 2026-09-14,experiments/wcnc2027_ablation/central_seed13/ppo_multi_site.zip,1,True,2026-09-14T04:10,32ea411acb3c2708acff0a4b7bad1dea56427fb4702ac9273ccd9cc0489bf1ab
Shared-PPO|wcnc2027_ablation/shared_ppo_seed13/mappo_best.pt,Shared-PPO,13,R,wcnc2027_ablation 2026-09-14 (supplementary ablation),experiments/wcnc2027_ablation/shared_ppo_seed13/mappo_best.pt,1,True,2026-09-14T04:07,3d86427836ed6aa44bd837f6029c9a03615fd7e6b2df8a3c79eff448d7eacc96
MAPPO|wcnc2027_ablation/mappo_seed23/mappo_best.pt,MAPPO,23,R,wcnc2027_ablation 2026-09-14,experiments/wcnc2027_ablation/mappo_seed23/mappo_best.pt,1,True,2026-09-14T04:07,bfdc16cec90ff7a725c89771167d7e8b71bde113b0989a3dfb12e6b91409e14e
IPPO|wcnc2027_ablation/ippo_seed23,IPPO,23,R,wcnc2027_ablation 2026-09-14,experiments/wcnc2027_ablation/ippo_seed23,10,True,2026-09-14T04:16,91842d1921d124cca01112da72685e8cafd91157abba8892c55fdb6befb72ab0
Centralized PPO|wcnc2027_ablation/central_seed23/ppo_multi_site.zip,Centralized PPO,23,R,wcnc2027_ablation 2026-09-14,experiments/wcnc2027_ablation/central_seed23/ppo_multi_site.zip,1,True,2026-09-14T04:10,a30dd1c4b58651c0b8812549f910be427ab42fa540f364dec89842882708e966
Shared-PPO|wcnc2027_ablation/shared_ppo_seed23/mappo_best.pt,Shared-PPO,23,R,wcnc2027_ablation 2026-09-14 (supplementary ablation),experiments/wcnc2027_ablation/shared_ppo_seed23/mappo_best.pt,1,True,2026-09-14T04:07,371e77f73ccc73966bcf3830bda9a6029a13056e169aff1abbc792c8df5bcef0
MAPPO|wcnc2027_ablation/mappo_seed42/mappo_best.pt,MAPPO,42,R,wcnc2027_ablation 2026-09-14,experiments/wcnc2027_ablation/mappo_seed42/mappo_best.pt,1,True,2026-09-14T04:07,ec8029f9dfbd6f3ec4669b1afd880b9cccdbaaf558fcbe4041469dfae0821bc0
IPPO|wcnc2027_ablation/ippo_seed42,IPPO,42,R,wcnc2027_ablation 2026-09-14,experiments/wcnc2027_ablation/ippo_seed42,10,True,2026-09-14T04:16,921b81c99a215da5fa262e51ba6bad35517940c912a4f55fb8ecc0918e3c6442
Centralized PPO|wcnc2027_ablation/central_seed42/ppo_multi_site.zip,Centralized PPO,42,R,wcnc2027_ablation 2026-09-14,experiments/wcnc2027_ablation/central_seed42/ppo_multi_site.zip,1,True,2026-09-14T04:10,1db3c7694e65eae88f86e4a025103e46f14f011d721a42f13ca5ddda0fb0dcbc
Shared-PPO|wcnc2027_ablation/shared_ppo_seed42/mappo_best.pt,Shared-PPO,42,R,wcnc2027_ablation 2026-09-14 (supplementary ablation),experiments/wcnc2027_ablation/shared_ppo_seed42/mappo_best.pt,1,True,2026-09-14T04:07,9fbe1e5345070c5ff33f808b4ff2939f18990ff0f42797c4e933615827a702c2
MAPPO|wcnc2027_ablation/mappo_seed64/mappo_best.pt,MAPPO,64,R,wcnc2027_ablation 2026-09-14,experiments/wcnc2027_ablation/mappo_seed64/mappo_best.pt,1,True,2026-09-14T04:07,21674dca94923138f1106c5cde7719b830f9050ba60ae36f9184679132b8c7dd
IPPO|wcnc2027_ablation/ippo_seed64,IPPO,64,R,wcnc2027_ablation 2026-09-14,experiments/wcnc2027_ablation/ippo_seed64,10,True,2026-09-14T04:16,8123499feeeed689e0f0d89a4e4ec2bfae3b8c38df778799f3e861c66d358492
Centralized PPO|wcnc2027_ablation/central_seed64/ppo_multi_site.zip,Centralized PPO,64,R,wcnc2027_ablation 2026-09-14,experiments/wcnc2027_ablation/central_seed64/ppo_multi_site.zip,1,True,2026-09-14T04:10,c46883e4dd3fb09b8287e52394f10e0e0cc3bb7dc6611c8fdd0294eb42764b48
Shared-PPO|wcnc2027_ablation/shared_ppo_seed64/mappo_best.pt,Shared-PPO,64,R,wcnc2027_ablation 2026-09-14 (supplementary ablation),experiments/wcnc2027_ablation/shared_ppo_seed64/mappo_best.pt,1,True,2026-09-14T04:07,b4d7abba084465ed40ad29c499ade2bde2ad752865ae51fef8d6d724b38f5208
MAPPO|wcnc2027_ablation/mappo_seed77/mappo_best.pt,MAPPO,77,R,wcnc2027_ablation 2026-09-14,experiments/wcnc2027_ablation/mappo_seed77/mappo_best.pt,1,True,2026-09-14T04:07,b55d777ec9a6b156460c9323137ae41f5670e486889b264f6eaf8f05a82cc796
IPPO|wcnc2027_ablation/ippo_seed77,IPPO,77,R,wcnc2027_ablation 2026-09-14,experiments/wcnc2027_ablation/ippo_seed77,10,True,2026-09-14T04:16,ac1db06f648a20d9f992cef25c5c67a25e4ab8b0bc6a25e89c064bc918d3ef58
Centralized PPO|wcnc2027_ablation/central_seed77/ppo_multi_site.zip,Centralized PPO,77,R,wcnc2027_ablation 2026-09-14,experiments/wcnc2027_ablation/central_seed77/ppo_multi_site.zip,1,True,2026-09-14T04:10,b517a3a3bf43baa8709538d4a20ac7e1383402d071b37e314e2e9438e4a70878
Shared-PPO|wcnc2027_ablation/shared_ppo_seed77/mappo_best.pt,Shared-PPO,77,R,wcnc2027_ablation 2026-09-14 (supplementary ablation),experiments/wcnc2027_ablation/shared_ppo_seed77/mappo_best.pt,1,True,2026-09-14T04:07,c6bc4d373c93a9a80f95e7137d4b84cfccc8d36e1ca6ac9e399a799a587092fb
MAPPO|wcnc2027_ablation/mappo_seed99/mappo_best.pt,MAPPO,99,R,wcnc2027_ablation 2026-09-14,experiments/wcnc2027_ablation/mappo_seed99/mappo_best.pt,1,True,2026-09-14T04:07,e8b0cff232c03eb297f25ca5202eaebd1feb8c3dca02e781fc94f6c0f3503452
IPPO|wcnc2027_ablation/ippo_seed99,IPPO,99,R,wcnc2027_ablation 2026-09-14,experiments/wcnc2027_ablation/ippo_seed99,10,True,2026-09-14T04:16,437e48c44c20ff3c8beea7dbd2d4236e07aa90c4d29b7a5d53cac542e397fe09
Centralized PPO|wcnc2027_ablation/central_seed99/ppo_multi_site.zip,Centralized PPO,99,R,wcnc2027_ablation 2026-09-14,experiments/wcnc2027_ablation/central_seed99/ppo_multi_site.zip,1,True,2026-09-14T04:10,e2c1eabf0f336dc5e60f36027b9529e6ca82a5021ff92f8c1dfa1540b5d87828
Shared-PPO|wcnc2027_ablation/shared_ppo_seed99/mappo_best.pt,Shared-PPO,99,R,wcnc2027_ablation 2026-09-14 (supplementary ablation),experiments/wcnc2027_ablation/shared_ppo_seed99/mappo_best.pt,1,True,2026-09-14T04:07,64aa5faaafb48a0e8eb3a36e19ee05a152df905444ee1cc810662b29a7319a03
MAPPO|mappo_seed1_20260517T110908/mappo_best.pt,MAPPO,1,P,"May 2026, pre-781c90c reward",experiments/mappo_seed1_20260517T110908/mappo_best.pt,1,True,2026-05-17T13:13,014e652b4cb0448ddeef4d9d7faef0d06f61a18e507dd5776dd81166afb33dd6
MAPPO|mappo_seed7_20260517T003433/mappo_best.pt,MAPPO,7,P,"May 2026, pre-781c90c reward",experiments/mappo_seed7_20260517T003433/mappo_best.pt,1,True,2026-05-17T02:38,ecd915f3fe76d05571382e96614bcd94e16798575f0dc992134c6f2038a1018f
MAPPO|mappo_seed13_20260517T003433/mappo_best.pt,MAPPO,13,P,"May 2026, pre-781c90c reward",experiments/mappo_seed13_20260517T003433/mappo_best.pt,1,True,2026-05-17T02:38,f414883ce32a8ed8cb6d5db4042d8d27ddfe741ad41ff0e84190c9dd7f145fae
MAPPO|mappo_seed23_20260517T110908/mappo_best.pt,MAPPO,23,P,"May 2026, pre-781c90c reward",experiments/mappo_seed23_20260517T110908/mappo_best.pt,1,True,2026-05-17T13:13,858986b71e641fd9d873d878cb058b141db1f694912dda6a4bfb89517909fdc5
MAPPO|mappo_seed42_20260526T143637/mappo_best.pt,MAPPO,42,P+T,"May 2026, pre-781c90c reward",experiments/mappo_seed42_20260526T143637/mappo_best.pt,1,True,2026-05-26T16:43,de4ac24ed691527555492ae336cdc8a49683afe0bc2d84f5b77be4c798269614
MAPPO|mappo_seed64_20260517T110908/mappo_best.pt,MAPPO,64,P,"May 2026, pre-781c90c reward",experiments/mappo_seed64_20260517T110908/mappo_best.pt,1,True,2026-05-17T13:13,663e1ebd98a5d0d51c03b9e080257f3bf77f890e5e637dd1d6214bbe1322be5f
MAPPO|mappo_seed77_20260517T110908/mappo_best.pt,MAPPO,77,P,"May 2026, pre-781c90c reward",experiments/mappo_seed77_20260517T110908/mappo_best.pt,1,True,2026-05-17T13:13,986c812d3b889a8f2e69d0a57ef308a02c2232aa34022ee1f62ba575c7308071
MAPPO|mappo_seed99_20260517T003433/mappo_best.pt,MAPPO,99,P,"May 2026, pre-781c90c reward",experiments/mappo_seed99_20260517T003433/mappo_best.pt,1,True,2026-05-17T02:38,aae3bcff9316b9820a1c8863c456f7b92dbde9103e2a9455145cae7bfa6cbe09
IPPO|ppo_single_site_ensemble_seed1_20260517T110907,IPPO,1,P,"May 2026, pre-781c90c reward",experiments/ppo_single_site_ensemble_seed1_20260517T110907,10,True,2026-05-17T13:12,e1dc80e4b8455cc68971da06f864d6a9c20c39248835e6340fd3f76d0c16565f
IPPO|ppo_single_site_ensemble_seed7_20260517T091403,IPPO,7,P,"May 2026, pre-781c90c reward",experiments/ppo_single_site_ensemble_seed7_20260517T091403,10,True,2026-05-17T11:17,cee78a9f8fe1b32a71a0c6da5db0a59084423642260b3c5ddf4cfb75d51b2957
IPPO|ppo_single_site_ensemble_seed13_20260517T091403,IPPO,13,P,"May 2026, pre-781c90c reward",experiments/ppo_single_site_ensemble_seed13_20260517T091403,10,True,2026-05-17T11:17,99fc3f3ee55bac3eb8f8c07b94cdd79d35d3075aa41bf4179b75ffa6e0613bd4
IPPO|ppo_single_site_ensemble_seed23_20260517T110907,IPPO,23,P,"May 2026, pre-781c90c reward",experiments/ppo_single_site_ensemble_seed23_20260517T110907,10,True,2026-05-17T13:12,f402ffab039c19dc7d42c5b1d5c5c4eb811575a45942267c45e460c35d283f41
IPPO|ppo_single_site_ensemble_seed42_20260517T091403,IPPO,42,P,"May 2026, pre-781c90c reward",experiments/ppo_single_site_ensemble_seed42_20260517T091403,10,True,2026-05-17T11:17,7ed7efb69253f4c278fcf7190881d0f5f6b041974dfa025e994f7610ed70ea48
IPPO|ppo_single_site_ensemble_seed64_20260517T110907,IPPO,64,P,"May 2026, pre-781c90c reward",experiments/ppo_single_site_ensemble_seed64_20260517T110907,10,True,2026-05-17T13:12,34b85e7dce35674dd7bd257c3dadb2dc5175659a433e8ec4bf3d4a23820c4286
IPPO|ppo_single_site_ensemble_seed77_20260517T110907,IPPO,77,P,"May 2026, pre-781c90c reward",experiments/ppo_single_site_ensemble_seed77_20260517T110907,10,True,2026-05-17T13:12,44e1cc6f8c223a55abdc5c78412989b90368fc57bee770751f071d876435c688
IPPO|ppo_single_site_ensemble_seed99_20260517T091403,IPPO,99,P,"May 2026, pre-781c90c reward",experiments/ppo_single_site_ensemble_seed99_20260517T091403,10,True,2026-05-17T11:17,2bf22d166dde9badd731eee17bbf2379a760b2d50093ac3ca26368579255a8a1
Centralized PPO|ppo_multi_site_seed7_20260517T004954/ppo_multi_site.zip,Centralized PPO,7,P,"May 2026, pre-781c90c reward",experiments/ppo_multi_site_seed7_20260517T004954/ppo_multi_site.zip,1,True,2026-05-17T02:56,8c3376fec0896f3ae627d26dbf85058817a42ca262cf68fbd8a4fd3d3e603649
Centralized PPO|ppo_multi_site_seed13_20260517T004954/ppo_multi_site.zip,Centralized PPO,13,P,"May 2026, pre-781c90c reward",experiments/ppo_multi_site_seed13_20260517T004954/ppo_multi_site.zip,1,True,2026-05-17T02:56,a533c5bbbae09236734905c51c1ded78188bd022f908726d5ba2fdd753ff79e2
Centralized PPO|ppo_multi_site_seed42_20260517T004954/ppo_multi_site.zip,Centralized PPO,42,P,"May 2026, pre-781c90c reward",experiments/ppo_multi_site_seed42_20260517T004954/ppo_multi_site.zip,1,True,2026-05-17T02:56,348ddf9c4ae8f5133a865e44bfd63374a8eb24e281baa7032ee7dd4b1a6088c9
Centralized PPO|ppo_multi_site_seed99_20260517T004954/ppo_multi_site.zip,Centralized PPO,99,P,"May 2026, pre-781c90c reward",experiments/ppo_multi_site_seed99_20260517T004954/ppo_multi_site.zip,1,True,2026-05-17T02:56,240b375cc1b0460b643d8bff92e7a846fc4c7963c3591825ec08a03c3765cc95
MAPPO|mappo_nr_seed23/mappo_best.pt,MAPPO,23,T,"June 2026, current reward",experiments/mappo_nr_seed23/mappo_best.pt,1,True,2026-06-06T11:21,6f31d357b08d761d9dd057bb03dd2fd650dc67bc658fd852697242289c04efb8
MAPPO|mappo_nr_seed64/mappo_best.pt,MAPPO,64,T,"June 2026, current reward",experiments/mappo_nr_seed64/mappo_best.pt,1,True,2026-06-06T11:27,45ecf390fa932b1dcc93dee9d8ccd0977c5b87ac0048560b5cb9a37c40fc31cd
MAPPO|mappo_nr_seed99/mappo_best.pt,MAPPO,99,T,"June 2026, current reward",experiments/mappo_nr_seed99/mappo_best.pt,1,True,2026-06-06T11:34,2320cebe072242d71314077ca2db73fcb362ed00b742c89ddf1a807341fb1096
MAPPO|mappo_seed7_20260516T092249/mappo_best.pt,MAPPO,7,L,"May 2026, pre-781c90c reward",experiments/mappo_seed7_20260516T092249/mappo_best.pt,1,True,2026-05-16T11:28,fd336799a0f2f9066f370451ce7885af7fd04644177140f0e58ab14c825dad03
MAPPO|mappo_seed13_20260516T092252/mappo_best.pt,MAPPO,13,L,"May 2026, pre-781c90c reward",experiments/mappo_seed13_20260516T092252/mappo_best.pt,1,True,2026-05-16T11:28,6d774a935b4806ae1a0a4ca97c3931b6a574dbe2c2ae8ba6c7e4ea176c03cfa4
MAPPO|mappo_seed42_20260516T081859/mappo_best.pt,MAPPO,42,L,"May 2026, pre-781c90c reward",experiments/mappo_seed42_20260516T081859/mappo_best.pt,1,True,2026-05-16T10:25,f8990ed3924db7580a06219abdb5a46e37bffa3731acfc2ac2296ea65ff77fac
MAPPO|mappo_seed42_20260517T003433/mappo_best.pt,MAPPO,42,L,"May 2026, pre-781c90c reward",experiments/mappo_seed42_20260517T003433/mappo_best.pt,1,True,2026-05-17T02:38,363c508ab14d089fa1b0ae7d7907378e88efff49b6d4ce11f4f4be09977defc2
MAPPO|mappo_seed42_20260526T143428/mappo_best.pt,MAPPO,42,L,"May 2026, pre-781c90c reward",experiments/mappo_seed42_20260526T143428/mappo_best.pt,1,True,2026-05-26T16:34,959b9fb2569f1b00636c476ea3bfd3414e337ccca9c88f810bba1fa43dfa2353
MAPPO|mappo_seed99_20260516T092254/mappo_best.pt,MAPPO,99,L,"May 2026, pre-781c90c reward",experiments/mappo_seed99_20260516T092254/mappo_best.pt,1,True,2026-05-16T11:27,8b631952476f8f353f371e45c9f9f193cc02f0e77b5ae0f02abaf9075601b498
IPPO|ippo_nr_seed1,IPPO,1,T,"June 2026, current reward",experiments/ippo_nr_seed1,10,True,2026-06-06T16:26,658da285d90ee14c704b948766b6046851167ca49b7eb8a11bb473ddc511a805
IPPO|ippo_nr_seed7,IPPO,7,T,"June 2026, current reward",experiments/ippo_nr_seed7,10,True,2026-06-06T16:28,d51d4600b3e191c7cb6d59c8b4b5976f6bf2014c5e518514f27e66ad1010af6e
IPPO|ippo_nr_seed13,IPPO,13,T,"June 2026, current reward",experiments/ippo_nr_seed13,10,True,2026-06-06T16:27,544bd7c490aa294ff45b847747561a879c42cfd4acfbe72b5d2b7d878e04c220
IPPO|ippo_nr_seed23,IPPO,23,T,"June 2026, current reward",experiments/ippo_nr_seed23,10,True,2026-06-06T16:28,8e3ec5bedc288bb21f2a2c7a63a7f4388d008819520d83730adadf9e2f368f7a
IPPO|ippo_nr_seed42,IPPO,42,T,"June 2026, current reward",experiments/ippo_nr_seed42,10,True,2026-06-06T16:26,2f5be02e34ac67ac3a502331c296690cbcca6b9f1525efa58e69654e36fd2e51
IPPO|ippo_nr_seed64,IPPO,64,T,"June 2026, current reward",experiments/ippo_nr_seed64,10,True,2026-06-06T16:27,f3ccd07980784d7146506a80627056088da35b62394bcd93c66df894650cbe1d
IPPO|ippo_nr_seed77,IPPO,77,T,"June 2026, current reward",experiments/ippo_nr_seed77,10,True,2026-06-06T16:26,11e489366e611bcb29881919d630e13c6d374b51543dd6be9b2427d6e6d2c434
IPPO|ippo_nr_seed99,IPPO,99,T,"June 2026, current reward",experiments/ippo_nr_seed99,10,True,2026-06-06T16:26,8f8ea15740e618c519c7b292937e1c262cadb43d7cbe86bc1d17ed42b6682ac2
Centralized PPO|central_nr_seed1/ppo_multi_site.zip,Centralized PPO,1,L,"June 2026, current reward",experiments/central_nr_seed1/ppo_multi_site.zip,1,True,2026-06-06T16:36,8b88dad042e38cc6381cc7f478cc86697a0dc5e6d3e7b80a4b5c5a4dc6ff4cfd
Centralized PPO|central_nr_seed7/ppo_multi_site.zip,Centralized PPO,7,L,"June 2026, current reward",experiments/central_nr_seed7/ppo_multi_site.zip,1,True,2026-06-06T16:36,bd99879a9ebe74056c4d089e2f8928c76a3f302d07a9dad50225b31bebbfa471
Centralized PPO|central_nr_seed13/ppo_multi_site.zip,Centralized PPO,13,L,"June 2026, current reward",experiments/central_nr_seed13/ppo_multi_site.zip,1,True,2026-06-06T16:36,4e2971bb93071a62bf028405e76462047142e98fe17aca1b35ded8ea5214ecb0
Centralized PPO|central_nr_seed42/ppo_multi_site.zip,Centralized PPO,42,L,"June 2026, current reward",experiments/central_nr_seed42/ppo_multi_site.zip,1,True,2026-06-06T16:36,665c326bd8832b4f2e53fd518fb4eb6a66a22fb618c2c4774b083d2d9da4dfac
Centralized PPO|central_nr_seed23/ppo_multi_site.zip,Centralized PPO,23,L,"Aug 2026, current reward",experiments/central_nr_seed23/ppo_multi_site.zip,1,True,2026-08-27T00:27,76fb0d3e661bc54945f70e0e96a627f16d74e00d534aed95e87b99268303e0f4
Centralized PPO|central_nr_seed64/ppo_multi_site.zip,Centralized PPO,64,L,"Aug 2026, current reward",experiments/central_nr_seed64/ppo_multi_site.zip,1,True,2026-08-27T00:27,8dafc21a6508b717b48b75c79d2dc4f01f38981213d3cb3a5dcef14284474af8
Centralized PPO|central_nr_seed77/ppo_multi_site.zip,Centralized PPO,77,L,"Aug 2026, current reward",experiments/central_nr_seed77/ppo_multi_site.zip,1,True,2026-08-27T00:27,cd03e32418de14f575fdefb4bfc62fe98ad2433ba86d1ce2c955b57232b671bb
Centralized PPO|ppo_multi_site_seed42_20260515T234034/ppo_multi_site.zip,Centralized PPO,42,L,"May 2026, pre-781c90c reward",experiments/ppo_multi_site_seed42_20260515T234034/ppo_multi_site.zip,1,True,2026-05-16T02:54,a3ae0f3d597ce36cb164ff7a28f2211276eb926d5bbc23ac98cfdf9dbb8a8152
Centralized PPO|ppo_multi_site_seed7_20260516T092256/ppo_multi_site.zip,Centralized PPO,7,L,"May 2026, pre-781c90c reward",experiments/ppo_multi_site_seed7_20260516T092256/ppo_multi_site.zip,1,True,2026-05-16T15:05,2defe6dbf9a7d212a8c0d3c60a1efcd63f70a93309fb79ac0661e2bf153d1f80
Centralized PPO|ppo_multi_site_seed13_20260516T092257/ppo_multi_site.zip,Centralized PPO,13,L,"May 2026, pre-781c90c reward",experiments/ppo_multi_site_seed13_20260516T092257/ppo_multi_site.zip,1,True,2026-05-16T15:05,2f7eb8c13f079f8773064c4541ce822a3de283912c781ba8a9d460272747cedc
Centralized PPO|ppo_multi_site_seed99_20260516T092259/ppo_multi_site.zip,Centralized PPO,99,L,"May 2026, pre-781c90c reward",experiments/ppo_multi_site_seed99_20260516T092259/ppo_multi_site.zip,1,True,2026-05-16T15:05,f7c2067cafbdcf10cc35d4cb6b900eeffce0125fbec5942931c1e22bc29a147c
Centralized PPO|ppo_multi_site_seed7_20260517T003435/best_model.zip,Centralized PPO,7,L,"May 2026, pre-781c90c reward; run has no final save (best_model.zip only)",experiments/ppo_multi_site_seed7_20260517T003435/best_model.zip,1,True,2026-05-17T02:42,dc10cd160575b61db7f75c0f21fc6460e947b1fdb7fab8c1e6b6cde7cb990b23
Centralized PPO|ppo_multi_site_seed13_20260517T003435/best_model.zip,Centralized PPO,13,L,"May 2026, pre-781c90c reward; run has no final save (best_model.zip only)",experiments/ppo_multi_site_seed13_20260517T003435/best_model.zip,1,True,2026-05-17T02:42,c51eca4d91214044c1640b70fdddfbcae449d5715772f25e5af4bd3a531ee073
Centralized PPO|ppo_multi_site_seed42_20260517T003436/best_model.zip,Centralized PPO,42,L,"May 2026, pre-781c90c reward; run has no final save (best_model.zip only)",experiments/ppo_multi_site_seed42_20260517T003436/best_model.zip,1,True,2026-05-17T02:42,5dd06613e3aef7ab4e4aa3870f688be55c2a31d1a4ece789a45542e45c4f0f83
Centralized PPO|ppo_multi_site_seed99_20260517T003436/best_model.zip,Centralized PPO,99,L,"May 2026, pre-781c90c reward; run has no final save (best_model.zip only)",experiments/ppo_multi_site_seed99_20260517T003436/best_model.zip,1,True,2026-05-17T02:42,23a9820b0fdbf8d520d5616f4043129f79866c0ca1ed2f45621462ab152b7a64
MAPPO|mappo_pool_off_seed1_20260526T162327/mappo_best.pt,MAPPO,1,T,search-only (scenario-variant sweep dir); traced to Table I,experiments/mappo_pool_off_seed1_20260526T162327/mappo_best.pt,1,True,2026-05-26T20:11,6bb9e53c349c990668f2c2b23871d88a653883429781ad54cdb314ee3387dc6d
MAPPO|mappo_pool_off_seed7_20260526T162327/mappo_best.pt,MAPPO,7,T,search-only (scenario-variant sweep dir); traced to Table I,experiments/mappo_pool_off_seed7_20260526T162327/mappo_best.pt,1,True,2026-05-26T20:18,4a996081896f349fa708f7d12c6b3ea7ce0f9f094bd577c697606fe41b6397c1
MAPPO|mappo_pool_off_seed13_20260526T162327/mappo_best.pt,MAPPO,13,T,search-only (scenario-variant sweep dir); traced to Table I,experiments/mappo_pool_off_seed13_20260526T162327/mappo_best.pt,1,True,2026-05-26T20:25,fc8e1cd74f8c394a3e5d98056ef876a2ea6e702618319fc7170b48fc6eb6f9fc
MAPPO|mappo_pool_off_seed77_20260526T162327/mappo_best.pt,MAPPO,77,T,search-only (scenario-variant sweep dir); traced to Table I,experiments/mappo_pool_off_seed77_20260526T162327/mappo_best.pt,1,True,2026-05-26T20:38,a9a6825c7c8bbe4272354b416e9c1caf436741660dde542e44b4595fb2a225fe
