world,tier,selection,t_up_mbps,band_mbps,reward,energy_wh,qos_violation_rate,usr_share,switches_per_cluster_day,fixed_hysteresis_reward,S1_MAPPO_mean_reward,S1_MAPPO_minus_recalibrated,S2_MAPPO_mean_reward,S2_MAPPO_minus_recalibrated
LOLO-dep-f0,primary,best band on test slice (manuscript protocol),80.0,50,-7587.817608844569,2003.789942435806,0.0110009910802775,0.0729435084241823,1.0560951437066404,-7597.970940307255,-6837.97975221613,749.8378566284391,-6844.793074099427,743.0245347451419
LOLO-dep-f1,primary,best band on test slice (manuscript protocol),70.0,50,-6525.895449748108,2035.5391013523365,0.0060455896927651,0.0411298315163528,0.7230921704658078,-6522.38494871394,-5848.455898116518,677.4395516315899,-5814.354903334656,711.5405464134519
LOLO-dep-f2,primary,best band on test slice (manuscript protocol),71.0,100,-7224.409922866815,2068.263967829096,0.0046580773042616,0.0,0.0,-9429.407120917002,-8096.147579933757,-871.7376570669421,-7884.6877487068805,-660.2778258400658
LOLO-dep-f3,primary,best band on test slice (manuscript protocol),83.0,20,-5441.470962082471,1957.9480306620408,0.009613478691774,0.1185332011892963,2.083647175421209,-5592.00543464054,-5197.0873104666425,244.38365161582806,-5203.02310771876,238.44785436371058
LOLO-dep-f4,primary,best band on test slice (manuscript protocol),83.0,50,-7382.07524529185,1991.8857030910583,0.0113974231912784,0.0765113974231912,1.0560951437066404,-7375.398920364227,-6657.036427779845,725.0388175120042,-6638.598063274493,743.4771820173564
LOLO-nes-f0,secondary,best band on test slice (manuscript protocol),52.0,20,-5430.348472015895,2026.1480806168968,0.0013875123885034,0.0559960356788899,1.293954410307235,-5800.398885791431,-5207.994157146635,222.35431486925972,-5143.627831007879,286.7206410080162
LOLO-nes-f1,secondary,best band on test slice (manuscript protocol),51.0,20,-6456.882835491007,2032.3564688347053,0.0058473736372646,0.0546085232903865,1.2749256689791877,-6872.410840199103,-6270.874892129357,186.00794336165018,-6214.7179533510625,242.1648821399449
LOLO-nes-f2,secondary,best band on test slice (manuscript protocol),0.0,5,-6609.866506999337,2069.4565153339718,0.0014866204162537,0.0,0.0,-27253.2017257735,-24898.83736804684,-18288.970861047503,-23541.14862814944,-16931.282121150103
LOLO-nes-f3,secondary,best band on test slice (manuscript protocol),0.0,5,-6612.2734640633125,2069.9981956623037,0.0014866204162537,0.0,0.0,-26860.612371789022,-24672.014559133255,-18059.74109506994,-23329.96442962227,-16717.690965558955
LOLO-nes-f4,secondary,best band on test slice (manuscript protocol),71.0,50,-6040.011056274073,2034.324615205713,0.0031714568880079,0.0426164519326065,0.761149653121903,-6087.436454086798,-5415.251366269935,624.7596900041381,-5357.777602154085,682.233454119988
LOSO-dep-f0,primary,best band on test slice (manuscript protocol),83.0,50,-6494.402122744799,1995.074326306377,0.00802775024777,0.0765113974231912,1.0560951437066404,-6487.3557117976015,-5819.892683752858,674.5094389919414,-5775.590454883992,718.8116678608076
LOSO-dep-f1,primary,best band on test slice (manuscript protocol),83.0,50,-5718.328220425916,1995.617563884805,0.0069375619425173,0.0765113974231912,1.0560951437066404,-5711.098208041702,-5115.8871022551475,602.4411181707683,-5067.1746702188675,651.1535502070483
LOSO-dep-f2,primary,best band on test slice (manuscript protocol),83.0,50,-6148.985780612236,1996.4319692384715,0.0079286422200198,0.0765113974231912,1.0560951437066404,-6142.131160996269,-5845.10659177723,303.87918883500606,-5816.587317355294,332.3984632569427
LOSO-dep-f3,primary,best band on test slice (manuscript protocol),81.0,20,-6111.03297366777,1973.943246714889,0.0081268582755203,0.1148662041625371,2.0455896927651143,-6112.669928513167,-5476.093599980213,634.9393736875572,-5461.703378403935,649.3295952638355
LOSO-dep-f4,primary,best band on test slice (manuscript protocol),81.0,50,-5493.79390578711,1995.8811815449824,0.0065411298315163,0.0747274529236868,1.0560951437066404,-5493.79390578711,-4847.780728691141,646.0131770959688,-4826.865083204314,666.9288225827959
LOSO-nes-f0,secondary,best band on test slice (manuscript protocol),83.0,50,-5802.233884583266,1992.1121615948343,0.0071357779980178,0.0765113974231912,1.0560951437066404,-5795.660821666406,-5136.982258489192,665.2516260940747,-5086.2257808782115,716.008103705055
LOSO-nes-f1,secondary,best band on test slice (manuscript protocol),83.0,50,-10113.892699804022,1994.8274067851396,0.0686818632309217,0.0765113974231912,1.0560951437066404,-10106.687979012391,-9477.150375752688,636.7423240513344,-9466.051917839417,647.8407819646054
LOSO-nes-f2,secondary,best band on test slice (manuscript protocol),83.0,50,-5931.604135488643,1991.288583601128,0.0079286422200198,0.0765113974231912,1.0560951437066404,-5924.802496433049,-5481.854391043895,449.7497444447481,-5450.279122111098,481.32501337754456
LOSO-nes-f3,secondary,best band on test slice (manuscript protocol),80.0,50,-5560.758252236445,1995.847951898491,0.0065411298315163,0.0729435084241823,1.0560951437066404,-5569.873534758697,-4932.515862699047,628.2423895373977,-4913.458063388766,647.3001888476783
LOSO-nes-f4,secondary,best band on test slice (manuscript protocol),83.0,20,-5411.122535012473,1966.114504859579,0.0048562933597621,0.1185332011892963,2.083647175421209,-5476.064972029008,-4851.239402682866,559.8831323296072,-4831.054188184611,580.0683468278621
pinned,reference,best band on test slice (manuscript protocol),81.0,50,-6262.135125110266,1994.794716547284,0.006838453914767,0.0747274529236868,1.0560951437066404,-6262.135125110266,-5657.523839269246,604.6112858410197,-5623.686650983729,638.4484741265369
LOLO-dep-f0,primary,b = 50 Mbps,80.0,50,-7587.817608844569,2003.789942435806,0.0110009910802775,0.0729435084241823,1.0560951437066404,-7597.970940307255,-6837.97975221613,749.8378566284391,-6844.793074099427,743.0245347451419
LOLO-dep-f1,primary,b = 50 Mbps,70.0,50,-6525.895449748108,2035.5391013523365,0.0060455896927651,0.0411298315163528,0.7230921704658078,-6522.38494871394,-5848.455898116518,677.4395516315899,-5814.354903334656,711.5405464134519
LOLO-dep-f2,primary,b = 50 Mbps,71.0,50,-7999.952048064747,2029.7768880680612,0.0118929633300297,0.0426164519326065,0.761149653121903,-9429.407120917002,-8096.147579933757,-96.19553186900976,-7884.6877487068805,115.26429935786655
LOLO-dep-f3,primary,b = 50 Mbps,83.0,50,-5599.3078260403245,1985.6076237980728,0.0073339940535183,0.0765113974231912,1.0560951437066404,-5592.00543464054,-5197.0873104666425,402.22051557368195,-5203.02310771876,396.28471832156447
LOLO-dep-f4,primary,b = 50 Mbps,83.0,50,-7382.07524529185,1991.8857030910583,0.0113974231912784,0.0765113974231912,1.0560951437066404,-7375.398920364227,-6657.036427779845,725.0388175120042,-6638.598063274493,743.4771820173564
LOLO-nes-f0,secondary,b = 50 Mbps,52.0,50,-6281.958459241055,2067.385386105829,0.0002973240832507,0.0,0.0,-5800.398885791431,-5207.994157146635,1073.9643020944195,-5143.627831007879,1138.330628233176
LOLO-nes-f1,secondary,b = 50 Mbps,51.0,50,-7272.879898391813,2069.9236144859083,0.0046580773042616,0.0,0.0,-6872.410840199103,-6270.874892129357,1002.0050062624559,-6214.7179533510625,1058.1619450407507
LOLO-nes-f2,secondary,b = 50 Mbps,0.0,50,-6609.866506999337,2069.4565153339718,0.0014866204162537,0.0,0.0,-27253.2017257735,-24898.83736804684,-18288.970861047503,-23541.14862814944,-16931.282121150103
LOLO-nes-f3,secondary,b = 50 Mbps,0.0,50,-6612.2734640633125,2069.9981956623037,0.0014866204162537,0.0,0.0,-26860.612371789022,-24672.014559133255,-18059.74109506994,-23329.96442962227,-16717.690965558955
LOLO-nes-f4,secondary,b = 50 Mbps,71.0,50,-6040.011056274073,2034.324615205713,0.0031714568880079,0.0426164519326065,0.761149653121903,-6087.436454086798,-5415.251366269935,624.7596900041381,-5357.777602154085,682.233454119988
LOSO-dep-f0,primary,b = 50 Mbps,83.0,50,-6494.402122744799,1995.074326306377,0.00802775024777,0.0765113974231912,1.0560951437066404,-6487.3557117976015,-5819.892683752858,674.5094389919414,-5775.590454883992,718.8116678608076
LOSO-dep-f1,primary,b = 50 Mbps,83.0,50,-5718.328220425916,1995.617563884805,0.0069375619425173,0.0765113974231912,1.0560951437066404,-5711.098208041702,-5115.8871022551475,602.4411181707683,-5067.1746702188675,651.1535502070483
LOSO-dep-f2,primary,b = 50 Mbps,83.0,50,-6148.985780612236,1996.4319692384715,0.0079286422200198,0.0765113974231912,1.0560951437066404,-6142.131160996269,-5845.10659177723,303.87918883500606,-5816.587317355294,332.3984632569427
LOSO-dep-f3,primary,b = 50 Mbps,81.0,50,-6112.669928513167,1996.309304128092,0.0067393458870168,0.0747274529236868,1.0560951437066404,-6112.669928513167,-5476.093599980213,636.576328532954,-5461.703378403935,650.9665501092322
LOSO-dep-f4,primary,b = 50 Mbps,81.0,50,-5493.79390578711,1995.8811815449824,0.0065411298315163,0.0747274529236868,1.0560951437066404,-5493.79390578711,-4847.780728691141,646.0131770959688,-4826.865083204314,666.9288225827959
LOSO-nes-f0,secondary,b = 50 Mbps,83.0,50,-5802.233884583266,1992.1121615948343,0.0071357779980178,0.0765113974231912,1.0560951437066404,-5795.660821666406,-5136.982258489192,665.2516260940747,-5086.2257808782115,716.008103705055
LOSO-nes-f1,secondary,b = 50 Mbps,83.0,50,-10113.892699804022,1994.8274067851396,0.0686818632309217,0.0765113974231912,1.0560951437066404,-10106.687979012391,-9477.150375752688,636.7423240513344,-9466.051917839417,647.8407819646054
LOSO-nes-f2,secondary,b = 50 Mbps,83.0,50,-5931.604135488643,1991.288583601128,0.0079286422200198,0.0765113974231912,1.0560951437066404,-5924.802496433049,-5481.854391043895,449.7497444447481,-5450.279122111098,481.32501337754456
LOSO-nes-f3,secondary,b = 50 Mbps,80.0,50,-5560.758252236445,1995.847951898491,0.0065411298315163,0.0729435084241823,1.0560951437066404,-5569.873534758697,-4932.515862699047,628.2423895373977,-4913.458063388766,647.3001888476783
LOSO-nes-f4,secondary,b = 50 Mbps,83.0,50,-5455.968142458228,1990.793991376653,0.0035678889990089,0.0765113974231912,1.0560951437066404,-5476.064972029008,-4851.239402682866,604.7287397753616,-4831.054188184611,624.9139542736166
pinned,reference,b = 50 Mbps,81.0,50,-6262.135125110266,1994.794716547284,0.006838453914767,0.0747274529236868,1.0560951437066404,-6262.135125110266,-5657.523839269246,604.6112858410197,-5623.686650983729,638.4484741265369
