set,controller,experiment,metric,tier,n_seeds,seed_sd_pinned,seed_range_pinned,seed_sd_median_over_worlds,pinned_seed_mean,calibration_median_of_seed_means,calibration_min_of_seed_means,calibration_max_of_seed_means,calibration_range_of_seed_means
S1,MAPPO,A,reward,primary,8,104.49997980607579,334.9316866263962,99.47370607820689,-5657.523839269246,-5832.499637765044,-8096.147579933757,-4847.780728691141,3248.3668512426157
S1,MAPPO,A,reward,secondary,8,104.49997980607579,334.9316866263962,136.46653463930744,-5657.523839269246,-5448.552878656915,-24898.83736804684,-4851.239402682866,20047.597965363973
S1,MAPPO,A,energy_wh,primary,8,3.713880770494346,12.116781415086052,3.728326978315154,1966.3727034317217,1967.4150244037337,1963.4364916546406,1981.5650177925777,18.128526137937115
S1,MAPPO,A,energy_wh,secondary,8,3.713880770494346,12.116781415086052,3.8658858838258627,1966.3727034317217,1976.897966261164,1963.2187392432306,2036.1050161419384,72.88627689870782
S1,MAPPO,A,qos_violation_rate,primary,8,0.00052975469160045,0.001585728444004,0.00047604288343351334,0.005401387512388462,0.006342913776015813,0.0053766105054509,0.014729930624380525,0.009353320118929625
S1,MAPPO,A,qos_violation_rate,secondary,8,0.00052975469160045,0.001585728444004,0.0005087660445453725,0.005401387512388462,0.005915510406342869,0.0020069375619424625,0.07086223984142714,0.06885530227948468
S1,MAPPO,B,reward,primary,8,104.49997980607579,334.9316866263962,93.87209810595137,-5657.523839269246,-5828.671394358469,-8054.886814438535,-4862.764247025867,3192.122567412668
S1,MAPPO,B,reward,secondary,8,104.49997980607579,334.9316866263962,157.38275245796325,-5657.523839269246,-5457.1926602642,-31245.19945459086,-4866.3985543073195,26378.80090028354
S1,MAPPO,B,energy_wh,primary,8,3.713880770494346,12.116781415086052,3.6350950726277196,1966.3727034317217,1967.6076010099332,1963.8015057440853,1980.3927603627053,16.59125461862004
S1,MAPPO,B,energy_wh,secondary,8,3.713880770494346,12.116781415086052,3.3130285835755693,1966.3727034317217,1969.9902465070418,1963.573646405197,2004.1932508512843,40.61960444608735
S1,MAPPO,B,qos_violation_rate,primary,8,0.00052975469160045,0.001585728444004,0.0005023948944053954,0.005401387512388462,0.006342913776015825,0.005401387512388462,0.014630822596630275,0.009229435084241813
S1,MAPPO,B,qos_violation_rate,secondary,8,0.00052975469160045,0.001585728444004,0.0005824541270002615,0.005401387512388462,0.005940287413280431,0.0021060455896927126,0.0972993062438057,0.09519326065411299
S1,IPPO,A,reward,primary,8,117.29011498704854,366.61516990497967,117.34281416918108,-5813.634506367993,-5930.224884539659,-8573.054472398428,-5085.462323024194,3487.5921493742335
S1,IPPO,A,reward,secondary,8,117.29011498704854,366.61516990497967,119.68381176790766,-5813.634506367993,-5564.316132979052,-23173.66168738057,-5083.544507355149,18090.11718002542
S1,IPPO,A,energy_wh,primary,8,5.130340064219293,17.575223464214332,5.0962564819488065,1973.6191693088936,1974.7445329913392,1970.226324765988,1992.7526191246805,22.52629435869244
S1,IPPO,A,energy_wh,secondary,8,5.130340064219293,17.575223464214332,5.140801919311659,1973.6191693088936,1984.4523786294096,1970.0403582126062,2035.7686423769485,65.72828416434231
S1,IPPO,A,qos_violation_rate,primary,8,0.0004751208549029574,0.0013875123885034998,0.00047261575402493983,0.005735877106045525,0.006671209117938512,0.0056987115956392,0.01599355797819619,0.01029484638255699
S1,IPPO,A,qos_violation_rate,secondary,8,0.0004751208549029574,0.0013875123885034998,0.0004751208549029646,0.005735877106045525,0.0062995540138750935,0.0023042616451932002,0.06746778989098114,0.06516352824578793
S1,IPPO,B,reward,primary,8,117.29011498704854,366.61516990497967,118.50597310109447,-5813.634506367993,-5930.2436234944325,-8678.352327911647,-5085.291843037012,3593.060484874635
S1,IPPO,B,reward,secondary,8,117.29011498704854,366.61516990497967,121.27975634457826,-5813.634506367993,-5566.114609421289,-30310.41625788564,-5083.364100802326,25227.052157083315
S1,IPPO,B,energy_wh,primary,8,5.130340064219293,17.575223464214332,5.0952147386205535,1973.6191693088936,1974.7413944036884,1970.22678471881,1992.7480695689146,22.52128485010462
S1,IPPO,B,energy_wh,secondary,8,5.130340064219293,17.575223464214332,4.538597009012757,1973.6191693088936,1977.9240586726196,1970.0370395508635,2015.0086749537518,44.971635402888296
S1,IPPO,B,qos_violation_rate,primary,8,0.0004751208549029574,0.0013875123885034998,0.00047261575402493983,0.005735877106045525,0.006671209117938512,0.0056987115956392,0.01651387512388499,0.01081516352824579
S1,IPPO,B,qos_violation_rate,secondary,8,0.0004751208549029574,0.0013875123885034998,0.0004751208549029719,0.005735877106045525,0.0062995540138750935,0.0023042616451932002,0.09360753221010898,0.09130327056491577
S1,Centralized PPO,A,reward,primary,4,4508.869424660435,9929.742361514956,4575.348958452614,-14459.29086733776,-14423.450860251975,-20779.6171529305,-10151.401240431353,10628.215912499147
S1,Centralized PPO,A,reward,secondary,4,4508.869424660435,9929.742361514956,4818.7848543329055,-14459.29086733776,-15280.234603140048,-32454.46865755724,-10660.009547498925,21794.459110058317
S1,Centralized PPO,A,energy_wh,primary,4,63.285574342189065,146.16522015778128,66.7027431690263,2129.9686568520674,2136.164578650009,2073.0205141346014,2168.955319426992,95.93480529239059
S1,Centralized PPO,A,energy_wh,secondary,4,63.285574342189065,146.16522015778128,71.62687541707129,2129.9686568520674,2142.5111778850633,2118.1532668456366,2206.54181394075,88.38854709511361
S1,Centralized PPO,A,qos_violation_rate,primary,4,0.019323269854477815,0.0411298315163528,0.019310260288820186,0.0372646184340931,0.03824331020812682,0.026635282457879026,0.0661298315163528,0.03949454905847377
S1,Centralized PPO,A,qos_violation_rate,secondary,4,0.019323269854477815,0.0411298315163528,0.01935437829248454,0.0372646184340931,0.03815659068384535,0.022844400396432075,0.09938057482656093,0.07653617443012886
S1,Centralized PPO,B,reward,primary,4,4508.869424660435,9929.742361514956,4599.918107268517,-14459.29086733776,-14414.637983491255,-20967.592917294725,-10118.486750139069,10849.106167155656
S1,Centralized PPO,B,reward,secondary,4,4508.869424660435,9929.742361514956,4795.409182312862,-14459.29086733776,-15246.420434032756,-34005.40970432811,-10649.395209652925,23356.014494675183
S1,Centralized PPO,B,energy_wh,primary,4,63.285574342189065,146.16522015778128,65.91782810525339,2129.9686568520674,2135.7393068749707,2073.0819364426748,2169.1690090867714,96.08707264409668
S1,Centralized PPO,B,energy_wh,secondary,4,63.285574342189065,146.16522015778128,71.41303484737199,2129.9686568520674,2140.1626914847216,2118.5861501070895,2207.2221357804633,88.63598567337385
S1,Centralized PPO,B,qos_violation_rate,primary,4,0.019323269854477815,0.0411298315163528,0.019323269854477826,0.0372646184340931,0.0380574826560951,0.02641228939544095,0.06687314172447965,0.040460852329038705
S1,Centralized PPO,B,qos_violation_rate,secondary,4,0.019323269854477815,0.0411298315163528,0.019480199343504128,0.0372646184340931,0.038045094152626316,0.022869177403369627,0.10275024777006933,0.0798810703666997
S1,Hysteresis (fixed),A,reward,primary,1,,0.0,,-6262.135125110266,-6314.743436396935,-9429.407120917002,-5493.79390578711,3935.6132151298916
S1,Hysteresis (fixed),A,reward,secondary,1,,0.0,,-6262.135125110266,-6006.119475259924,-27253.2017257735,-5476.064972029008,21777.13675374449
S1,Hysteresis (fixed),A,energy_wh,primary,1,,0.0,,1994.794716547284,1996.1558809690873,1986.890087595799,2019.2437824575795,32.35369486178047
S1,Hysteresis (fixed),A,energy_wh,secondary,1,,0.0,,1994.794716547284,1999.2167936796654,1991.3269135667056,2036.3241593689768,44.99724580227121
S1,Hysteresis (fixed),A,qos_violation_rate,primary,1,,0.0,,0.006838453914767,0.0077799801783944005,0.0065411298315163,0.0189296333002973,0.012388503468780999
S1,Hysteresis (fixed),A,qos_violation_rate,secondary,1,,0.0,,0.006838453914767,0.007433102081268499,0.0033696729435084,0.0817641228939544,0.078394449950446
S1,Hysteresis (fixed),B,reward,primary,1,,0.0,,-6262.135125110266,-6314.743436396935,-9429.407120917002,-5493.79390578711,3935.6132151298916
S1,Hysteresis (fixed),B,reward,secondary,1,,0.0,,-6262.135125110266,-6006.119475259924,-27253.2017257735,-5476.064972029008,21777.13675374449
S1,Hysteresis (fixed),B,energy_wh,primary,1,,0.0,,1994.794716547284,1996.1558809690873,1986.890087595799,2019.2437824575795,32.35369486178047
S1,Hysteresis (fixed),B,energy_wh,secondary,1,,0.0,,1994.794716547284,1999.2167936796654,1991.3269135667056,2036.3241593689768,44.99724580227121
S1,Hysteresis (fixed),B,qos_violation_rate,primary,1,,0.0,,0.006838453914767,0.0077799801783944005,0.0065411298315163,0.0189296333002973,0.012388503468780999
S1,Hysteresis (fixed),B,qos_violation_rate,secondary,1,,0.0,,0.006838453914767,0.007433102081268499,0.0033696729435084,0.0817641228939544,0.078394449950446
S1,Always-DPDK,A,reward,primary,1,,0.0,,-7201.084827726418,-7235.04965955694,-8334.108215439921,-6603.20587495228,1730.9023404876407
S1,Always-DPDK,A,reward,secondary,1,,0.0,,-7201.084827726418,-6615.909401331526,-10998.911792864252,-6281.958459241055,4716.953333623197
S1,Always-DPDK,A,energy_wh,primary,1,,0.0,,2070.724111926966,2070.946427101744,2067.534431932834,2073.34951097384,5.815079041005902
S1,Always-DPDK,A,energy_wh,secondary,1,,0.0,,2070.724111926966,2069.69006490994,2067.385386105829,2072.1931698305325,4.807783724703313
S1,Always-DPDK,A,qos_violation_rate,primary,1,,0.0,,0.0037661050545094,0.0046580773042616,0.0037661050545094,0.00802775024777,0.004261645193260601
S1,Always-DPDK,A,qos_violation_rate,secondary,1,,0.0,,0.0037661050545094,0.00262636273538155,0.0002973240832507,0.0655104063429137,0.065213082259663
S1,Always-DPDK,B,reward,primary,1,,0.0,,-7201.084827726418,-7235.04965955694,-8334.108215439921,-6603.20587495228,1730.9023404876407
S1,Always-DPDK,B,reward,secondary,1,,0.0,,-7201.084827726418,-6615.909401331526,-10998.911792864252,-6281.958459241055,4716.953333623197
S1,Always-DPDK,B,energy_wh,primary,1,,0.0,,2070.724111926966,2070.946427101744,2067.534431932834,2073.34951097384,5.815079041005902
S1,Always-DPDK,B,energy_wh,secondary,1,,0.0,,2070.724111926966,2069.69006490994,2067.385386105829,2072.1931698305325,4.807783724703313
S1,Always-DPDK,B,qos_violation_rate,primary,1,,0.0,,0.0037661050545094,0.0046580773042616,0.0037661050545094,0.00802775024777,0.004261645193260601
S1,Always-DPDK,B,qos_violation_rate,secondary,1,,0.0,,0.0037661050545094,0.00262636273538155,0.0002973240832507,0.0655104063429137,0.065213082259663
S1,Always-USR (supplementary),A,reward,primary,1,,0.0,,-185290.4194098094,-186156.2608845322,-204489.8212292377,-135669.0422898646,68820.77893937312
S1,Always-USR (supplementary),A,reward,secondary,1,,0.0,,-185290.4194098094,-192591.9803074143,-281487.1002320916,-126313.02568431644,155174.07454777518
S1,Always-USR (supplementary),A,energy_wh,primary,1,,0.0,,5269.795548168881,5258.554107481446,4483.166659526583,5463.029095997682,979.8624364710986
S1,Always-USR (supplementary),A,energy_wh,secondary,1,,0.0,,5269.795548168881,5354.479097692783,5037.457938720656,6088.912322017541,1051.4543832968848
S1,Always-USR (supplementary),A,qos_violation_rate,primary,1,,0.0,,0.7025768087215064,0.7025768087215064,0.555599603567889,0.8617443012884044,0.30614469772051545
S1,Always-USR (supplementary),A,qos_violation_rate,secondary,1,,0.0,,0.7025768087215064,0.706392467789891,0.5473736372646184,1.0,0.4526263627353816
S1,Always-USR (supplementary),B,reward,primary,1,,0.0,,-185290.4194098094,-186156.2608845322,-204489.8212292377,-135669.0422898646,68820.77893937312
S1,Always-USR (supplementary),B,reward,secondary,1,,0.0,,-185290.4194098094,-192591.9803074143,-281487.1002320916,-126313.02568431644,155174.07454777518
S1,Always-USR (supplementary),B,energy_wh,primary,1,,0.0,,5269.795548168881,5258.554107481446,4483.166659526583,5463.029095997682,979.8624364710986
S1,Always-USR (supplementary),B,energy_wh,secondary,1,,0.0,,5269.795548168881,5354.479097692783,5037.457938720656,6088.912322017541,1051.4543832968848
S1,Always-USR (supplementary),B,qos_violation_rate,primary,1,,0.0,,0.7025768087215064,0.7025768087215064,0.555599603567889,0.8617443012884044,0.30614469772051545
S1,Always-USR (supplementary),B,qos_violation_rate,secondary,1,,0.0,,0.7025768087215064,0.706392467789891,0.5473736372646184,1.0,0.4526263627353816
S2,MAPPO,A,reward,primary,8,21.985379892563145,75.06831069936106,31.579071769014966,-5623.686650983729,-5794.9726791093235,-7884.6877487068805,-4826.865083204314,3057.8226655025665
S2,MAPPO,A,reward,secondary,8,21.985379892563145,75.06831069936106,31.05008930077998,-5623.686650983729,-5404.028362132592,-23541.14862814944,-4831.054188184611,18710.09443996483
S2,MAPPO,A,energy_wh,primary,8,4.729613169338635,16.39133460832909,4.745729433469549,1967.3074618413327,1968.485581871375,1964.5626747593928,1982.2992473137242,17.73657255433136
S2,MAPPO,A,energy_wh,secondary,8,4.729613169338635,16.39133460832909,3.7737262791197543,1967.3074618413327,1977.5798237299628,1964.4917173311226,2041.494836319153,77.00311898803034
S2,MAPPO,A,qos_violation_rate,primary,8,0.0001474774646467661,0.0004955401387513004,0.00014747746464676597,0.005178394449950387,0.006163280475718494,0.005178394449950387,0.013813181367690738,0.008634786917740351
S2,MAPPO,A,qos_violation_rate,secondary,8,0.0001474774646467661,0.0004955401387513004,0.00014747746464676586,0.005178394449950387,0.0057234886025767625,0.001684836471754175,0.0668979187314172,0.06521308225966303
S2,MAPPO,B,reward,primary,8,21.985379892563145,75.06831069936106,25.70757333781237,-5623.686650983729,-5795.724597857568,-7861.020532351558,-4828.3503216875,3032.6702106640587
S2,MAPPO,B,reward,secondary,8,21.985379892563145,75.06831069936106,30.884934136173364,-5623.686650983729,-5401.381195757736,-30562.668477124345,-4832.30142840143,25730.367048722917
S2,MAPPO,B,energy_wh,primary,8,4.729613169338635,16.39133460832909,4.661791693377486,1967.3074618413327,1968.5449593985777,1964.699566955333,1981.0236718296096,16.3241048742766
S2,MAPPO,B,energy_wh,secondary,8,4.729613169338635,16.39133460832909,4.142712675495999,1967.3074618413327,1970.676563257991,1964.5747519303338,2003.7939372634082,39.21918533307439
S2,MAPPO,B,qos_violation_rate,primary,8,0.0001474774646467661,0.0004955401387513004,0.00014747746464676597,0.005178394449950387,0.006163280475718494,0.005178394449950387,0.013788404360753174,0.008610009910802787
S2,MAPPO,B,qos_violation_rate,secondary,8,0.0001474774646467661,0.0004955401387513004,0.00014747746464675152,0.005178394449950387,0.0057234886025767625,0.0017096134786917375,0.09475966303270561,0.09305004955401387
S2,IPPO,A,reward,primary,8,6911.858653814619,19610.41440723707,6853.953669386335,-8235.587306394558,-8354.9204609401,-10812.858982437396,-7365.569232262893,3447.289750174503
S2,IPPO,A,reward,secondary,8,6911.858653814619,19610.41440723707,6978.081056316593,-8235.587306394558,-8023.233320895445,-25671.422673111727,-7217.552267216122,18453.870405895606
S2,IPPO,A,energy_wh,primary,8,148.46088572339144,426.6574108503635,145.68718181271794,2026.354053783426,2026.9822123251734,2019.563787987185,2043.8807175952925,24.316929608107557
S2,IPPO,A,energy_wh,secondary,8,148.46088572339144,426.6574108503635,145.13382902477946,2026.354053783426,2035.4077643845317,2022.2134250222118,2090.5439898114782,68.33056478926642
S2,IPPO,A,qos_violation_rate,primary,8,0.025596387055159767,0.0729435084241823,0.0255963870551598,0.01465559960356785,0.015621902874132763,0.014259167492566874,0.024777006937561873,0.010517839444994998
S2,IPPO,A,qos_violation_rate,secondary,8,0.025596387055159767,0.0729435084241823,0.02564398417166691,0.01465559960356785,0.015262636273538112,0.01100099108027745,0.07597869177403364,0.06497770069375619
S2,IPPO,B,reward,primary,8,6911.858653814619,19610.41440723707,6856.396124956587,-8235.587306394558,-8355.125260514704,-10913.937526828362,-7365.641907415703,3548.295619412659
S2,IPPO,B,reward,secondary,8,6911.858653814619,19610.41440723707,6980.438829237442,-8235.587306394558,-8025.1309002688595,-32473.769688048647,-7217.626018156988,25256.14366989166
S2,IPPO,B,energy_wh,primary,8,148.46088572339144,426.6574108503635,145.67339100298508,2026.354053783426,2026.9854108144668,2019.5989412867214,2043.8732356117844,24.27429432506301
S2,IPPO,B,energy_wh,secondary,8,148.46088572339144,426.6574108503635,145.06529778520965,2026.354053783426,2027.71987908402,2022.295966608481,2070.0763126595893,47.78034605110838
S2,IPPO,B,qos_violation_rate,primary,8,0.025596387055159767,0.0729435084241823,0.0255963870551598,0.01465559960356785,0.015621902874132763,0.014259167492566874,0.02524777006937557,0.010988602576808696
S2,IPPO,B,qos_violation_rate,secondary,8,0.025596387055159767,0.0729435084241823,0.025726660750767405,0.01465559960356785,0.015262636273538112,0.01100099108027745,0.1013999008919722,0.09039890981169475
S2,Centralized PPO,A,reward,primary,8,6930.593794470888,20453.30868951827,7094.976214254661,-15025.129064598312,-15069.557729506017,-23690.279796312192,-9939.157531413111,13751.12226489908
S2,Centralized PPO,A,reward,secondary,8,6930.593794470888,20453.30868951827,7670.272304900433,-15025.129064598312,-16046.040644877728,-39048.800813781025,-10793.51512680647,28255.285686974556
S2,Centralized PPO,A,energy_wh,primary,8,78.79778290499132,238.5580901216249,81.0057338708468,2131.5922691547075,2137.7613864542845,2060.69731077755,2183.718812653328,123.02150187577809
S2,Centralized PPO,A,energy_wh,secondary,8,78.79778290499132,238.5580901216249,89.29820547618093,2131.5922691547075,2145.4152126458594,2117.9122945702547,2228.784562506846,110.87226793659147
S2,Centralized PPO,A,qos_violation_rate,primary,8,0.030344145151349262,0.0912784935579782,0.03068387319578246,0.04032457879088201,0.041173191278493504,0.027613974231912752,0.07832011892963328,0.05070614469772053
S2,Centralized PPO,A,qos_violation_rate,secondary,8,0.030344145151349262,0.0912784935579782,0.031251423312545226,0.04032457879088201,0.0415076808721506,0.02376114965312185,0.12103567888999006,0.09727452923686822
S2,Centralized PPO,B,reward,primary,8,6930.593794470888,20453.30868951827,7072.680488347711,-15025.129064598312,-15040.208206772553,-23761.34270438613,-9963.10987693337,13798.23282745276
S2,Centralized PPO,B,reward,secondary,8,6930.593794470888,20453.30868951827,7603.7303231282185,-15025.129064598312,-15995.645027031554,-39071.98561094235,-10840.847488135241,28231.138122807108
S2,Centralized PPO,B,energy_wh,primary,8,78.79778290499132,238.5580901216249,82.4913447632475,2131.5922691547075,2138.7517449448746,2061.305551735811,2183.792156638092,122.48660490228076
S2,Centralized PPO,B,energy_wh,secondary,8,78.79778290499132,238.5580901216249,88.01595070165212,2131.5922691547075,2143.2724384048,2117.137254734994,2225.965833673781,108.82857893878736
S2,Centralized PPO,B,qos_violation_rate,primary,8,0.030344145151349262,0.0912784935579782,0.030344145151349262,0.04032457879088201,0.04115460852329036,0.027849355797819574,0.0787537165510406,0.05090436075322103
S2,Centralized PPO,B,qos_violation_rate,secondary,8,0.030344145151349262,0.0912784935579782,0.031085201581308633,0.04032457879088201,0.041272299306243765,0.024046085232903795,0.12122150644202176,0.09717542120911796
S2,Hysteresis (fixed),A,reward,primary,1,,0.0,,-6262.135125110266,-6314.743436396935,-9429.407120917002,-5493.79390578711,3935.6132151298916
S2,Hysteresis (fixed),A,reward,secondary,1,,0.0,,-6262.135125110266,-6006.119475259924,-27253.2017257735,-5476.064972029008,21777.13675374449
S2,Hysteresis (fixed),A,energy_wh,primary,1,,0.0,,1994.794716547284,1996.1558809690873,1986.890087595799,2019.2437824575795,32.35369486178047
S2,Hysteresis (fixed),A,energy_wh,secondary,1,,0.0,,1994.794716547284,1999.2167936796654,1991.3269135667056,2036.3241593689768,44.99724580227121
S2,Hysteresis (fixed),A,qos_violation_rate,primary,1,,0.0,,0.006838453914767,0.0077799801783944005,0.0065411298315163,0.0189296333002973,0.012388503468780999
S2,Hysteresis (fixed),A,qos_violation_rate,secondary,1,,0.0,,0.006838453914767,0.007433102081268499,0.0033696729435084,0.0817641228939544,0.078394449950446
S2,Hysteresis (fixed),B,reward,primary,1,,0.0,,-6262.135125110266,-6314.743436396935,-9429.407120917002,-5493.79390578711,3935.6132151298916
S2,Hysteresis (fixed),B,reward,secondary,1,,0.0,,-6262.135125110266,-6006.119475259924,-27253.2017257735,-5476.064972029008,21777.13675374449
S2,Hysteresis (fixed),B,energy_wh,primary,1,,0.0,,1994.794716547284,1996.1558809690873,1986.890087595799,2019.2437824575795,32.35369486178047
S2,Hysteresis (fixed),B,energy_wh,secondary,1,,0.0,,1994.794716547284,1999.2167936796654,1991.3269135667056,2036.3241593689768,44.99724580227121
S2,Hysteresis (fixed),B,qos_violation_rate,primary,1,,0.0,,0.006838453914767,0.0077799801783944005,0.0065411298315163,0.0189296333002973,0.012388503468780999
S2,Hysteresis (fixed),B,qos_violation_rate,secondary,1,,0.0,,0.006838453914767,0.007433102081268499,0.0033696729435084,0.0817641228939544,0.078394449950446
S2,Always-DPDK,A,reward,primary,1,,0.0,,-7201.084827726418,-7235.04965955694,-8334.108215439921,-6603.20587495228,1730.9023404876407
S2,Always-DPDK,A,reward,secondary,1,,0.0,,-7201.084827726418,-6615.909401331526,-10998.911792864252,-6281.958459241055,4716.953333623197
S2,Always-DPDK,A,energy_wh,primary,1,,0.0,,2070.724111926966,2070.946427101744,2067.534431932834,2073.34951097384,5.815079041005902
S2,Always-DPDK,A,energy_wh,secondary,1,,0.0,,2070.724111926966,2069.69006490994,2067.385386105829,2072.1931698305325,4.807783724703313
S2,Always-DPDK,A,qos_violation_rate,primary,1,,0.0,,0.0037661050545094,0.0046580773042616,0.0037661050545094,0.00802775024777,0.004261645193260601
S2,Always-DPDK,A,qos_violation_rate,secondary,1,,0.0,,0.0037661050545094,0.00262636273538155,0.0002973240832507,0.0655104063429137,0.065213082259663
S2,Always-DPDK,B,reward,primary,1,,0.0,,-7201.084827726418,-7235.04965955694,-8334.108215439921,-6603.20587495228,1730.9023404876407
S2,Always-DPDK,B,reward,secondary,1,,0.0,,-7201.084827726418,-6615.909401331526,-10998.911792864252,-6281.958459241055,4716.953333623197
S2,Always-DPDK,B,energy_wh,primary,1,,0.0,,2070.724111926966,2070.946427101744,2067.534431932834,2073.34951097384,5.815079041005902
S2,Always-DPDK,B,energy_wh,secondary,1,,0.0,,2070.724111926966,2069.69006490994,2067.385386105829,2072.1931698305325,4.807783724703313
S2,Always-DPDK,B,qos_violation_rate,primary,1,,0.0,,0.0037661050545094,0.0046580773042616,0.0037661050545094,0.00802775024777,0.004261645193260601
S2,Always-DPDK,B,qos_violation_rate,secondary,1,,0.0,,0.0037661050545094,0.00262636273538155,0.0002973240832507,0.0655104063429137,0.065213082259663
S2,Shared-PPO,A,reward,primary,8,77.31181676261698,254.40460810907553,84.35440725666997,-5706.58074422372,-5872.148925765103,-8454.791320570212,-4859.210268681762,3595.58105188845
S2,Shared-PPO,A,reward,secondary,8,77.31181676261698,254.40460810907553,108.55970643742933,-5706.58074422372,-5500.376539171166,-24961.151486659688,-4861.159922396995,20099.991564262695
S2,Shared-PPO,A,energy_wh,primary,8,9.82278934991677,28.823655023778656,9.729830674141152,1963.1008901236278,1964.2582228179226,1960.3174684039639,1978.9217588900865,18.604290486122636
S2,Shared-PPO,A,energy_wh,secondary,8,9.82278934991677,28.823655023778656,7.396719229153477,1963.1008901236278,1974.7937942700642,1959.7154290220574,2041.6045257450032,81.88909672294585
S2,Shared-PPO,A,qos_violation_rate,primary,8,0.0006187877224027971,0.0020812685827552996,0.0006187877224027908,0.00566154608523285,0.006609266600594606,0.005550049554013825,0.016179385530227915,0.010629335976214089
S2,Shared-PPO,A,qos_violation_rate,secondary,8,0.0006187877224027971,0.0020812685827552996,0.0006417470286862697,0.00566154608523285,0.006219028741328,0.0021927651139741627,0.07042864222001977,0.0682358771060456
S2,Shared-PPO,B,reward,primary,8,77.31181676261698,254.40460810907553,84.59012996793655,-5706.58074422372,-5872.03826377521,-8467.695885298777,-4860.257371732585,3607.4385135661923
S2,Shared-PPO,B,reward,secondary,8,77.31181676261698,254.40460810907553,108.78959473312725,-5706.58074422372,-5501.488434951905,-32587.91806137408,-4862.012051051199,27725.90601032288
S2,Shared-PPO,B,energy_wh,primary,8,9.82278934991677,28.823655023778656,9.653305104343062,1963.1008901236278,1964.328742280122,1960.525200085462,1978.3448052377423,17.819605152280246
S2,Shared-PPO,B,energy_wh,secondary,8,9.82278934991677,28.823655023778656,8.390590754495317,1963.1008901236278,1967.3454439483032,1959.8009783746313,2004.4186709747514,44.61769260012011
S2,Shared-PPO,B,qos_violation_rate,primary,8,0.0006187877224027971,0.0020812685827552996,0.0006187877224027908,0.00566154608523285,0.006609266600594606,0.005550049554013825,0.016303270564915723,0.010753221010901898
S2,Shared-PPO,B,qos_violation_rate,secondary,8,0.0006187877224027971,0.0020812685827552996,0.0006417470286862697,0.00566154608523285,0.006219028741328,0.0021927651139741627,0.1021927651139742,0.10000000000000003
S2,Always-USR (supplementary),A,reward,primary,1,,0.0,,-185290.4194098094,-186156.2608845322,-204489.8212292377,-135669.0422898646,68820.77893937312
S2,Always-USR (supplementary),A,reward,secondary,1,,0.0,,-185290.4194098094,-192591.9803074143,-281487.1002320916,-126313.02568431644,155174.07454777518
S2,Always-USR (supplementary),A,energy_wh,primary,1,,0.0,,5269.795548168881,5258.554107481446,4483.166659526583,5463.029095997682,979.8624364710986
S2,Always-USR (supplementary),A,energy_wh,secondary,1,,0.0,,5269.795548168881,5354.479097692783,5037.457938720656,6088.912322017541,1051.4543832968848
S2,Always-USR (supplementary),A,qos_violation_rate,primary,1,,0.0,,0.7025768087215064,0.7025768087215064,0.555599603567889,0.8617443012884044,0.30614469772051545
S2,Always-USR (supplementary),A,qos_violation_rate,secondary,1,,0.0,,0.7025768087215064,0.706392467789891,0.5473736372646184,1.0,0.4526263627353816
S2,Always-USR (supplementary),B,reward,primary,1,,0.0,,-185290.4194098094,-186156.2608845322,-204489.8212292377,-135669.0422898646,68820.77893937312
S2,Always-USR (supplementary),B,reward,secondary,1,,0.0,,-185290.4194098094,-192591.9803074143,-281487.1002320916,-126313.02568431644,155174.07454777518
S2,Always-USR (supplementary),B,energy_wh,primary,1,,0.0,,5269.795548168881,5258.554107481446,4483.166659526583,5463.029095997682,979.8624364710986
S2,Always-USR (supplementary),B,energy_wh,secondary,1,,0.0,,5269.795548168881,5354.479097692783,5037.457938720656,6088.912322017541,1051.4543832968848
S2,Always-USR (supplementary),B,qos_violation_rate,primary,1,,0.0,,0.7025768087215064,0.7025768087215064,0.555599603567889,0.8617443012884044,0.30614469772051545
S2,Always-USR (supplementary),B,qos_violation_rate,secondary,1,,0.0,,0.7025768087215064,0.706392467789891,0.5473736372646184,1.0,0.4526263627353816
S3,MAPPO,A,reward,primary,8,92.10132293795776,312.3215872068413,99.6246381468898,-5647.234621590469,-5818.40542977937,-7944.094285084488,-4833.764283904898,3110.33000117959
S3,MAPPO,A,reward,secondary,8,92.10132293795776,312.3215872068413,125.38817721592586,-5647.234621590469,-5428.250119299764,-23564.070037475445,-4837.220254321288,18726.849783154157
S3,MAPPO,A,energy_wh,primary,8,9.31794946753124,26.505046008859836,9.293881979556396,1967.1165174262683,1968.256331196294,1964.2684490467434,1982.2619677692091,17.99351872246575
S3,MAPPO,A,energy_wh,secondary,8,9.31794946753124,26.505046008859836,9.251153153633242,1967.1165174262683,1977.3143527125494,1964.1591913761567,2040.6237677586605,76.46457638250376
S3,MAPPO,A,qos_violation_rate,primary,8,0.0006594062871643439,0.0019821605550050005,0.0006594062871643439,0.005289890981169425,0.006231417244796787,0.005289890981169425,0.014085728444003888,0.008795837462834463
S3,MAPPO,A,qos_violation_rate,secondary,8,0.0006594062871643439,0.0019821605550050005,0.0006594062871643411,0.005289890981169425,0.005834985133795788,0.00182111000991075,0.06703419226957381,0.06521308225966306
S3,MAPPO,B,reward,primary,8,92.10132293795776,312.3215872068413,99.5850088625067,-5647.234621590469,-5818.706543416081,-7930.1685836605575,-4836.166907766536,3094.001675894022
S3,MAPPO,B,reward,secondary,8,92.10132293795776,312.3215872068413,125.44403686575652,-5647.234621590469,-5426.883885771384,-30689.529058273096,-4839.951570461981,25849.577487811115
S3,MAPPO,B,energy_wh,primary,8,9.31794946753124,26.505046008859836,9.13956785154731,1967.1165174262683,1968.3862712269743,1964.4645193521847,1980.9599912002109,16.495471848026227
S3,MAPPO,B,energy_wh,secondary,8,9.31794946753124,26.505046008859836,7.892298067871372,1967.1165174262683,1970.5472397610517,1964.4109687480823,2003.7119163973605,39.300947649278214
S3,MAPPO,B,qos_violation_rate,primary,8,0.0006594062871643439,0.0019821605550050005,0.0006594062871643439,0.005289890981169425,0.006231417244796787,0.005289890981169425,0.014098116947472688,0.008808225966303262
S3,MAPPO,B,qos_violation_rate,secondary,8,0.0006594062871643439,0.0019821605550050005,0.0006594062871643381,0.005289890981169425,0.005834985133795788,0.00182111000991075,0.09521803766105048,0.09339692765113973
S3,IPPO,A,reward,primary,8,89.24918394179406,242.7881556952725,89.10601327591422,-5788.638626532553,-5908.539717117126,-8448.968327785326,-5038.44523944094,3410.5230883443855
S3,IPPO,A,reward,secondary,8,89.24918394179406,242.7881556952725,104.64275548414167,-5788.638626532553,-5543.896811442283,-23144.184687935238,-5036.709965074389,18107.474722860847
S3,IPPO,A,energy_wh,primary,8,3.1759912279350893,9.681167757662251,2.972995351491757,1973.5974551957827,1974.5110875351745,1970.1098897455413,1992.3275511732654,22.217661427724124
S3,IPPO,A,energy_wh,secondary,8,3.1759912279350893,9.681167757662251,2.66867317557506,1973.5974551957827,1983.9672142849442,1969.653331027339,2032.9097045801354,63.256373552796504
S3,IPPO,A,qos_violation_rate,primary,8,0.00042955886893042953,0.0011892963330030005,0.00040122926388076394,0.005673934588701638,0.006596878097125813,0.00559960356788895,0.015621902874132749,0.0100222993062438
S3,IPPO,A,qos_violation_rate,secondary,8,0.00042955886893042953,0.0011892963330030005,0.0004157600779278152,0.005673934588701638,0.006194251734390438,0.0022670961347868498,0.06738107036669964,0.0651139742319128
S3,IPPO,B,reward,primary,8,89.24918394179406,242.7881556952725,97.25850694014163,-5788.638626532553,-5908.811252830283,-8556.142936522832,-5055.47464476152,3500.6682917613125
S3,IPPO,B,reward,secondary,8,89.24918394179406,242.7881556952725,116.23386060124884,-5788.638626532553,-5552.440531530438,-30038.838323631317,-5053.75328768707,24985.08503594425
S3,IPPO,B,energy_wh,primary,8,3.1759912279350893,9.681167757662251,3.108625256864447,1973.5974551957827,1974.7156863629439,1970.178101260814,1992.3478495142758,22.169748253461876
S3,IPPO,B,energy_wh,secondary,8,3.1759912279350893,9.681167757662251,2.8063432919479583,1973.5974551957827,1977.8187761039912,1970.072342588984,2014.4080302565562,44.3356876675723
S3,IPPO,B,qos_violation_rate,primary,8,0.00042955886893042953,0.0011892963330030005,0.00041523273045596,0.005673934588701638,0.006596878097125813,0.005624380574826513,0.016129831516352788,0.010505450941526275
S3,IPPO,B,qos_violation_rate,secondary,8,0.00042955886893042953,0.0011892963330030005,0.0004283303778178793,0.005673934588701638,0.0062066402378592195,0.002329038652130762,0.09264122893954407,0.09031219028741332
S3,Centralized PPO,A,reward,primary,4,4508.869424660435,9929.742361514956,4575.348958452614,-14459.29086733776,-14423.450860251975,-20779.6171529305,-10151.401240431353,10628.215912499147
S3,Centralized PPO,A,reward,secondary,4,4508.869424660435,9929.742361514956,4818.7848543329055,-14459.29086733776,-15280.234603140048,-32454.46865755724,-10660.009547498925,21794.459110058317
S3,Centralized PPO,A,energy_wh,primary,4,63.285574342189065,146.16522015778128,66.7027431690263,2129.9686568520674,2136.164578650009,2073.0205141346014,2168.955319426992,95.93480529239059
S3,Centralized PPO,A,energy_wh,secondary,4,63.285574342189065,146.16522015778128,71.62687541707129,2129.9686568520674,2142.5111778850633,2118.1532668456366,2206.54181394075,88.38854709511361
S3,Centralized PPO,A,qos_violation_rate,primary,4,0.019323269854477815,0.0411298315163528,0.019310260288820186,0.0372646184340931,0.03824331020812682,0.026635282457879026,0.0661298315163528,0.03949454905847377
S3,Centralized PPO,A,qos_violation_rate,secondary,4,0.019323269854477815,0.0411298315163528,0.01935437829248454,0.0372646184340931,0.03815659068384535,0.022844400396432075,0.09938057482656093,0.07653617443012886
S3,Centralized PPO,B,reward,primary,4,4508.869424660435,9929.742361514956,4599.918107268517,-14459.29086733776,-14414.637983491255,-20967.592917294725,-10118.486750139069,10849.106167155656
S3,Centralized PPO,B,reward,secondary,4,4508.869424660435,9929.742361514956,4795.409182312862,-14459.29086733776,-15246.420434032756,-34005.40970432811,-10649.395209652925,23356.014494675183
S3,Centralized PPO,B,energy_wh,primary,4,63.285574342189065,146.16522015778128,65.91782810525339,2129.9686568520674,2135.7393068749707,2073.0819364426748,2169.1690090867714,96.08707264409668
S3,Centralized PPO,B,energy_wh,secondary,4,63.285574342189065,146.16522015778128,71.41303484737199,2129.9686568520674,2140.1626914847216,2118.5861501070895,2207.2221357804633,88.63598567337385
S3,Centralized PPO,B,qos_violation_rate,primary,4,0.019323269854477815,0.0411298315163528,0.019323269854477826,0.0372646184340931,0.0380574826560951,0.02641228939544095,0.06687314172447965,0.040460852329038705
S3,Centralized PPO,B,qos_violation_rate,secondary,4,0.019323269854477815,0.0411298315163528,0.019480199343504128,0.0372646184340931,0.038045094152626316,0.022869177403369627,0.10275024777006933,0.0798810703666997
S3,Hysteresis (fixed),A,reward,primary,1,,0.0,,-6262.135125110266,-6314.743436396935,-9429.407120917002,-5493.79390578711,3935.6132151298916
S3,Hysteresis (fixed),A,reward,secondary,1,,0.0,,-6262.135125110266,-6006.119475259924,-27253.2017257735,-5476.064972029008,21777.13675374449
S3,Hysteresis (fixed),A,energy_wh,primary,1,,0.0,,1994.794716547284,1996.1558809690873,1986.890087595799,2019.2437824575795,32.35369486178047
S3,Hysteresis (fixed),A,energy_wh,secondary,1,,0.0,,1994.794716547284,1999.2167936796654,1991.3269135667056,2036.3241593689768,44.99724580227121
S3,Hysteresis (fixed),A,qos_violation_rate,primary,1,,0.0,,0.006838453914767,0.0077799801783944005,0.0065411298315163,0.0189296333002973,0.012388503468780999
S3,Hysteresis (fixed),A,qos_violation_rate,secondary,1,,0.0,,0.006838453914767,0.007433102081268499,0.0033696729435084,0.0817641228939544,0.078394449950446
S3,Hysteresis (fixed),B,reward,primary,1,,0.0,,-6262.135125110266,-6314.743436396935,-9429.407120917002,-5493.79390578711,3935.6132151298916
S3,Hysteresis (fixed),B,reward,secondary,1,,0.0,,-6262.135125110266,-6006.119475259924,-27253.2017257735,-5476.064972029008,21777.13675374449
S3,Hysteresis (fixed),B,energy_wh,primary,1,,0.0,,1994.794716547284,1996.1558809690873,1986.890087595799,2019.2437824575795,32.35369486178047
S3,Hysteresis (fixed),B,energy_wh,secondary,1,,0.0,,1994.794716547284,1999.2167936796654,1991.3269135667056,2036.3241593689768,44.99724580227121
S3,Hysteresis (fixed),B,qos_violation_rate,primary,1,,0.0,,0.006838453914767,0.0077799801783944005,0.0065411298315163,0.0189296333002973,0.012388503468780999
S3,Hysteresis (fixed),B,qos_violation_rate,secondary,1,,0.0,,0.006838453914767,0.007433102081268499,0.0033696729435084,0.0817641228939544,0.078394449950446
S3,Always-DPDK,A,reward,primary,1,,0.0,,-7201.084827726418,-7235.04965955694,-8334.108215439921,-6603.20587495228,1730.9023404876407
S3,Always-DPDK,A,reward,secondary,1,,0.0,,-7201.084827726418,-6615.909401331526,-10998.911792864252,-6281.958459241055,4716.953333623197
S3,Always-DPDK,A,energy_wh,primary,1,,0.0,,2070.724111926966,2070.946427101744,2067.534431932834,2073.34951097384,5.815079041005902
S3,Always-DPDK,A,energy_wh,secondary,1,,0.0,,2070.724111926966,2069.69006490994,2067.385386105829,2072.1931698305325,4.807783724703313
S3,Always-DPDK,A,qos_violation_rate,primary,1,,0.0,,0.0037661050545094,0.0046580773042616,0.0037661050545094,0.00802775024777,0.004261645193260601
S3,Always-DPDK,A,qos_violation_rate,secondary,1,,0.0,,0.0037661050545094,0.00262636273538155,0.0002973240832507,0.0655104063429137,0.065213082259663
S3,Always-DPDK,B,reward,primary,1,,0.0,,-7201.084827726418,-7235.04965955694,-8334.108215439921,-6603.20587495228,1730.9023404876407
S3,Always-DPDK,B,reward,secondary,1,,0.0,,-7201.084827726418,-6615.909401331526,-10998.911792864252,-6281.958459241055,4716.953333623197
S3,Always-DPDK,B,energy_wh,primary,1,,0.0,,2070.724111926966,2070.946427101744,2067.534431932834,2073.34951097384,5.815079041005902
S3,Always-DPDK,B,energy_wh,secondary,1,,0.0,,2070.724111926966,2069.69006490994,2067.385386105829,2072.1931698305325,4.807783724703313
S3,Always-DPDK,B,qos_violation_rate,primary,1,,0.0,,0.0037661050545094,0.0046580773042616,0.0037661050545094,0.00802775024777,0.004261645193260601
S3,Always-DPDK,B,qos_violation_rate,secondary,1,,0.0,,0.0037661050545094,0.00262636273538155,0.0002973240832507,0.0655104063429137,0.065213082259663
S3,Always-USR (supplementary),A,reward,primary,1,,0.0,,-185290.4194098094,-186156.2608845322,-204489.8212292377,-135669.0422898646,68820.77893937312
S3,Always-USR (supplementary),A,reward,secondary,1,,0.0,,-185290.4194098094,-192591.9803074143,-281487.1002320916,-126313.02568431644,155174.07454777518
S3,Always-USR (supplementary),A,energy_wh,primary,1,,0.0,,5269.795548168881,5258.554107481446,4483.166659526583,5463.029095997682,979.8624364710986
S3,Always-USR (supplementary),A,energy_wh,secondary,1,,0.0,,5269.795548168881,5354.479097692783,5037.457938720656,6088.912322017541,1051.4543832968848
S3,Always-USR (supplementary),A,qos_violation_rate,primary,1,,0.0,,0.7025768087215064,0.7025768087215064,0.555599603567889,0.8617443012884044,0.30614469772051545
S3,Always-USR (supplementary),A,qos_violation_rate,secondary,1,,0.0,,0.7025768087215064,0.706392467789891,0.5473736372646184,1.0,0.4526263627353816
S3,Always-USR (supplementary),B,reward,primary,1,,0.0,,-185290.4194098094,-186156.2608845322,-204489.8212292377,-135669.0422898646,68820.77893937312
S3,Always-USR (supplementary),B,reward,secondary,1,,0.0,,-185290.4194098094,-192591.9803074143,-281487.1002320916,-126313.02568431644,155174.07454777518
S3,Always-USR (supplementary),B,energy_wh,primary,1,,0.0,,5269.795548168881,5258.554107481446,4483.166659526583,5463.029095997682,979.8624364710986
S3,Always-USR (supplementary),B,energy_wh,secondary,1,,0.0,,5269.795548168881,5354.479097692783,5037.457938720656,6088.912322017541,1051.4543832968848
S3,Always-USR (supplementary),B,qos_violation_rate,primary,1,,0.0,,0.7025768087215064,0.7025768087215064,0.555599603567889,0.8617443012884044,0.30614469772051545
S3,Always-USR (supplementary),B,qos_violation_rate,secondary,1,,0.0,,0.7025768087215064,0.706392467789891,0.5473736372646184,1.0,0.4526263627353816
