tag,twin,world,tier,protocol,config,fold,experiment,ckpt_id,family,seed,cohorts,source,cluster,reward,energy_penalty,qos_penalty,switch_penalty,cooldown_penalty,energy_wh,energy_wh_steady,qos_violation_rate,delay_violation_rate,loss_violation_rate,qscore_below_tau_rate,usr_share,switches,switches_per_cluster_day,n_budget_violations,severity_mean,severity_max,q_shortfall_mean,seconds,band_mbps,t_up_mbps
recal,v040,LOLO-dep-f0,primary,LOLO,deployed,0,A,"Hysteresis (recalibrated, t_up=80, b=5 Mbps)|-",Hysteresis (recalibrated),0,recal,recalibrated in world LOLO-dep-f0,all,-8470.012367262332,4388.062372875851,4029.2949829864824,6.030011399999999,46.625,1991.1820750368154,1989.6745721868153,0.01565906838453915,0.010406342913776016,0.0076313181367690785,0.01565906838453915,0.13072348860257682,317,3.0160555004955403,158,8.595820471073642,298.66350073587404,0.9500622326975701,0.51,5,80.0
recal,v040,LOLO-dep-f0,primary,LOLO,deployed,0,A,"Hysteresis (recalibrated, t_up=80, b=5 Mbps)|-",Hysteresis (recalibrated),0,recal,recalibrated in world LOLO-dep-f0,0,-1338.576800608584,826.9520661562706,492.1793536523137,1.8203808,17.625,184.10977375960442,183.6546785596044,0.019821605550049554,0.004955401387512388,0.019821605550049554,0.019821605550049554,0.40634291377601583,95,9.038652130822598,20,1.6047022577860843,2.1614448765970518,0.920298922753856,0.51,5,80.0
recal,v040,LOLO-dep-f0,primary,LOLO,deployed,0,A,"Hysteresis (recalibrated, t_up=80, b=5 Mbps)|-",Hysteresis (recalibrated),0,recal,recalibrated in world LOLO-dep-f0,1,-654.9483623936567,473.02333080439655,178.23116258926012,0.5688690000000001,3.125,194.06859006035293,193.92637281035292,0.006937561942517344,0.0019821605550049554,0.006937561942517344,0.006937561942517344,0.16551040634291378,30,2.8543111992071357,7,1.7411654782101198,2.1614448765970518,0.9487198218536196,0.51,5,80.0
recal,v040,LOLO-dep-f0,primary,LOLO,deployed,0,A,"Hysteresis (recalibrated, t_up=80, b=5 Mbps)|-",Hysteresis (recalibrated),0,recal,recalibrated in world LOLO-dep-f0,2,-423.9342440258042,285.79377182580424,135.0,0.26547220000000005,2.875,208.4736532444782,208.40728519447816,0.004955401387512388,0.003964321110009911,0.004955401387512388,0.004955401387512388,0.014866204162537165,14,1.33201189296333,5,2.235521059843494,2.465327108919277,1.0,0.51,5,80.0
recal,v040,LOLO-dep-f0,primary,LOLO,deployed,0,A,"Hysteresis (recalibrated, t_up=80, b=5 Mbps)|-",Hysteresis (recalibrated),0,recal,recalibrated in world LOLO-dep-f0,3,-164.6704244596308,137.6704244596308,27.0,0.0,0.0,207.14978905309988,207.14978905309988,0.0009910802775024777,0.0009910802775024777,0.0,0.0009910802775024777,0.0,0,0.0,1,34.26503677292905,34.26503677292905,1.0,0.51,5,80.0
recal,v040,LOLO-dep-f0,primary,LOLO,deployed,0,A,"Hysteresis (recalibrated, t_up=80, b=5 Mbps)|-",Hysteresis (recalibrated),0,recal,recalibrated in world LOLO-dep-f0,4,-827.8615839937518,580.3920962852835,244.1126941084683,0.6067936,2.75,189.92050795288156,189.76880955288158,0.009910802775024777,0.0019821605550049554,0.009910802775024777,0.009910802775024777,0.19127849355797819,32,3.044598612487612,10,1.5496412937305037,1.9136070573133674,0.9137089803615609,0.51,5,80.0
recal,v040,LOLO-dep-f0,primary,LOLO,deployed,0,A,"Hysteresis (recalibrated, t_up=80, b=5 Mbps)|-",Hysteresis (recalibrated),0,recal,recalibrated in world LOLO-dep-f0,5,-510.530706595532,367.50895185168673,140.06665954384533,0.45509520000000003,2.5,201.53429197547706,201.42051817547707,0.005946481665014866,0.0019821605550049554,0.005946481665014866,0.005946481665014866,0.08622398414271557,24,2.2834489593657086,6,1.4720227660634644,1.9136070573133674,0.8781481085769185,0.51,5,80.0
recal,v040,LOLO-dep-f0,primary,LOLO,deployed,0,A,"Hysteresis (recalibrated, t_up=80, b=5 Mbps)|-",Hysteresis (recalibrated),0,recal,recalibrated in world LOLO-dep-f0,6,-1087.6279684115434,685.3206744396209,394.0333297719227,1.0239642,7.25,197.2456845829387,196.9896935329387,0.014866204162537165,0.005946481665014866,0.014866204162537165,0.014866204162537165,0.20317145688800792,54,5.137760158572845,15,38.979106852446584,298.66350073587404,0.9756296217153836,0.51,5,80.0
recal,v040,LOLO-dep-f0,primary,LOLO,deployed,0,A,"Hysteresis (recalibrated, t_up=80, b=5 Mbps)|-",Hysteresis (recalibrated),0,recal,recalibrated in world LOLO-dep-f0,7,-763.3499828099032,579.5960856379807,178.03332977192267,0.7205674,5.0,195.91555062846703,195.73540877846705,0.006937561942517344,0.0009910802775024777,0.006937561942517344,0.006937561942517344,0.17839444995044598,38,3.615460852329039,7,1.777122287197341,2.465327108919277,0.9477777608186794,0.51,5,80.0
recal,v040,LOLO-dep-f0,primary,LOLO,deployed,0,A,"Hysteresis (recalibrated, t_up=80, b=5 Mbps)|-",Hysteresis (recalibrated),0,recal,recalibrated in world LOLO-dep-f0,8,-511.73722706189415,370.90821075026844,134.76014731162567,0.5688690000000001,5.5,205.36567429911108,205.22345704911106,0.006937561942517344,0.0019821605550049554,0.006937561942517344,0.006937561942517344,0.061446977205153616,30,2.8543111992071357,7,1.0027455750020366,1.9136070573133674,0.7417149871982175,0.51,5,80.0
recal,v040,LOLO-dep-f0,primary,LOLO,deployed,0,A,"Hysteresis (recalibrated, t_up=80, b=5 Mbps)|-",Hysteresis (recalibrated),0,recal,recalibrated in world LOLO-dep-f0,9,-2186.7750669020324,80.89676066490884,2105.8783062371235,0.0,0.0,207.39855948040437,207.39855948040437,0.07928642220019821,0.07928642220019821,0.0,0.07928642220019821,0.0,0,0.0,80,7.99925701873145,87.3480118889214,0.9774492942654682,0.51,5,80.0
recal,v040,LOLO-dep-f0,primary,LOLO,deployed,0,A,"Hysteresis (recalibrated, t_up=80, b=10 Mbps)|-",Hysteresis (recalibrated),0,recal,recalibrated in world LOLO-dep-f0,all,-8365.449775475572,4392.590753661014,3932.2616532145594,5.3473686,35.25,1988.9402325450324,1987.6033903950326,0.015262636273538157,0.01020812685827552,0.007234886025768088,0.015262636273538157,0.1244796828543112,281,2.673538156590684,154,8.77521111326451,298.66350073587404,0.9511388859771772,0.51,10,80.0
recal,v040,LOLO-dep-f0,primary,LOLO,deployed,0,A,"Hysteresis (recalibrated, t_up=80, b=10 Mbps)|-",Hysteresis (recalibrated),0,recal,recalibrated in world LOLO-dep-f0,0,-1328.048449267108,831.4200998255343,481.41051624157376,1.5928332000000003,13.625,184.1109483102066,183.7127400102066,0.019821605550049554,0.004955401387512388,0.019821605550049554,0.019821605550049554,0.38057482656095143,83,7.896927651139743,20,1.5433533496775376,2.1614448765970518,0.9023508604026229,0.51,10,80.0
recal,v040,LOLO-dep-f0,primary,LOLO,deployed,0,A,"Hysteresis (recalibrated, t_up=80, b=10 Mbps)|-",Hysteresis (recalibrated),0,recal,recalibrated in world LOLO-dep-f0,1,-653.729732082707,472.5926250934467,178.23116258926012,0.5309444000000001,2.375,193.93087573406945,193.79813963406943,0.006937561942517344,0.0019821605550049554,0.006937561942517344,0.006937561942517344,0.1635282457879088,28,2.66402378592666,7,1.7411654782101198,2.1614448765970518,0.9487198218536196,0.51,10,80.0
recal,v040,LOLO-dep-f0,primary,LOLO,deployed,0,A,"Hysteresis (recalibrated, t_up=80, b=10 Mbps)|-",Hysteresis (recalibrated),0,recal,recalibrated in world LOLO-dep-f0,2,-369.8404324718186,286.4008094718186,81.0,0.189623,2.25,207.77324185838432,207.72583610838433,0.002973240832507433,0.0019821605550049554,0.002973240832507433,0.002973240832507433,0.009910802775024777,10,0.9514370664023787,3,2.082317027126305,2.465327108919277,1.0,0.51,10,80.0
recal,v040,LOLO-dep-f0,primary,LOLO,deployed,0,A,"Hysteresis (recalibrated, t_up=80, b=10 Mbps)|-",Hysteresis (recalibrated),0,recal,recalibrated in world LOLO-dep-f0,3,-164.6704244596308,137.6704244596308,27.0,0.0,0.0,207.14978905309988,207.14978905309988,0.0009910802775024777,0.0009910802775024777,0.0,0.0009910802775024777,0.0,0,0.0,1,34.26503677292905,34.26503677292905,1.0,0.51,10,80.0
recal,v040,LOLO-dep-f0,primary,LOLO,deployed,0,A,"Hysteresis (recalibrated, t_up=80, b=10 Mbps)|-",Hysteresis (recalibrated),0,recal,recalibrated in world LOLO-dep-f0,4,-883.5363713655818,581.9418836571134,298.1126941084683,0.6067936,2.875,190.2745692810954,190.1228708810954,0.011892963330029732,0.0019821605550049554,0.011892963330029732,0.011892963330029732,0.18929633300297324,32,3.044598612487612,12,1.602703897299798,1.9136070573133674,0.9280908169679675,0.51,10,80.0
recal,v040,LOLO-dep-f0,primary,LOLO,deployed,0,A,"Hysteresis (recalibrated, t_up=80, b=10 Mbps)|-",Hysteresis (recalibrated),0,recal,recalibrated in world LOLO-dep-f0,5,-509.09388323128036,367.522977687435,140.06665954384533,0.379246,1.125,201.39373609535966,201.29892459535967,0.005946481665014866,0.0019821605550049554,0.005946481665014866,0.005946481665014866,0.0802775024777007,20,1.9028741328047574,6,1.4720227660634644,1.9136070573133674,0.8781481085769185,0.51,10,80.0
recal,v040,LOLO-dep-f0,primary,LOLO,deployed,0,A,"Hysteresis (recalibrated, t_up=80, b=10 Mbps)|-",Hysteresis (recalibrated),0,recal,recalibrated in world LOLO-dep-f0,6,-1030.126006669193,684.5954110972705,340.0333297719227,0.8722658000000001,4.625,196.58368472430504,196.36561827430506,0.01288404360753221,0.005946481665014866,0.01288404360753221,0.01288404360753221,0.19226957383548068,46,4.376610505450942,13,44.74050472524779,298.66350073587404,0.9718803327485196,0.51,10,80.0
recal,v040,LOLO-dep-f0,primary,LOLO,deployed,0,A,"Hysteresis (recalibrated, t_up=80, b=10 Mbps)|-",Hysteresis (recalibrated),0,recal,recalibrated in world LOLO-dep-f0,7,-759.8644434115442,577.5613954396217,178.03332977192267,0.6447182,3.625,195.19448196996288,195.03330241996287,0.006937561942517344,0.0009910802775024777,0.006937561942517344,0.006937561942517344,0.1694747274529237,34,3.2348860257680876,7,1.777122287197341,2.465327108919277,0.9477777608186794,0.51,10,80.0
recal,v040,LOLO-dep-f0,primary,LOLO,deployed,0,A,"Hysteresis (recalibrated, t_up=80, b=10 Mbps)|-",Hysteresis (recalibrated),0,recal,recalibrated in world LOLO-dep-f0,8,-479.76496561467684,371.9883662642339,102.4956549504429,0.5309444000000001,4.75,205.1303460381449,204.99760993814488,0.004955401387512388,0.0019821605550049554,0.004955401387512388,0.004955401387512388,0.05946481665014866,28,2.66402378592666,5,1.1487471892616328,1.9136070573133674,0.783304366336286,0.51,10,80.0
recal,v040,LOLO-dep-f0,primary,LOLO,deployed,0,A,"Hysteresis (recalibrated, t_up=80, b=10 Mbps)|-",Hysteresis (recalibrated),0,recal,recalibrated in world LOLO-dep-f0,9,-2186.7750669020324,80.89676066490884,2105.8783062371235,0.0,0.0,207.39855948040437,207.39855948040437,0.07928642220019821,0.07928642220019821,0.0,0.07928642220019821,0.0,0,0.0,80,7.99925701873145,87.3480118889214,0.9774492942654682,0.51,10,80.0
recal,v040,LOLO-dep-f0,primary,LOLO,deployed,0,A,"Hysteresis (recalibrated, t_up=80, b=20 Mbps)|-",Hysteresis (recalibrated),0,recal,recalibrated in world LOLO-dep-f0,all,-7955.967727283014,4417.499959408158,3516.5348356748564,4.0579322,17.875,1985.4436696679513,1984.4291866179512,0.013577799801783945,0.009613478691774034,0.005550049554013875,0.013577799801783945,0.11199207135777998,213,2.0265609514370664,137,7.755232647443198,298.66350073587404,0.9556045828892594,0.51,20,80.0
recal,v040,LOLO-dep-f0,primary,LOLO,deployed,0,A,"Hysteresis (recalibrated, t_up=80, b=20 Mbps)|-",Hysteresis (recalibrated),0,recal,recalibrated in world LOLO-dep-f0,0,-1129.759405260812,833.6734761977583,286.9481910630535,1.137738,8.0,182.61974430332808,182.3353098033281,0.011892963330029732,0.0009910802775024777,0.011892963330029732,0.011892963330029732,0.3399405351833499,59,5.613478691774034,12,1.4955574673975318,1.9136070573133674,0.8970783085084819,0.51,20,80.0
recal,v040,LOLO-dep-f0,primary,LOLO,deployed,0,A,"Hysteresis (recalibrated, t_up=80, b=20 Mbps)|-",Hysteresis (recalibrated),0,recal,recalibrated in world LOLO-dep-f0,1,-600.6909251665553,475.2546673772952,124.23116258926012,0.45509520000000003,0.75,193.5552617845488,193.44148798454881,0.004955401387512388,0.0019821605550049554,0.004955401387512388,0.004955401387512388,0.14767096134786917,24,2.2834489593657086,5,1.6904249034356595,2.1614448765970518,0.9282077505950674,0.51,20,80.0
recal,v040,LOLO-dep-f0,primary,LOLO,deployed,0,A,"Hysteresis (recalibrated, t_up=80, b=20 Mbps)|-",Hysteresis (recalibrated),0,recal,recalibrated in world LOLO-dep-f0,2,-284.8069482165272,284.8069482165272,0.0,0.0,0.0,206.76015796674366,206.76015796674366,0.0,0.0,0.0,0.0,0.0,0,0.0,0,0.0,0.0,0.0,0.51,20,80.0
recal,v040,LOLO-dep-f0,primary,LOLO,deployed,0,A,"Hysteresis (recalibrated, t_up=80, b=20 Mbps)|-",Hysteresis (recalibrated),0,recal,recalibrated in world LOLO-dep-f0,3,-164.6704244596308,137.6704244596308,27.0,0.0,0.0,207.14978905309988,207.14978905309988,0.0009910802775024777,0.0009910802775024777,0.0,0.0009910802775024777,0.0,0,0.0,1,34.26503677292905,34.26503677292905,1.0,0.51,20,80.0
recal,v040,LOLO-dep-f0,primary,LOLO,deployed,0,A,"Hysteresis (recalibrated, t_up=80, b=20 Mbps)|-",Hysteresis (recalibrated),0,recal,recalibrated in world LOLO-dep-f0,4,-833.0091997632076,586.7405612547393,244.1126941084683,0.5309444,1.625,190.27612793042042,190.14339183042043,0.009910802775024777,0.0019821605550049554,0.009910802775024777,0.009910802775024777,0.17938553022794845,28,2.66402378592666,10,1.5496412937305037,1.9136070573133674,0.9137089803615609,0.51,20,80.0
recal,v040,LOLO-dep-f0,primary,LOLO,deployed,0,A,"Hysteresis (recalibrated, t_up=80, b=20 Mbps)|-",Hysteresis (recalibrated),0,recal,recalibrated in world LOLO-dep-f0,5,-509.8905186812535,369.1454623374082,140.06665954384533,0.3033968,0.375,201.4641404056843,201.3882912056843,0.005946481665014866,0.0019821605550049554,0.005946481665014866,0.005946481665014866,0.07333994053518335,16,1.522299306243806,6,1.4720227660634644,1.9136070573133674,0.8781481085769185,0.51,20,80.0
recal,v040,LOLO-dep-f0,primary,LOLO,deployed,0,A,"Hysteresis (recalibrated, t_up=80, b=20 Mbps)|-",Hysteresis (recalibrated),0,recal,recalibrated in world LOLO-dep-f0,6,-1012.1006100813674,695.8467129094447,313.0333297719227,0.7205674,2.5,196.02013541426265,195.83999356426267,0.011892963330029732,0.004955401387512388,0.011892963330029732,0.011892963330029732,0.17938553022794845,38,3.615460852329039,12,26.559349569445146,298.66350073587404,0.9695370271442295,0.51,20,80.0
recal,v040,LOLO-dep-f0,primary,LOLO,deployed,0,A,"Hysteresis (recalibrated, t_up=80, b=20 Mbps)|-",Hysteresis (recalibrated),0,recal,recalibrated in world LOLO-dep-f0,7,-785.1700613260007,578.1437117540779,205.03332977192267,0.4930198,1.5,194.8563894158326,194.73313446583262,0.007928642220019821,0.0019821605550049554,0.007928642220019821,0.007928642220019821,0.155599603567889,26,2.4737363726461843,8,1.7941828834618445,2.465327108919277,0.9543055407163444,0.51,20,80.0
recal,v040,LOLO-dep-f0,primary,LOLO,deployed,0,A,"Hysteresis (recalibrated, t_up=80, b=20 Mbps)|-",Hysteresis (recalibrated),0,recal,recalibrated in world LOLO-dep-f0,8,-449.09456742562713,375.321234236367,70.23116258926012,0.41717060000000006,3.125,205.34336391362638,205.23907126362639,0.002973240832507433,0.0019821605550049554,0.002973240832507433,0.002973240832507433,0.044598612487611496,22,2.093161546085233,3,1.4894176225340239,1.9136070573133674,0.8803462509917791,0.51,20,80.0
recal,v040,LOLO-dep-f0,primary,LOLO,deployed,0,A,"Hysteresis (recalibrated, t_up=80, b=20 Mbps)|-",Hysteresis (recalibrated),0,recal,recalibrated in world LOLO-dep-f0,9,-2186.7750669020324,80.89676066490884,2105.8783062371235,0.0,0.0,207.39855948040437,207.39855948040437,0.07928642220019821,0.07928642220019821,0.0,0.07928642220019821,0.0,0,0.0,80,7.99925701873145,87.3480118889214,0.9774492942654682,0.51,20,80.0
recal,v040,LOLO-dep-f0,primary,LOLO,deployed,0,A,"Hysteresis (recalibrated, t_up=80, b=50 Mbps)|-",Hysteresis (recalibrated),0,recal,recalibrated in world LOLO-dep-f0,all,-7587.817608844569,4710.49667899395,2873.32215225062,2.1237776,1.875,2003.789942435806,2003.2589980358061,0.011000991080277503,0.008622398414271556,0.002973240832507433,0.011000991080277503,0.07294350842418236,111,1.0560951437066404,111,6.509593260983875,87.3480118889214,0.9628595051803663,0.51,50,80.0
recal,v040,LOLO-dep-f0,primary,LOLO,deployed,0,A,"Hysteresis (recalibrated, t_up=80, b=50 Mbps)|-",Hysteresis (recalibrated),0,recal,recalibrated in world LOLO-dep-f0,0,-1071.8669516045964,893.2535266326738,178.03332977192267,0.45509520000000003,0.125,186.30558017983373,186.19180637983374,0.006937561942517344,0.0009910802775024777,0.006937561942517344,0.006937561942517344,0.22299306243805747,23,2.188305252725471,7,1.6983051369679252,1.9136070573133674,0.9477777608186794,0.51,50,80.0
recal,v040,LOLO-dep-f0,primary,LOLO,deployed,0,A,"Hysteresis (recalibrated, t_up=80, b=50 Mbps)|-",Hysteresis (recalibrated),0,recal,recalibrated in world LOLO-dep-f0,1,-636.4390311049922,511.82862251573215,124.23116258926012,0.379246,0.0,195.9196138427999,195.8248023427999,0.004955401387512388,0.0019821605550049554,0.004955401387512388,0.004955401387512388,0.12289395441030723,20,1.9028741328047574,5,1.6904249034356595,2.1614448765970518,0.9282077505950674,0.51,50,80.0
recal,v040,LOLO-dep-f0,primary,LOLO,deployed,0,A,"Hysteresis (recalibrated, t_up=80, b=50 Mbps)|-",Hysteresis (recalibrated),0,recal,recalibrated in world LOLO-dep-f0,2,-284.8069482165272,284.8069482165272,0.0,0.0,0.0,206.76015796674366,206.76015796674366,0.0,0.0,0.0,0.0,0.0,0,0.0,0,0.0,0.0,0.0,0.51,50,80.0
recal,v040,LOLO-dep-f0,primary,LOLO,deployed,0,A,"Hysteresis (recalibrated, t_up=80, b=50 Mbps)|-",Hysteresis (recalibrated),0,recal,recalibrated in world LOLO-dep-f0,3,-164.6704244596308,137.6704244596308,27.0,0.0,0.0,207.14978905309988,207.14978905309988,0.0009910802775024777,0.0009910802775024777,0.0,0.0009910802775024777,0.0,0,0.0,1,34.26503677292905,34.26503677292905,1.0,0.51,50,80.0
recal,v040,LOLO-dep-f0,primary,LOLO,deployed,0,A,"Hysteresis (recalibrated, t_up=80, b=50 Mbps)|-",Hysteresis (recalibrated),0,recal,recalibrated in world LOLO-dep-f0,4,-828.8025121112503,610.647647402782,217.1126941084683,0.4171706,0.625,192.13918578451467,192.03489313451468,0.008919722497522299,0.0019821605550049554,0.008919722497522299,0.008919722497522299,0.14767096134786917,22,2.093161546085233,9,1.5142662246843073,1.9136070573133674,0.9041210892906233,0.51,50,80.0
recal,v040,LOLO-dep-f0,primary,LOLO,deployed,0,A,"Hysteresis (recalibrated, t_up=80, b=50 Mbps)|-",Hysteresis (recalibrated),0,recal,recalibrated in world LOLO-dep-f0,5,-435.0929236454789,418.9837446735562,16.03332977192266,0.0758492,0.0,205.03063750547653,205.01167520547654,0.0009910802775024777,0.0,0.0009910802775024777,0.0009910802775024777,0.018830525272547076,4,0.3805748265609515,1,0.6344443257307553,0.6344443257307553,0.6344443257307553,0.51,50,80.0
recal,v040,LOLO-dep-f0,primary,LOLO,deployed,0,A,"Hysteresis (recalibrated, t_up=80, b=50 Mbps)|-",Hysteresis (recalibrated),0,recal,recalibrated in world LOLO-dep-f0,6,-897.5784110869414,745.2149861150187,151.03332977192267,0.4550952,0.875,198.45596934372483,198.3421955437248,0.005946481665014866,0.0009910802775024777,0.005946481665014866,0.005946481665014866,0.1199207135777998,24,2.2834489593657086,6,1.6700198406048676,1.9136070573133674,0.9390740542884592,0.51,50,80.0
recal,v040,LOLO-dep-f0,primary,LOLO,deployed,0,A,"Hysteresis (recalibrated, t_up=80, b=50 Mbps)|-",Hysteresis (recalibrated),0,recal,recalibrated in world LOLO-dep-f0,7,-680.4953191636253,625.9039977636251,54.0,0.3413214,0.25,197.95593168887217,197.87060133887218,0.0019821605550049554,0.0,0.0019821605550049554,0.0019821605550049554,0.09712586719524281,18,1.7125867195242817,2,1.868016915146271,1.868016915146271,1.0,0.51,50,80.0
recal,v040,LOLO-dep-f0,primary,LOLO,deployed,0,A,"Hysteresis (recalibrated, t_up=80, b=50 Mbps)|-",Hysteresis (recalibrated),0,recal,recalibrated in world LOLO-dep-f0,8,-401.29002054949524,401.29002054949524,0.0,0.0,0.0,206.67451759033645,206.67451759033645,0.0,0.0,0.0,0.0,0.0,0,0.0,0,0.0,0.0,0.0,0.51,50,80.0
recal,v040,LOLO-dep-f0,primary,LOLO,deployed,0,A,"Hysteresis (recalibrated, t_up=80, b=50 Mbps)|-",Hysteresis (recalibrated),0,recal,recalibrated in world LOLO-dep-f0,9,-2186.7750669020324,80.89676066490884,2105.8783062371235,0.0,0.0,207.39855948040437,207.39855948040437,0.07928642220019821,0.07928642220019821,0.0,0.07928642220019821,0.0,0,0.0,80,7.99925701873145,87.3480118889214,0.9774492942654682,0.51,50,80.0
recal,v040,LOLO-dep-f0,primary,LOLO,deployed,0,A,"Hysteresis (recalibrated, t_up=80, b=100 Mbps)|-",Hysteresis (recalibrated),0,recal,recalibrated in world LOLO-dep-f0,all,-8334.108215439921,6201.229909202797,2132.8783062371235,0.0,0.0,2067.534431932834,2067.534431932834,0.008027750247770069,0.008027750247770069,0.0,0.008027750247770069,0.0,0,0.0,81,8.323525904585741,87.3480118889214,0.9777276980399686,0.51,100,80.0
recal,v040,LOLO-dep-f0,primary,LOLO,deployed,0,A,"Hysteresis (recalibrated, t_up=80, b=100 Mbps)|-",Hysteresis (recalibrated),0,recal,recalibrated in world LOLO-dep-f0,0,-1319.8641232306195,1319.8641232306195,0.0,0.0,0.0,206.50814520891365,206.50814520891365,0.0,0.0,0.0,0.0,0.0,0,0.0,0,0.0,0.0,0.0,0.51,100,80.0
recal,v040,LOLO-dep-f0,primary,LOLO,deployed,0,A,"Hysteresis (recalibrated, t_up=80, b=100 Mbps)|-",Hysteresis (recalibrated),0,recal,recalibrated in world LOLO-dep-f0,1,-867.6504946720125,867.6504946720125,0.0,0.0,0.0,206.63556650082234,206.63556650082234,0.0,0.0,0.0,0.0,0.0,0,0.0,0,0.0,0.0,0.0,0.51,100,80.0
recal,v040,LOLO-dep-f0,primary,LOLO,deployed,0,A,"Hysteresis (recalibrated, t_up=80, b=100 Mbps)|-",Hysteresis (recalibrated),0,recal,recalibrated in world LOLO-dep-f0,2,-284.8069482165272,284.8069482165272,0.0,0.0,0.0,206.76015796674366,206.76015796674366,0.0,0.0,0.0,0.0,0.0,0,0.0,0,0.0,0.0,0.0,0.51,100,80.0
recal,v040,LOLO-dep-f0,primary,LOLO,deployed,0,A,"Hysteresis (recalibrated, t_up=80, b=100 Mbps)|-",Hysteresis (recalibrated),0,recal,recalibrated in world LOLO-dep-f0,3,-164.6704244596308,137.6704244596308,27.0,0.0,0.0,207.14978905309988,207.14978905309988,0.0009910802775024777,0.0009910802775024777,0.0,0.0009910802775024777,0.0,0,0.0,1,34.26503677292905,34.26503677292905,1.0,0.51,100,80.0
recal,v040,LOLO-dep-f0,primary,LOLO,deployed,0,A,"Hysteresis (recalibrated, t_up=80, b=100 Mbps)|-",Hysteresis (recalibrated),0,recal,recalibrated in world LOLO-dep-f0,4,-954.8110745288593,954.8110745288593,0.0,0.0,0.0,206.58432159547002,206.58432159547002,0.0,0.0,0.0,0.0,0.0,0,0.0,0,0.0,0.0,0.0,0.51,100,80.0
recal,v040,LOLO-dep-f0,primary,LOLO,deployed,0,A,"Hysteresis (recalibrated, t_up=80, b=100 Mbps)|-",Hysteresis (recalibrated),0,recal,recalibrated in world LOLO-dep-f0,5,-442.5782762598802,442.5782762598802,0.0,0.0,0.0,206.67841855402742,206.67841855402742,0.0,0.0,0.0,0.0,0.0,0,0.0,0,0.0,0.0,0.0,0.51,100,80.0
recal,v040,LOLO-dep-f0,primary,LOLO,deployed,0,A,"Hysteresis (recalibrated, t_up=80, b=100 Mbps)|-",Hysteresis (recalibrated),0,recal,recalibrated in world LOLO-dep-f0,6,-954.9246451539677,954.9246451539677,0.0,0.0,0.0,206.56497147877525,206.56497147877525,0.0,0.0,0.0,0.0,0.0,0,0.0,0,0.0,0.0,0.0,0.51,100,80.0
recal,v040,LOLO-dep-f0,primary,LOLO,deployed,0,A,"Hysteresis (recalibrated, t_up=80, b=100 Mbps)|-",Hysteresis (recalibrated),0,recal,recalibrated in world LOLO-dep-f0,7,-756.7371414668958,756.7371414668958,0.0,0.0,0.0,206.57998450424137,206.57998450424137,0.0,0.0,0.0,0.0,0.0,0,0.0,0,0.0,0.0,0.0,0.51,100,80.0
recal,v040,LOLO-dep-f0,primary,LOLO,deployed,0,A,"Hysteresis (recalibrated, t_up=80, b=100 Mbps)|-",Hysteresis (recalibrated),0,recal,recalibrated in world LOLO-dep-f0,8,-401.29002054949524,401.29002054949524,0.0,0.0,0.0,206.67451759033645,206.67451759033645,0.0,0.0,0.0,0.0,0.0,0,0.0,0,0.0,0.0,0.0,0.51,100,80.0
recal,v040,LOLO-dep-f0,primary,LOLO,deployed,0,A,"Hysteresis (recalibrated, t_up=80, b=100 Mbps)|-",Hysteresis (recalibrated),0,recal,recalibrated in world LOLO-dep-f0,9,-2186.7750669020324,80.89676066490884,2105.8783062371235,0.0,0.0,207.39855948040437,207.39855948040437,0.07928642220019821,0.07928642220019821,0.0,0.07928642220019821,0.0,0,0.0,80,7.99925701873145,87.3480118889214,0.9774492942654682,0.51,100,80.0
