controller,seed,n_evals,eval_every_steps,best_step,best_fraction_of_budget,best_val_return,final_val_return,median_val_return,n_evals_below_minus_1e7,logged_entropy_points,entropy_first,entropy_last,kl_last,wall_clock,max_rss_kb,val_returns,val_steps
MAPPO,1,48,4096,73728,0.36864,-283373.4985806243,-49404423.37189614,-1019503.8411447653,22,12,0.68,0.05,0.001,4:19.61,1240288,"[-50018303.92, -1255266.98, -1033961.44, -951521.45, -873098.24, -946175.97, -791610.56, -782731.39, -709887.3, -682984.49, -682975.34, -682937.65, -682968.27, -682914.38, -437998.23, -356279.83, -356286.91, -283373.5, -283441.22, -283383.59, -678546.82, -531190.87, -457351.91, -1005046.24, -694499.96, -595737.57, -31206695.63, -519351.72, -12539383.44, -40040881.05, -48497854.58, -49320857.5, -49487931.3, -49320889.57, -49404458.89, -49237012.16, -49404368.85, -49404399.9, -49320931.59, -49320997.28, -49320917.89, -49237332.05, -49320846.25, -49487922.23, -49487900.32, -49404393.29, -49404384.91, -49404423.37]","[4096, 8192, 12288, 16384, 20480, 24576, 28672, 32768, 36864, 40960, 45056, 49152, 53248, 57344, 61440, 65536, 69632, 73728, 77824, 81920, 86016, 90112, 94208, 98304, 102400, 106496, 110592, 114688, 118784, 122880, 126976, 131072, 135168, 139264, 143360, 147456, 151552, 155648, 159744, 163840, 167936, 172032, 176128, 180224, 184320, 188416, 192512, 196608]"
MAPPO,7,48,4096,53248,0.26624,-356186.4584666896,-49320576.892895825,-49110258.23698376,29,12,0.68,0.06,0.001,4:12.20,1231076,"[-50018303.92, -1630367.8, -1034579.16, -1033648.94, -951610.08, -951540.1, -946044.17, -782765.92, -864408.93, -782677.6, -782683.83, -356225.3, -356186.46, -356259.5, -601154.79, -356285.54, -356197.25, -732314.83, -1643548.94, -3931775.34, -48801736.14, -48968837.22, -48877044.07, -24319856.59, -49067063.04, -49320472.06, -49320469.02, -49153453.44, -49153502.26, -49320552.26, -49320572.44, -49320493.67, -49154052.41, -49320630.27, -49320490.38, -49320562.92, -49320499.98, -49320462.99, -49404396.86, -49404465.65, -49404386.34, -49404422.3, -49404434.9, -49404431.69, -49404388.86, -49404471.31, -49320524.83, -49320576.89]","[4096, 8192, 12288, 16384, 20480, 24576, 28672, 32768, 36864, 40960, 45056, 49152, 53248, 57344, 61440, 65536, 69632, 73728, 77824, 81920, 86016, 90112, 94208, 98304, 102400, 106496, 110592, 114688, 118784, 122880, 126976, 131072, 135168, 139264, 143360, 147456, 151552, 155648, 159744, 163840, 167936, 172032, 176128, 180224, 184320, 188416, 192512, 196608]"
MAPPO,13,48,4096,57344,0.28672,-682914.9619625252,-49488002.07985821,-49234212.743615374,31,12,0.68,0.09,0.002,4:16.25,1233708,"[-50018303.92, -1115821.32, -719493.27, -798926.38, -878728.5, -873383.82, -791609.64, -782731.79, -782690.21, -782591.86, -782592.73, -782675.27, -764657.18, -682914.96, -760928.8, -840743.71, -840734.64, -1183456.74, -48968172.27, -48968749.29, -49067059.48, -49153400.4, -49149691.26, -48801909.04, -49320591.02, -49320524.65, -49320563.57, -49234215.75, -49234209.74, -49317638.01, -49320480.75, -49404063.29, -49404013.52, -49404176.27, -49404011.32, -49404415.33, -49404035.4, -49487939.17, -49487966.21, -49321044.34, -49404141.72, -49487924.09, -49487942.91, -49404022.84, -49488006.73, -49320596.4, -49487904.21, -49488002.08]","[4096, 8192, 12288, 16384, 20480, 24576, 28672, 32768, 36864, 40960, 45056, 49152, 53248, 57344, 61440, 65536, 69632, 73728, 77824, 81920, 86016, 90112, 94208, 98304, 102400, 106496, 110592, 114688, 118784, 122880, 126976, 131072, 135168, 139264, 143360, 147456, 151552, 155648, 159744, 163840, 167936, 172032, 176128, 180224, 184320, 188416, 192512, 196608]"
MAPPO,23,48,4096,57344,0.28672,-601311.2357987085,-49404432.488622114,-49362297.17268919,31,12,0.68,0.07,0.001,4:20.27,1238800,"[-50018303.92, -1088217.01, -951769.42, -951498.92, -951523.78, -951479.28, -946109.68, -946033.58, -946115.63, -879204.3, -782666.15, -700996.31, -601345.55, -601311.24, -683075.42, -626494.73, -1523331.42, -4440873.54, -24003196.62, -23927827.76, -48878021.13, -49404030.79, -49404036.94, -49404201.66, -49404091.3, -49320583.65, -49404388.58, -49487956.33, -49320559.13, -49320602.24, -49404004.66, -49404014.76, -49487893.82, -49403992.11, -49487877.56, -49404047.19, -49404031.97, -49488018.07, -49487897.91, -49569655.67, -49487901.88, -49487936.76, -49320507.4, -49487936.9, -49487954.58, -49487896.09, -49487929.76, -49404432.49]","[4096, 8192, 12288, 16384, 20480, 24576, 28672, 32768, 36864, 40960, 45056, 49152, 53248, 57344, 61440, 65536, 69632, 73728, 77824, 81920, 86016, 90112, 94208, 98304, 102400, 106496, 110592, 114688, 118784, 122880, 126976, 131072, 135168, 139264, 143360, 147456, 151552, 155648, 159744, 163840, 167936, 172032, 176128, 180224, 184320, 188416, 192512, 196608]"
MAPPO,42,48,4096,77824,0.38912,-279548.82976229314,-49159344.73197728,-603949.4301774721,7,12,0.68,0.06,0.001,4:13.41,1235012,"[-50018303.92, -1550546.03, -1034687.6, -878981.66, -878479.84, -946095.35, -864157.67, -782576.93, -782534.21, -864398.21, -782679.9, -782701.38, -682982.51, -709587.23, -609873.22, -283238.69, -601276.05, -524487.78, -279548.83, -372527.02, -606622.81, -535807.94, -528224.18, -529293.9, -450496.46, -455128.58, -451678.51, -451620.34, -451774.98, -446724.74, -453308.9, -449912.38, -373442.21, -455127.59, -455113.02, -455495.29, -294015.1, -455137.16, -455484.04, -1024164.56, -774702.34, -543451.0, -47278005.79, -34169023.36, -48500907.32, -49079523.78, -49242807.07, -49159344.73]","[4096, 8192, 12288, 16384, 20480, 24576, 28672, 32768, 36864, 40960, 45056, 49152, 53248, 57344, 61440, 65536, 69632, 73728, 77824, 81920, 86016, 90112, 94208, 98304, 102400, 106496, 110592, 114688, 118784, 122880, 126976, 131072, 135168, 139264, 143360, 147456, 151552, 155648, 159744, 163840, 167936, 172032, 176128, 180224, 184320, 188416, 192512, 196608]"
MAPPO,64,48,4096,110592,0.55296,-366945.6770815021,-1106592.0543483219,-528446.3231612453,3,12,0.68,0.07,0.001,4:18.70,1237568,"[-50018303.92, -1869838.8, -1034306.83, -951754.73, -951585.91, -878413.38, -872987.17, -709937.03, -709864.78, -630191.58, -709905.2, -709911.64, -630031.13, -528437.99, -528454.66, -528378.29, -448591.08, -448590.53, -448632.6, -367514.7, -448618.16, -448469.17, -448615.5, -448726.11, -451109.64, -455168.71, -366945.68, -370169.79, -373598.16, -373529.1, -453214.68, -373463.26, -373420.96, -373414.59, -373458.49, -455503.58, -856479.63, -455490.46, -533097.14, -533122.22, -373498.65, -612969.32, -1026677.5, -29357827.79, -2627667.11, -29357745.19, -775324.18, -1106592.05]","[4096, 8192, 12288, 16384, 20480, 24576, 28672, 32768, 36864, 40960, 45056, 49152, 53248, 57344, 61440, 65536, 69632, 73728, 77824, 81920, 86016, 90112, 94208, 98304, 102400, 106496, 110592, 114688, 118784, 122880, 126976, 131072, 135168, 139264, 143360, 147456, 151552, 155648, 159744, 163840, 167936, 172032, 176128, 180224, 184320, 188416, 192512, 196608]"
MAPPO,77,48,4096,53248,0.26624,-575326.3350789936,-49487948.132259324,-49362310.9664073,35,12,0.68,0.06,0.001,4:19.29,1233276,"[-50018303.92, -1088238.82, -951775.31, -951270.99, -951252.32, -864388.33, -864316.68, -864350.98, -782596.24, -782707.82, -782680.22, -848764.81, -575326.34, -1461960.97, -14938303.34, -49318106.37, -49317694.12, -49320505.85, -49320535.0, -49404057.95, -49320450.33, -49320521.21, -49404017.82, -49404068.86, -49320521.05, -49320512.14, -49404402.75, -49320534.19, -49404462.53, -49404488.35, -49320604.11, -49404373.69, -49404397.22, -49404380.14, -49404090.33, -49487907.63, -49487918.33, -49487936.08, -49487944.75, -49488020.57, -49487937.88, -49404504.36, -49404464.72, -49404409.55, -49404399.11, -49404104.12, -49487937.49, -49487948.13]","[4096, 8192, 12288, 16384, 20480, 24576, 28672, 32768, 36864, 40960, 45056, 49152, 53248, 57344, 61440, 65536, 69632, 73728, 77824, 81920, 86016, 90112, 94208, 98304, 102400, 106496, 110592, 114688, 118784, 122880, 126976, 131072, 135168, 139264, 143360, 147456, 151552, 155648, 159744, 163840, 167936, 172032, 176128, 180224, 184320, 188416, 192512, 196608]"
MAPPO,99,48,4096,86016,0.43008,-341250.7271531806,-49404443.54167027,-49193846.78623697,27,12,0.68,0.06,0.001,4:21.27,1240012,"[-50018303.92, -1604164.36, -1033887.97, -1033505.44, -951813.22, -946000.56, -945896.68, -946104.05, -782758.02, -782685.58, -782719.56, -782747.6, -764625.45, -601233.7, -602529.97, -548077.13, -547162.07, -385672.08, -397194.4, -504590.97, -341250.73, -2811538.6, -15685473.05, -20321030.05, -49153445.26, -49320486.68, -49320493.55, -49234248.31, -49320530.81, -49320533.22, -49404447.04, -49404472.08, -49404417.02, -49404377.2, -49320498.12, -49404367.57, -49404391.82, -49404392.26, -49404452.23, -49404388.9, -49404375.37, -49404448.4, -49320566.94, -49404410.22, -49404348.3, -49404344.3, -49404432.31, -49404443.54]","[4096, 8192, 12288, 16384, 20480, 24576, 28672, 32768, 36864, 40960, 45056, 49152, 53248, 57344, 61440, 65536, 69632, 73728, 77824, 81920, 86016, 90112, 94208, 98304, 102400, 106496, 110592, 114688, 118784, 122880, 126976, 131072, 135168, 139264, 143360, 147456, 151552, 155648, 159744, 163840, 167936, 172032, 176128, 180224, 184320, 188416, 192512, 196608]"
Shared-PPO,1,48,4096,28672,0.14336,-629819.3003447382,-49320604.9619858,-49404079.33927099,37,12,0.68,0.05,0.001,3:52.29,1238724,"[-50018303.92, -50018303.92, -1219356.61, -951545.19, -946165.02, -873282.57, -629819.3, -629821.88, -630016.9, -709848.89, -709806.52, -709854.34, -1025574.64, -43336273.3, -49400240.66, -49504716.52, -49404068.07, -49404009.03, -49404114.85, -49404091.18, -49571091.4, -49487547.05, -49404109.91, -49404090.61, -49404050.53, -49487887.6, -49487951.73, -49404535.97, -49487893.14, -49404112.01, -49320573.17, -49404411.75, -49320499.47, -49404365.2, -49404368.98, -49404380.1, -49404360.62, -49404321.34, -49320432.15, -49320502.59, -49320509.7, -49404399.72, -49487879.04, -49404399.25, -49320847.97, -49320848.41, -49404473.48, -49320604.96]","[4096, 8192, 12288, 16384, 20480, 24576, 28672, 32768, 36864, 40960, 45056, 49152, 53248, 57344, 61440, 65536, 69632, 73728, 77824, 81920, 86016, 90112, 94208, 98304, 102400, 106496, 110592, 114688, 118784, 122880, 126976, 131072, 135168, 139264, 143360, 147456, 151552, 155648, 159744, 163840, 167936, 172032, 176128, 180224, 184320, 188416, 192512, 196608]"
Shared-PPO,7,48,4096,49152,0.24576,-602275.0068314138,-49404023.09607614,-49320463.20464367,32,12,0.68,0.05,0.001,3:52.35,1237336,"[-50018303.92, -1509358.8, -951535.51, -873078.91, -945816.48, -945834.83, -946050.37, -782692.83, -782679.7, -782624.89, -764566.81, -602275.01, -604450.46, -760844.26, -767945.79, -842185.96, -7148517.31, -14502608.59, -49234145.91, -49236967.22, -49320488.8, -49234160.14, -49320518.26, -49404017.21, -49404078.87, -49320470.41, -49404022.35, -49404008.64, -49404064.74, -49320507.42, -49320487.56, -49320483.17, -49320463.43, -49320480.78, -49320462.98, -49320491.53, -49320481.79, -49320430.48, -49404371.48, -49320461.89, -49320233.86, -49404352.03, -49320492.04, -49487896.52, -49404023.82, -49487856.83, -49404027.71, -49404023.1]","[4096, 8192, 12288, 16384, 20480, 24576, 28672, 32768, 36864, 40960, 45056, 49152, 53248, 57344, 61440, 65536, 69632, 73728, 77824, 81920, 86016, 90112, 94208, 98304, 102400, 106496, 110592, 114688, 118784, 122880, 126976, 131072, 135168, 139264, 143360, 147456, 151552, 155648, 159744, 163840, 167936, 172032, 176128, 180224, 184320, 188416, 192512, 196608]"
Shared-PPO,13,48,4096,49152,0.24576,-716109.1605005333,-49487929.17925667,-49403981.44496654,34,12,0.68,0.05,0.001,3:52.26,1240032,"[-50018303.92, -1519102.73, -1034030.63, -951782.3, -946206.06, -873051.2, -872978.43, -873264.34, -782674.88, -782634.56, -782610.95, -716109.16, -782632.71, -782625.6, -6737476.7, -49420071.71, -49401179.13, -49401200.81, -49403991.33, -49320454.05, -49403792.52, -49403765.9, -49320334.72, -49404077.48, -49403973.84, -49403696.39, -49404022.5, -49403989.05, -49404050.8, -49404028.23, -49404032.28, -49320582.19, -49320269.53, -49488054.35, -49487850.94, -49487925.24, -49404410.13, -49487938.41, -49487910.87, -49487941.24, -49404032.77, -49487901.51, -49404501.88, -49404469.56, -49404404.14, -49487963.61, -49487922.63, -49487929.18]","[4096, 8192, 12288, 16384, 20480, 24576, 28672, 32768, 36864, 40960, 45056, 49152, 53248, 57344, 61440, 65536, 69632, 73728, 77824, 81920, 86016, 90112, 94208, 98304, 102400, 106496, 110592, 114688, 118784, 122880, 126976, 131072, 135168, 139264, 143360, 147456, 151552, 155648, 159744, 163840, 167936, 172032, 176128, 180224, 184320, 188416, 192512, 196608]"
Shared-PPO,23,48,4096,40960,0.2048,-682647.4914873517,-49404060.013306096,-49318928.45268255,30,12,0.68,0.06,0.001,3:53.44,1233216,"[-50018303.92, -2140905.76, -1035211.9, -951405.94, -873053.95, -945836.02, -782780.91, -782831.74, -682803.61, -682647.49, -764626.74, -764561.09, -684134.76, -732953.96, -812790.88, -892591.81, -1143204.93, -2640134.32, -4107826.0, -41301595.94, -48968837.98, -49233994.23, -49233111.41, -49317553.36, -49234092.23, -49320469.12, -49320506.52, -49320317.37, -49320543.0, -49320603.5, -49320575.28, -49320500.34, -49320538.38, -49320521.95, -49320527.53, -49320502.02, -49320529.2, -49320473.18, -49320563.37, -49320303.54, -49320518.34, -49404442.6, -49320333.13, -49320635.47, -49403763.23, -49403767.41, -49403678.71, -49404060.01]","[4096, 8192, 12288, 16384, 20480, 24576, 28672, 32768, 36864, 40960, 45056, 49152, 53248, 57344, 61440, 65536, 69632, 73728, 77824, 81920, 86016, 90112, 94208, 98304, 102400, 106496, 110592, 114688, 118784, 122880, 126976, 131072, 135168, 139264, 143360, 147456, 151552, 155648, 159744, 163840, 167936, 172032, 176128, 180224, 184320, 188416, 192512, 196608]"
Shared-PPO,42,48,4096,69632,0.34816,-446749.37053166894,-49487943.302768655,-27029565.26307145,27,12,0.68,0.06,0.001,3:54.07,1237064,"[-50018303.92, -16882726.85, -980818.48, -951557.48, -945852.77, -945833.9, -782774.98, -782773.7, -764378.36, -782762.29, -764602.94, -685041.78, -784826.07, -682728.05, -616108.44, -604331.56, -446749.37, -519326.01, -526092.66, -526145.55, -767495.23, -842411.37, -3620805.44, -27642831.45, -26416299.07, -48723515.41, -30319284.72, -24932432.69, -45620003.95, -46030238.04, -49234085.68, -49322728.79, -49238819.18, -49403888.14, -49488025.39, -49487974.25, -49320268.33, -49487910.64, -49404091.66, -49404105.82, -49403792.47, -49403855.47, -49571535.19, -49488046.25, -49487388.95, -49403848.09, -49487606.7, -49487943.3]","[4096, 8192, 12288, 16384, 20480, 24576, 28672, 32768, 36864, 40960, 45056, 49152, 53248, 57344, 61440, 65536, 69632, 73728, 77824, 81920, 86016, 90112, 94208, 98304, 102400, 106496, 110592, 114688, 118784, 122880, 126976, 131072, 135168, 139264, 143360, 147456, 151552, 155648, 159744, 163840, 167936, 172032, 176128, 180224, 184320, 188416, 192512, 196608]"
Shared-PPO,64,48,4096,77824,0.38912,-446541.1041151594,-49320690.782883376,-30873415.265767675,26,12,0.68,0.05,0.001,3:59.27,1232272,"[-50018303.92, -1921582.54, -1033825.99, -878609.99, -951164.95, -946113.4, -864384.93, -782691.6, -764618.04, -606223.9, -524472.2, -521637.21, -446716.99, -528410.06, -446795.6, -528509.33, -446776.49, -446780.7, -446541.1, -446797.57, -446809.46, -941769.28, -2203594.75, -14040733.22, -30873264.1, -30873566.43, -49320449.27, -49320482.77, -49320483.81, -49238814.94, -49320449.88, -49320457.61, -49320463.63, -49320528.44, -49238855.22, -49238863.72, -49322677.11, -49320547.35, -49320463.15, -49320535.62, -49320291.27, -49320515.87, -49320539.14, -49404400.06, -49404055.54, -49404462.98, -49320635.36, -49320690.78]","[4096, 8192, 12288, 16384, 20480, 24576, 28672, 32768, 36864, 40960, 45056, 49152, 53248, 57344, 61440, 65536, 69632, 73728, 77824, 81920, 86016, 90112, 94208, 98304, 102400, 106496, 110592, 114688, 118784, 122880, 126976, 131072, 135168, 139264, 143360, 147456, 151552, 155648, 159744, 163840, 167936, 172032, 176128, 180224, 184320, 188416, 192512, 196608]"
Shared-PPO,77,48,4096,40960,0.2048,-682890.354211059,-49404128.683868885,-49320629.29920294,37,12,0.68,0.06,0.001,3:52.58,1239060,"[-50018303.92, -1253588.83, -896366.77, -951137.16, -946075.27, -946006.93, -947145.85, -797514.61, -715793.28, -682890.35, -709373.76, -971351.35, -43627242.97, -39134786.14, -36481989.54, -48641767.04, -49400152.6, -49233084.25, -48892645.63, -49052001.67, -49317664.15, -49317634.81, -49317761.83, -49404046.66, -49404093.72, -49404085.64, -49320602.2, -49320529.31, -49404040.57, -49404041.4, -49320611.56, -49320647.04, -49404042.14, -49404030.19, -49404082.3, -49404077.41, -49404101.7, -49487953.64, -49487933.81, -49487996.29, -49487936.87, -49487933.29, -49487938.85, -49487923.22, -49404392.66, -49403813.53, -49404111.21, -49404128.68]","[4096, 8192, 12288, 16384, 20480, 24576, 28672, 32768, 36864, 40960, 45056, 49152, 53248, 57344, 61440, 65536, 69632, 73728, 77824, 81920, 86016, 90112, 94208, 98304, 102400, 106496, 110592, 114688, 118784, 122880, 126976, 131072, 135168, 139264, 143360, 147456, 151552, 155648, 159744, 163840, 167936, 172032, 176128, 180224, 184320, 188416, 192512, 196608]"
Shared-PPO,99,48,4096,53248,0.26624,-452489.6721825147,-49403815.40931338,-951370.6612842367,17,12,0.68,0.05,0.001,3:51.30,1237464,"[-50018303.92, -16879711.53, -1033939.88, -951255.22, -951486.1, -945826.51, -946108.2, -946089.49, -709858.17, -764666.05, -764588.31, -616132.62, -452489.67, -454093.92, -519616.88, -604309.52, -606659.35, -454099.38, -535794.54, -602459.49, -603356.37, -526088.81, -522644.31, -575356.08, -628605.26, -628533.59, -577691.43, -897069.2, -1375771.22, -1946881.28, -3219918.99, -2328683.06, -3633032.35, -49052099.36, -49052024.59, -49404017.32, -49487901.9, -49487901.25, -49404008.02, -49320185.28, -49320304.24, -49320209.51, -49320370.6, -49320317.21, -49403732.73, -49403739.81, -49403822.61, -49403815.41]","[4096, 8192, 12288, 16384, 20480, 24576, 28672, 32768, 36864, 40960, 45056, 49152, 53248, 57344, 61440, 65536, 69632, 73728, 77824, 81920, 86016, 90112, 94208, 98304, 102400, 106496, 110592, 114688, 118784, 122880, 126976, 131072, 135168, 139264, 143360, 147456, 151552, 155648, 159744, 163840, 167936, 172032, 176128, 180224, 184320, 188416, 192512, 196608]"
