seed,cluster,median_load_mbps,usr_share_mappo,usr_share_shared,n_disagreements,delta_reward,delta_energy_term,delta_qos_penalty,delta_switch_penalty,delta_cooldown_penalty,delta_wh_total,delta_viol
1,0,99.84800219535828,0.21209117938553024,0.27849355797819625,75,-24.679216309246932,-22.937333159690205,44.11230346893714,0.3792460000000001,3.125,-3.7150754282739147,2.0
1,1,242.16048419475555,0.10208126858275521,0.13974231912784935,38,-0.8113674788762939,-16.373550086894923,22.037465165771213,-0.22754760000000002,-4.625,-2.3040378523403446,1.0
1,2,408.77094864845276,0.002973240832507433,0.006937561942517344,6,-1.5556243721505978,-0.05814942784939192,-1.0658141036401503e-14,0.11377380000000001,1.5,-0.07954281569824288,0.0
1,3,882.4499249458313,0.0,0.0009910802775024777,1,-0.40825759174092036,-0.12966700825907954,0.0,0.0379246,0.5,-0.01415032275116937,0.0
1,4,175.4271537065506,0.13875123885034688,0.16749256689791872,33,-54.24208937007886,-9.531576339419166,66.22451490949803,-0.0758492,-2.375,-1.4792084167909398,3.0
1,5,333.7801396846771,0.05054509415262636,0.06937561942517344,21,-60.69827153442202,-6.777897762891623,66.11239549731364,0.11377380000000004,1.25,-1.0885483840317747,3.0
1,6,141.68478548526764,0.1199207135777998,0.15758176412289396,42,-77.31261882219331,-13.161896087304564,93.22451490949787,6.938893903907228e-18,-2.75,-1.8942428212410414,4.0
1,7,176.44503712654114,0.11298315163528246,0.14370664023785926,35,-53.77083670224874,-12.454229669854403,66.18714177210313,0.0379246,0.0,-1.8169307255849694,3.0
1,8,329.03069257736206,0.024777006937561942,0.03766105054509415,17,-18.868938921685345,-3.2443754440858585,22.037465165771202,0.0758492,0.0,-0.6775242914005137,1.0
1,9,1608.942151069641,0.0,0.0,0,2.396069453958205e-13,5.3273357947247746e-15,-2.4513724383723456e-13,0.0,0.0,1.3766765505351941e-14,0.0
7,0,99.84800219535828,0.21407333994053518,0.199207135777998,21,-7.808404512325827,9.009253712325828,0.0,-0.0758492,-1.125,1.1363621198572602,0.0
7,1,242.16048419475555,0.10703666997026759,0.09712586719524281,16,13.364539621988449,9.585850143782709,-22.03746516577116,-0.0379246,-0.875,0.988986649666445,-1.0
7,2,408.77094864845276,0.003964321110009911,0.004955401387512388,3,1.4453500664931904,-1.3203500664932015,1.0658141036401503e-14,0.0,-0.125,-0.12378855169162287,0.0
7,3,882.4499249458313,0.0,0.0,0,-7.886052921790565e-15,7.896461262646426e-15,0.0,0.0,0.0,1.5626389071599078e-14,0.0
7,4,175.4271537065506,0.14767096134786917,0.13875123885034688,11,-8.712017540167574,6.098243740167638,-6.394884621840902e-14,0.11377380000000001,2.5,0.7900228498924081,0.0
7,5,333.7801396846771,0.05550049554013875,0.05153617443012884,6,-1.6663593773029113,1.5413593773029115,0.0,0.0,0.125,0.24524761672413903,0.0
7,6,141.68478548526764,0.13577799801783944,0.11694747274529237,27,-35.99937141639673,13.336906250625557,22.03746516577117,0.0,0.625,1.4631780546279822,1.0
7,7,176.44503712654114,0.1199207135777998,0.10703666997026759,21,17.588558675884382,3.4483550272815764,-22.074838303165958,0.0379246,1.0,0.8096856630318647,-1.0
7,8,329.03069257736206,0.031714568880079286,0.02576808721506442,14,17.639610441250966,5.310779324520205,-22.037465165771167,-0.03792460000000001,-0.875,0.5441809601166159,-1.0
7,9,1608.942151069641,0.0,0.0,0,8.48626724447854e-15,-8.425551922819352e-15,0.0,0.0,0.0,-3.4611202792689255e-14,0.0
13,0,99.84800219535828,0.20317145688800792,0.17443012884043607,29,-21.69910101533678,26.54042241533678,0.0,-0.34132140000000005,-4.5,2.8760945134303935,0.0
13,1,242.16048419475555,0.10208126858275521,0.08225966303270565,20,4.934128366208746,20.00503519956248,-22.037465165771223,-0.1516984,-2.75,2.0529924028034636,-1.0
13,2,408.77094864845276,0.002973240832507433,0.0019821605550049554,1,-0.7396174942027577,1.277542094202737,2.1316282072803006e-14,-0.0379246,-0.5,0.1068117330146551,0.0
13,3,882.4499249458313,0.0,0.0,0,-6.571826416390536e-14,6.571826416390536e-14,0.0,0.0,0.0,9.939271627956714e-14,0.0
13,4,175.4271537065506,0.13478691774033696,0.12190287413280476,15,8.13695704307166,17.08957966009427,-22.074838303165926,-0.1516984,-3.0,1.452171165004145,-1.0
13,5,333.7801396846771,0.049554013875123884,0.03964321110009911,10,-7.532101956656732,10.471724956656733,0.0,-0.18962299999999999,-2.75,1.114195903925989,0.0
13,6,141.68478548526764,0.12190287413280476,0.09712586719524281,25,23.574939069426307,24.663375296344903,-49.0374651657712,-0.0758492,0.875,2.5680499479932615,-2.0
13,7,176.44503712654114,0.10703666997026759,0.08126858275520317,26,28.548753832565495,23.0148582706005,-49.07483830316599,-0.11377380000000001,-2.375,2.4611350575640984,-2.0
13,8,329.03069257736206,0.026759167492566897,0.013875123885034688,13,-12.571350213486777,13.31012401348679,-1.0658141036401503e-14,-0.1137738,-0.625,1.3499386880886757,0.0
13,9,1608.942151069641,0.0,0.0,0,-6.398874485835648e-13,-1.3558598688234724e-14,6.536993168992922e-13,0.0,0.0,-1.5237811012980274e-14,0.0
23,0,99.84800219535828,0.2130822596630327,0.2358771060455897,27,7.684566471009861,-9.586264871009863,0.0,0.1516984,1.75,-1.5007955363824528,0.0
23,1,242.16048419475555,0.10703666997026759,0.12685827552031714,26,11.163407337875753,-7.424633537875764,1.0658141036401503e-14,-0.11377380000000001,-3.625,-1.2076432468363443,0.0
23,2,408.77094864845276,0.003964321110009911,0.006937561942517344,3,0.9797270815307583,-1.9305762815307475,-1.0658141036401503e-14,0.0758492,0.875,-0.23367354079701533,0.0
23,3,882.4499249458313,0.0,0.0,0,-7.452372052796363e-15,7.44890260584441e-15,0.0,0.0,0.0,2.4980018054066022e-14,0.0
23,4,175.4271537065506,0.1377601585728444,0.15460852329038652,21,-12.975909015188059,-4.909306287977933,22.07483830316599,-0.189623,-4.0,-1.1536678048388147,1.0
23,5,333.7801396846771,0.05054509415262636,0.061446977205153616,11,-40.33247637592548,-5.606227755616924,44.074930331542404,0.11377380000000001,1.75,-0.7635562909421647,2.0
23,6,141.68478548526764,0.12190287413280476,0.14172447968285432,22,14.321271354637709,-9.707497554637765,5.3290705182007514e-14,-0.11377380000000001,-4.5,-1.395952827691218,0.0
23,7,176.44503712654114,0.11199207135777998,0.13082259663032705,23,-37.437710533104664,-6.799592935832493,44.11230346893715,0.0,0.125,-1.2435778985861141,2.0
23,8,329.03069257736206,0.02576808721506442,0.03270564915758176,7,-18.625196335199348,-4.113118030571838,22.03746516577118,0.0758492,0.625,-0.5354433083326677,1.0
23,9,1608.942151069641,0.0,0.0,0,-3.590877595271991e-15,3.589142871796014e-15,0.0,0.0,0.0,3.863576125695545e-14,0.0
42,0,99.84800219535828,0.18136769078295342,0.244796828543112,64,14.296400774262402,-42.07633427742836,22.074838303165958,0.45509520000000003,5.25,-5.343782324154506,1.0
42,1,242.16048419475555,0.09712586719524281,0.12586719524281467,29,-3.254233098530789,-17.658232067240416,22.037465165771202,0.0,-1.125,-2.208717641918909,1.0
42,2,408.77094864845276,0.002973240832507433,0.004955401387512388,4,27.60782394589042,-1.683673145890403,-27.00000000000002,0.0758492,1.0,-0.16523338015634703,-1.0
42,3,882.4499249458313,0.0,0.0,0,1.222980050563649e-14,-1.2240208846492351e-14,0.0,0.0,0.0,-2.631228568361621e-14,0.0
42,4,175.4271537065506,0.13478691774033696,0.155599603567889,21,-6.5166178485904265,-15.145295854575547,22.074838303165972,-0.0379246,-0.375,-1.8673195297487832,1.0
42,5,333.7801396846771,0.04558969276511397,0.061446977205153616,16,-33.955205281862916,-12.021423449679475,44.07493033154238,0.1516984,1.75,-1.4452832502075563,2.0
42,6,141.68478548526764,0.11199207135777998,0.14172447968285432,30,-27.575738613735417,-22.23842495203576,49.037465165771174,0.1516984,0.625,-2.5487422179782846,2.0
42,7,176.44503712654114,0.10406342913776016,0.12983151635282458,28,-56.51247463293795,-18.12652723599919,71.11230346893714,0.15169839999999998,3.375,-2.2490259108205133,3.0
42,8,329.03069257736206,0.02180376610505451,0.036669970267591674,15,-14.701553196305445,-10.150534969465786,22.037465165771234,0.189623,2.625,-1.245762817045418,1.0
42,9,1608.942151069641,0.0009910802775024777,0.0,1,54.62399957677272,-0.08607497677288381,-53.99999999999984,-0.0379246,-0.5,-0.6843114996669268,-2.0
64,0,99.84800219535828,0.22993062438057482,0.24777006937561943,22,4.559965589777808,-11.602136189777811,0.0,0.41717060000000006,6.625,-1.4272385698532024,0.0
64,1,242.16048419475555,0.12091179385530228,0.12190287413280476,11,0.5385967640529805,-2.614445964052973,-7.105427357601002e-15,0.0758492,2.0,-0.26819953597839374,0.0
64,2,408.77094864845276,0.004955401387512388,0.005946481665014866,1,-0.1036899703411719,-0.43423462965884974,2.1316282072803006e-14,0.0379246,0.5,-0.06423436741943007,0.0
64,3,882.4499249458313,0.0,0.0,0,2.4476948246032748e-14,-2.4480417692984702e-14,0.0,0.0,0.0,-5.490052856771399e-14,0.0
64,4,175.4271537065506,0.1565906838453915,0.15361744301288405,5,-1.3658235696458894,1.115823569645878,1.0658141036401503e-14,0.0,0.25,0.1696110740751186,0.0
64,5,333.7801396846771,0.05450941526263627,0.062438057482656094,10,-41.86550627669199,-3.910273254850435,44.074930331542426,0.0758492,1.625,-0.5560212976297061,2.0
64,6,141.68478548526764,0.14469772051536176,0.14965312190287414,13,5.086718908814056,-4.711718908814184,1.2789769243681803e-13,0.0,-0.375,-0.557205247167431,0.0
64,7,176.44503712654114,0.12388503468780972,0.13478691774033696,17,-40.10017386108418,-3.924502745247774,44.14967660633195,-1.3877787807814457e-17,-0.125,-0.6381147092361376,2.0
64,8,329.03069257736206,0.02973240832507433,0.035678889990089196,8,-20.105523167934894,-3.007791197836288,22.03746516577118,0.0758492,1.0,-0.4114041344958179,1.0
64,9,1608.942151069641,0.0,0.0,0,-2.577903168710094e-13,1.2663481374630692e-14,2.4513724383723456e-13,0.0,0.0,3.7247982476174e-14,0.0
77,0,99.84800219535828,0.21110009910802774,0.22893954410307235,28,-9.148325764732474,-7.073964938433491,22.07483830316597,-0.22754760000000002,-5.625,-1.1991790373979492,1.0
77,1,242.16048419475555,0.10604558969276512,0.12190287413280476,24,10.807777776322485,-6.819003976322486,0.0,-0.11377380000000001,-3.875,-0.945442137672891,0.0
77,2,408.77094864845276,0.004955401387512388,0.006937561942517344,2,-48.91270334902042,-0.5750595541455438,49.07483830316597,0.0379246,0.375,-0.06984906494310397,2.0
77,3,882.4499249458313,0.0,0.0,0,-2.4043267377038546e-15,2.3973878437999474e-15,0.0,0.0,0.0,3.172462292866385e-14,0.0
77,4,175.4271537065506,0.14172447968285432,0.14965312190287414,12,7.071270967083764,-2.0066479670836794,-8.526512829121202e-14,-0.189623,-4.875,-0.44172185677622183,0.0
77,5,333.7801396846771,0.05054509415262636,0.061446977205153616,15,-16.265540302455914,-5.0972226007100705,22.074838303165983,0.03792460000000002,-0.75,-0.7222117702374092,1.0
77,6,141.68478548526764,0.12487611496531219,0.14073339940535184,24,-11.900487533798255,-8.886977631972897,22.03746516577115,0.0,-1.25,-1.0992073556622124,1.0
77,7,176.44503712654114,0.11298315163528246,0.1278493557978196,25,-13.632032439203865,-6.204032063962109,22.07483830316597,-0.11377380000000001,-2.125,-0.9269007080299537,1.0
77,8,329.03069257736206,0.027750247770069375,0.03369672943508424,8,4.491625924801446,-3.203701324801407,-3.907985046680551e-14,-0.0379246,-1.25,-0.39879054203232756,0.0
77,9,1608.942151069641,0.0,0.0,0,6.445607936278464e-13,9.292913660807756e-15,-6.536993168992922e-13,0.0,0.0,2.6173507805538065e-14,0.0
99,0,99.84800219535828,0.2180376610505451,0.2309217046580773,27,1.8886959207849001,-12.131715720784898,0.0,0.4930198,9.75,-1.2498570663646202,0.0
99,1,242.16048419475555,0.11000991080277503,0.1199207135777998,12,-20.022967790233263,-5.916195775537915,22.037465165771177,0.1516984,3.75,-0.7389535210395084,1.0
99,2,408.77094864845276,0.003964321110009911,0.007928642220019821,4,2.067865535522986,-2.893714735522975,-1.0658141036401503e-14,0.0758492,0.75,-0.29931697815253344,0.0
99,3,882.4499249458313,0.0,0.0,0,-2.449776492774447e-14,2.4490826033840563e-14,0.0,0.0,0.0,6.300515664747763e-14,0.0
99,4,175.4271537065506,0.14965312190287414,0.14866204162537167,7,-1.2979740197546628,-0.5278751802452878,-4.973799150320701e-14,0.0758492,1.75,-0.008070040402496315,0.0
99,5,333.7801396846771,0.05054509415262636,0.062438057482656094,12,-40.88307025106175,-7.494705417875395,44.11230346893714,0.26547220000000005,4.0,-0.8801842747571471,2.0
99,6,141.68478548526764,0.13280475718533202,0.14073339940535184,18,2.1622279081074285,-6.976850908107459,3.197442310920451e-14,0.18962299999999999,4.625,-0.8408609796682065,0.0
99,7,176.44503712654114,0.12091179385530228,0.13082259663032705,16,-20.03678786735082,-4.739451098420346,22.037465165771167,0.11377380000000001,2.625,-0.6454426991901775,1.0
99,8,329.03069257736206,0.02973240832507433,0.03369672943508424,8,-21.13425915084958,-3.3919798149216285,22.037465165771202,0.11377380000000001,2.375,-0.40729361144045073,1.0
99,9,1608.942151069641,0.0,0.0,0,-5.59843837955043e-13,-1.2313067232483377e-14,5.719869022868806e-13,0.0,0.0,-8.520961713998076e-15,0.0
