seed,category,usr_risk_class,n_cells,n_cf_usr_qos_risky_at_t,n_same_observation,n_switch_step_either,n_prev_upf_differs,delta_reward,delta_energy_term,delta_qos_penalty,delta_switch_penalty,delta_cooldown_penalty,delta_wh_total,delta_wh_steady,delta_viol,delta_q_below_tau,static_energy_term,static_qos_penalty,static_wh_steady
1,MAPPO USR / Shared-PPO DPDK,USR safe saving,14,0,10,14,0,-18.589720989770143,20.552084789770145,0.0,0.03763619999999998,-2.0,1.6572119106912861,1.6478028606912862,0.0,0.0,20.638220250606537,0.0,1.6555767804384232
1,Shared-PPO USR / MAPPO DPDK,USR no saving,14,0,10,11,3,1.0066155434831812,0.8724038565168188,0.0,-0.37901939999999995,-1.5,0.12777375382872547,0.22252860382872558,0.0,0.0,0.8899645805358887,0.0,0.22703817486763
1,Shared-PPO USR / MAPPO DPDK,USR safe saving,240,0,109,144,96,117.79521099841907,-105.98053079841907,0.0,-2.6896801999999997,-9.125,-15.84217729728369,-15.16975724728369,0.0,0.0,-106.63338023424149,0.0,-15.275650009512901
1,"agree, different prev/cooldown","MAPPO enters USR, Shared-PPO already in USR",57,0,0,57,57,13.309887911537752,-0.4337137115377494,0.0,-0.0011741999999999998,-12.875,-0.027110692554973632,-0.02681714255497379,0.0,0.0,0.0,0.0,0.0
1,"agree, different prev/cooldown","MAPPO exits USR, Shared-PPO already in DPDK",6,0,0,6,6,2.9809380161260597,-0.003514016126059283,0.0,-0.227424,-2.75,-0.058033741414873385,-0.0011777414148733123,0.0,0.0,0.0,0.0,0.0
1,"agree, different prev/cooldown","Shared-PPO enters USR, MAPPO already in USR",8,0,0,8,8,-1.8204310184561905,0.0702662184561903,0.0,0.0001648,1.75,0.004202794084005319,0.004161594084005304,0.0,0.0,0.0,0.0,0.0
1,"agree, different prev/cooldown","Shared-PPO exits USR, MAPPO already in DPDK",98,17,0,98,98,-407.40472156398283,0.2543286750906807,379.9358008888922,3.714592,23.5,1.0688722145367022,0.14022421453670122,17.0,17.0,0.0,0.0,0.0
1,"agree, different prev/cooldown",both switch,73,3,44,73,0,0.375000000000012,-1.4432899320127035e-15,-1.0658141036401503e-14,0.0,-0.375,-7.28583859910259e-16,-7.28583859910259e-16,0.0,0.0,0.0,0.0,0.0
1,"agree, different prev/cooldown","no switch, cooldown counter differs",5496,3931,5011,0,0,5.952530135466816e-14,-5.952530135466816e-14,0.0,0.0,0.0,-5.278590065049826e-14,-5.278590065049826e-14,0.0,0.0,0.0,0.0,0.0
1,"agree, same state",-,4084,3116,4084,56,0,2.8027580256662077e-13,-9.238269871314486e-14,-1.8829382497642655e-13,0.0,0.0,-2.4369395390522186e-14,-2.4369395390522186e-14,0.0,0.0,0.0,0.0,0.0
7,MAPPO USR / Shared-PPO DPDK,USR safe saving,97,0,61,70,28,-72.97562451006566,69.27472611006566,0.0,1.3258983999999998,2.375,8.565477502288617,8.234002902288616,0.0,0.0,69.78895103931427,0.0,8.306624501943588
7,Shared-PPO USR / MAPPO DPDK,USR safe saving,22,0,15,21,1,21.388674977389226,-22.514107577389225,0.0,0.00043260000000000005,1.125,-2.384735525970536,-2.3848436759705365,0.0,0.0,-22.59505295753479,0.0,-2.3933491557836533
7,"agree, different prev/cooldown","MAPPO enters USR, Shared-PPO already in USR",13,0,0,13,13,2.096871513609844,-0.09660371360984377,0.0,-0.00026780000000000006,-2.0,-0.005972238301830687,-0.005905288301830711,0.0,0.0,0.0,0.0,0.0
7,"agree, different prev/cooldown","MAPPO exits USR, Shared-PPO already in DPDK",42,3,0,42,42,78.6917944406675,0.04994219404083616,-66.14976863470831,-1.5919679999999998,-11.0,-0.40641087522095637,-0.008418875220955857,-3.0,-3.0,0.0,0.0,0.0
7,"agree, different prev/cooldown","Shared-PPO enters USR, MAPPO already in USR",28,0,0,28,28,-7.42196311801687,0.29638631801686965,0.0,0.0005767999999999998,7.125,0.013827478333168143,0.013683278333168207,0.0,0.0,0.0,0.0,0.0
7,"agree, different prev/cooldown","Shared-PPO exits USR, MAPPO already in DPDK",7,1,0,7,7,-25.80284734415998,5.4178388792791576e-05,22.037465165771184,0.265328,3.5,0.07168902109663677,0.005357021096636688,1.0,1.0,0.0,0.0,0.0
7,"agree, different prev/cooldown",both switch,63,3,29,63,0,-0.12499999999998501,-7.771561172376096e-16,-1.4210854715202004e-14,0.0,0.125,9.71445146547012e-17,9.71445146547012e-17,0.0,0.0,0.0,0.0,0.0
7,"agree, different prev/cooldown","no switch, cooldown counter differs",2265,1417,2048,0,0,-2.7131075164277263e-14,2.7131075164277263e-14,0.0,0.0,0.0,-5.266620473065586e-15,-5.266620473065586e-15,0.0,0.0,0.0,0.0,0.0
7,"agree, same state",-,7553,5643,7553,150,0,-8.347836311095591e-14,1.0725274834921805e-13,-2.4868995751603507e-14,0.0,0.0,-1.9554670382948558e-14,-1.9554670382948558e-14,0.0,0.0,0.0,0.0,0.0
13,MAPPO USR / Shared-PPO DPDK,USR safe saving,138,0,90,105,33,-130.51072261469528,136.2276952146953,0.0,0.9080274,-6.625,14.578078697844548,14.351071847844546,0.0,0.0,136.91739892959595,0.0,14.434576705098152
13,Shared-PPO USR / MAPPO DPDK,USR safe saving,1,0,1,1,0,0.8556235541897401,-0.4427195541897402,0.0,-0.037904,-0.375,-0.08156508828511091,-0.0720890882851109,0.0,0.0,-0.45484888553619385,0.0,-0.07406413555145264
13,"agree, different prev/cooldown","MAPPO exits USR, Shared-PPO already in DPDK",55,6,0,55,55,162.34052189829958,0.0938050395747638,-142.22460693787434,-2.08472,-18.125,-0.5502923527256249,-0.029112352725624346,-6.0,-6.0,0.0,0.0,0.0
13,"agree, different prev/cooldown","Shared-PPO enters USR, MAPPO already in USR",50,0,0,50,50,-7.2479453733529695,0.4969153733529681,0.0,0.0010299999999999999,6.75,0.026346914399142392,0.02608941439914247,0.0,0.0,0.0,0.0,0.0
13,"agree, different prev/cooldown","Shared-PPO exits USR, MAPPO already in DPDK",1,0,0,1,1,-0.28486983285179823,-0.003034167148201816,0.0,0.037904,0.25,0.008821240591659674,-0.0006547594083403385,0.0,0.0,0.0,0.0,0.0
13,"agree, different prev/cooldown",both switch,67,3,32,67,0,-2.5000000000000253,3.3861802251067274e-15,2.1316282072803006e-14,0.0,2.5,5.93275428784068e-16,5.93275428784068e-16,0.0,0.0,0.0,0.0,0.0
13,"agree, different prev/cooldown","no switch, cooldown counter differs",2902,1781,2617,0,0,-4.916900220308662e-14,4.916900220308662e-14,0.0,0.0,0.0,2.9771324294713963e-14,2.9771324294713963e-14,0.0,0.0,0.0,0.0,0.0
13,"agree, same state",-,6876,5277,6876,90,0,-7.438737126275186e-13,1.1274314815068465e-13,6.323830348264892e-13,0.0,0.0,1.2152258366260327e-13,1.2152258366260327e-13,0.0,0.0,0.0,0.0,0.0
23,MAPPO USR / Shared-PPO DPDK,USR safe saving,10,0,7,10,0,-13.19838421132955,16.44859021132955,0.0,-0.00020600000000000002,-3.25,1.262805684579955,1.262857184579955,0.0,0.0,16.50912380218506,0.0,1.2675046771764755
23,Shared-PPO USR / MAPPO DPDK,USR no saving,1,0,1,1,0,0.09438118632480108,0.06852281367519897,0.0,-0.037904,-0.125,0.006436261449227543,0.015912261449227555,0.0,0.0,0.0704001784324646,0.0,0.016348212957382202
23,Shared-PPO USR / MAPPO DPDK,USR safe saving,129,0,82,98,31,76.74148270752988,-66.40764850752987,0.0,-2.0838342,-8.25,-9.84962234716917,-9.328663797169167,0.0,0.0,-67.01476663351059,0.0,-9.424423173069954
23,"agree, different prev/cooldown","MAPPO enters USR, Shared-PPO already in USR",43,0,0,43,43,11.2222484816406,-0.3463626816405987,0.0,-0.0008857999999999998,-10.875,-0.02029650173126741,-0.020075051731267467,0.0,0.0,0.0,0.0,0.0
23,"agree, different prev/cooldown","Shared-PPO enters USR, MAPPO already in USR",10,0,0,10,10,-3.1759295441231834,0.17572354412318303,0.0,0.00020600000000000002,3.0,0.005281382723087782,0.005229882723087767,0.0,0.0,0.0,0.0,0.0
23,"agree, different prev/cooldown","Shared-PPO exits USR, MAPPO already in DPDK",56,6,0,56,56,-148.28111863440608,-0.016042635010634188,132.2995372694167,2.122624,13.875,0.5610850657414032,0.030429065741402445,6.0,6.0,0.0,0.0,0.0
23,"agree, different prev/cooldown",both switch,72,5,39,72,0,1.3749999999999574,3.608224830031759e-15,3.907985046680551e-14,0.0,-1.375,3.226585665316861e-16,3.226585665316861e-16,0.0,0.0,0.0,0.0,0.0
23,"agree, different prev/cooldown","no switch, cooldown counter differs",2873,1949,2592,0,0,4.581751644749943e-14,-4.581751644749943e-14,0.0,0.0,0.0,-5.1035564663237665e-15,-5.1035564663237665e-15,0.0,0.0,0.0,0.0,0.0
23,"agree, same state",-,6896,5107,6896,135,0,7.146019886938859e-14,-9.763891084535459e-14,2.4868995751603507e-14,0.0,0.0,3.8810100966291117e-14,3.8810100966291117e-14,0.0,0.0,0.0,0.0,0.0
42,MAPPO USR / Shared-PPO DPDK,USR QoS-risky,1,1,1,1,0,27.083909634205437,-0.0838890342054377,-27.0,-2.06e-05,0.0,-0.6572467451787799,-0.6572415951787799,-1.0,-1.0,-0.0841977596282959,-27.0,-0.6596603393554688
42,MAPPO USR / Shared-PPO DPDK,USR safe saving,2,0,2,2,0,-1.1424780854524768,0.6045946854524769,0.0,0.0378834,0.5,0.10680983109494652,0.09733898109494651,0.0,0.0,0.6094181537628174,0.0,0.09826402366161346
42,Shared-PPO USR / MAPPO DPDK,USR safe saving,205,0,111,135,70,141.3484200300643,-139.2920464300643,0.0,-1.9313735999999997,-0.125,-17.98868318139288,-17.50583978139288,0.0,0.0,-140.14523112773895,0.0,-17.62726056575775
42,"agree, different prev/cooldown","MAPPO enters USR, Shared-PPO already in USR",54,0,0,54,54,8.125022147466874,-0.4989097474668698,0.0,-0.0011123999999999997,-7.625,-0.027234799877673008,-0.02695669987767311,0.0,0.0,0.0,0.0,0.0
42,"agree, different prev/cooldown","MAPPO exits USR, Shared-PPO already in DPDK",2,2,0,2,2,55.09228092931992,-0.016472929319917937,-54.0,-0.075808,-1.0,-0.04827751585611484,-0.029325515856114814,-2.0,-2.0,0.0,0.0,0.0
42,"agree, different prev/cooldown","Shared-PPO enters USR, MAPPO already in USR",1,0,0,1,1,-0.5038810999965457,0.0038604999965455855,0.0,2.06e-05,0.5,0.0004577311770885828,0.00045258117708858736,0.0,0.0,0.0,0.0,0.0
42,"agree, different prev/cooldown","Shared-PPO exits USR, MAPPO already in DPDK",81,11,0,81,81,-277.115871930645,0.09634202651994586,252.44930590412505,3.070224,21.5,0.8559961083362941,0.0884401083362931,11.0,11.0,0.0,0.0,0.0
42,"agree, different prev/cooldown",both switch,58,4,29,58,0,1.1249999999999993,5.551115123125783e-17,0.0,0.0,-1.125,-3.0878077872387166e-16,-3.0878077872387166e-16,0.0,0.0,0.0,0.0,0.0
42,"agree, different prev/cooldown","no switch, cooldown counter differs",4450,3057,4048,0,0,1.5859188962075166e-13,-1.7991164114050662e-13,2.1316282072803006e-14,0.0,0.0,-6.681807884767466e-14,-6.681807884767466e-14,0.0,0.0,0.0,0.0,0.0
42,"agree, same state",-,5236,3992,5236,97,0,-2.016789513170636e-14,-1.1550309320096375e-13,1.3500311979441904e-13,0.0,0.0,-8.376459248449208e-14,-8.376459248449208e-14,0.0,0.0,0.0,0.0,0.0
64,MAPPO USR / Shared-PPO DPDK,USR safe saving,20,0,18,19,1,-11.173599839247702,9.294745239247701,0.0,0.3788546,1.5,1.4381326254265292,1.3434189754265289,0.0,0.0,9.40845775604248,0.0,1.3615052103996277
64,Shared-PPO USR / MAPPO DPDK,USR no saving,1,0,0,0,1,-0.011875788014393707,0.011875788014393707,0.0,0.0,0.0,0.002701155085966578,0.002701155085966578,0.0,0.0,0.011875748634338379,0.0,0.0027011632919311523
64,Shared-PPO USR / MAPPO DPDK,USR safe saving,66,0,49,55,11,38.60296695054266,-38.410230950542655,0.0,-0.567736,0.375,-5.434811499885718,-5.292877499885718,0.0,0.0,-38.68655174970627,0.0,-5.3336401134729385
64,"agree, different prev/cooldown","MAPPO enters USR, Shared-PPO already in USR",21,0,0,21,21,4.600979884126239,-0.10054728412623737,0.0,-0.00043260000000000005,-4.5,-0.009321989242947908,-0.009213839242947948,0.0,0.0,0.0,0.0,0.0
64,"agree, different prev/cooldown","MAPPO exits USR, Shared-PPO already in DPDK",11,0,0,11,11,3.7817964321042514,0.010147567895748888,0.0,-0.416944,-3.375,-0.10318428037173652,0.0010517196282636143,0.0,0.0,0.0,0.0,0.0
64,"agree, different prev/cooldown","Shared-PPO enters USR, MAPPO already in USR",8,0,0,8,8,-2.9771694329138283,0.10200463291382766,0.0,0.0001648,2.875,0.0035161885027645296,0.0034749885027645123,0.0,0.0,0.0,0.0,0.0
64,"agree, different prev/cooldown","Shared-PPO exits USR, MAPPO already in DPDK",34,5,0,34,34,-124.05353378965023,0.0027256860046672715,110.26207210364555,1.2887359999999999,12.5,0.35016101278008227,0.027977012780081856,5.0,5.0,0.0,0.0,0.0
64,"agree, different prev/cooldown",both switch,60,2,31,60,0,-2.125000000000001,-3.608224830031759e-15,3.552713678800501e-15,0.0,2.125,-2.498001805406602e-16,-2.498001805406602e-16,0.0,0.0,0.0,0.0,0.0
64,"agree, different prev/cooldown","no switch, cooldown counter differs",2095,1422,1914,0,0,2.6749435999562365e-14,-2.6749435999562365e-14,0.0,0.0,0.0,-1.0678957718113224e-14,-1.0678957718113224e-14,0.0,0.0,0.0,0.0,0.0
64,"agree, same state",-,7774,5638,7774,224,0,-5.338438024971026e-13,1.3908318940991649e-13,3.943512183468556e-13,0.0,0.0,5.2589009535974895e-14,5.2589009535974895e-14,0.0,0.0,0.0,0.0,0.0
77,MAPPO USR / Shared-PPO DPDK,USR safe saving,23,0,19,23,0,-18.42446021103678,19.42493401103678,0.0,-0.0004738000000000001,-1.0,2.2228952682498857,2.2230137182498857,0.0,0.0,19.49642050266266,0.0,2.2311948984861374
77,Shared-PPO USR / MAPPO DPDK,USR no saving,4,0,3,3,1,0.8688366719380427,0.24487532806195733,0.0,-0.11371200000000001,-1.0,0.031525329585248285,0.05995332958524832,0.0,0.0,0.25125885009765625,0.0,0.06152188777923584
77,Shared-PPO USR / MAPPO DPDK,USR safe saving,111,0,65,78,35,74.6423027172791,-59.383946917279104,0.0,-2.0083557999999995,-13.25,-8.471904232167455,-7.969815282167457,0.0,0.0,-60.00811207294464,0.0,-8.06365817785263
77,"agree, different prev/cooldown","MAPPO enters USR, Shared-PPO already in USR",31,0,0,31,31,10.022380626175314,-0.2717420261753122,0.0,-0.0006385999999999997,-9.75,-0.014502467200122259,-0.014342817200122284,0.0,0.0,0.0,0.0,0.0
77,"agree, different prev/cooldown","MAPPO exits USR, Shared-PPO already in DPDK",10,0,0,10,10,5.3405125004934595,0.03852749950654066,0.0,-0.37904,-5.0,-0.08931878900018814,0.005441210999811985,0.0,0.0,0.0,0.0,0.0
77,"agree, different prev/cooldown","Shared-PPO enters USR, MAPPO already in USR",11,0,0,11,11,-1.2991035314502457,0.04887693145024519,0.0,0.00022660000000000003,1.25,0.0044805691350209564,0.004423919135020944,0.0,0.0,0.0,0.0,0.0
77,"agree, different prev/cooldown","Shared-PPO exits USR, MAPPO already in DPDK",50,6,0,50,50,-152.01388349440245,0.03186511596739397,137.33681837843505,1.8951999999999998,12.75,0.5135218486455876,0.039721848645586894,6.0,6.0,0.0,0.0,0.0
77,"agree, different prev/cooldown",both switch,68,3,33,68,0,3.3749999999999787,8.326672684688674e-16,2.1316282072803006e-14,0.0,-3.375,2.3592239273284576e-16,2.3592239273284576e-16,0.0,0.0,0.0,0.0,0.0
77,"agree, different prev/cooldown","no switch, cooldown counter differs",2529,1581,2268,0,0,2.4064084058750268e-14,-2.4064084058750268e-14,0.0,0.0,0.0,1.6089560239684886e-15,1.6089560239684886e-15,0.0,0.0,0.0,0.0,0.0
77,"agree, same state",-,7253,5477,7253,150,0,9.711641213439037e-13,-1.458434067957981e-13,-8.242295734817162e-13,0.0,0.0,1.2290515827295678e-14,1.2290515827295678e-14,0.0,0.0,0.0,0.0,0.0
99,MAPPO USR / Shared-PPO DPDK,USR no saving,1,0,1,1,0,-0.4411680851111901,-0.09673591488881006,0.0,0.037904,0.5,-0.015951651600826483,-0.025427651600826495,0.0,0.0,-0.09938621520996094,0.0,-0.026124298572540283
99,MAPPO USR / Shared-PPO DPDK,USR safe saving,21,0,13,20,1,-14.362091359585959,9.34278515958596,0.0,0.6443062000000002,4.375,1.464942446009901,1.3038658960099005,0.0,0.0,9.508933782577515,0.0,1.3301366418600082
99,Shared-PPO USR / MAPPO DPDK,USR no saving,1,0,0,0,1,-0.011875788014393707,0.011875788014393707,0.0,0.0,0.0,0.002701155085966578,0.002701155085966578,0.0,0.0,0.011875748634338379,0.0,0.0027011632919311523
99,Shared-PPO USR / MAPPO DPDK,USR safe saving,81,0,59,61,20,46.941446726762024,-53.29100492676203,0.0,-0.15044179999999993,6.5,-6.776228734576196,-6.738618284576196,0.0,0.0,-53.49053621292114,0.0,-6.764219358563423
99,"agree, different prev/cooldown","MAPPO enters USR, Shared-PPO already in USR",25,0,0,25,25,3.1550385973815795,-0.15452359738157861,0.0,-0.0005149999999999999,-3.0,-0.011596574151169617,-0.011467824151169686,0.0,0.0,0.0,0.0,0.0
99,"agree, different prev/cooldown","MAPPO exits USR, Shared-PPO already in DPDK",11,1,0,11,11,25.74152618866039,0.0002561145055919867,-22.074838303165983,-0.416944,-3.25,-0.10914381596927467,-0.0049078159692745316,-1.0,-1.0,0.0,0.0,0.0
99,"agree, different prev/cooldown","Shared-PPO enters USR, MAPPO already in USR",10,0,0,10,10,-4.859915508326285,0.10970950832628545,0.0,0.00020600000000000002,4.75,0.004513525991116188,0.004462025991116201,0.0,0.0,0.0,0.0,0.0
99,"agree, different prev/cooldown","Shared-PPO exits USR, MAPPO already in DPDK",36,6,0,36,36,-149.29423048660115,0.005149217184433175,132.2995372694167,1.3645439999999998,15.625,0.3707844781953543,0.029648478195353906,6.0,6.0,0.0,0.0,0.0
99,"agree, different prev/cooldown",both switch,57,4,33,57,0,-4.124999999999953,-3.2751579226442118e-15,-4.263256414560601e-14,0.0,4.125,-5.759281940243e-16,-5.759281940243e-16,0.0,0.0,0.0,0.0,0.0
99,"agree, different prev/cooldown","no switch, cooldown counter differs",2082,1287,1861,0,0,1.0493689250878901e-13,-1.0493689250878901e-13,0.0,0.0,0.0,-2.481868877080018e-14,-2.481868877080018e-14,0.0,0.0,0.0,0.0,0.0
99,"agree, same state",-,7765,5769,7765,180,0,-5.227727972734186e-13,-3.606837051250977e-14,5.613287612504791e-13,0.0,0.0,6.824922571535552e-14,6.824922571535552e-14,0.0,0.0,0.0,0.0,0.0
