seed,direction,usr_risk_class,n_cells,share_same_observation,share_prev_upf_differs,median_load_mbps,share_forecast_crosses_81,share_forecast_crosses_149,share_switch_step_mappo,share_switch_step_shared,delta_qos_penalty,delta_energy_term,delta_switch_penalty,delta_cooldown_penalty,delta_reward,delta_wh_total,delta_viol
1,MAPPO USR / Shared-PPO DPDK,USR safe saving,14,0.7142857142857143,0.0,36.88351809978485,0.5714285714285714,0.0,0.9285714285714286,0.07142857142857142,0.0,20.552084789770145,0.037636199999999995,-2.0,-18.589720989770143,1.6572119106912861,0
1,Shared-PPO USR / MAPPO DPDK,USR no saving,14,0.7142857142857143,0.21428571428571427,97.93207049369812,1.0,0.0,0.7142857142857143,0.07142857142857142,0.0,0.8724038565168188,-0.3790194,-1.5,1.0066155434831812,0.12777375382872547,0
1,Shared-PPO USR / MAPPO DPDK,USR safe saving,240,0.45416666666666666,0.4,65.11706113815308,0.15833333333333333,0.0,0.29583333333333334,0.30416666666666664,0.0,-105.98053079841908,-2.6896802,-9.125,117.79521099841907,-15.84217729728369,0
7,MAPPO USR / Shared-PPO DPDK,USR safe saving,97,0.6288659793814433,0.28865979381443296,58.29846113920212,0.09278350515463918,0.0,0.3711340206185567,0.36082474226804123,0.0,69.27472611006566,1.3258984,2.375,-72.97562451006566,8.565477502288616,0
7,Shared-PPO USR / MAPPO DPDK,USR safe saving,22,0.6818181818181818,0.045454545454545456,46.52766510844231,0.3181818181818182,0.0,0.0,0.9545454545454546,0.0,-22.51410757738923,0.0004326,1.125,21.38867497738923,-2.3847355259705365,0
13,MAPPO USR / Shared-PPO DPDK,USR safe saving,138,0.6521739130434783,0.2391304347826087,46.705469489097595,0.050724637681159424,0.0,0.5869565217391305,0.17391304347826086,0.0,136.2276952146953,0.9080274,-6.625,-130.51072261469528,14.578078697844548,0
13,Shared-PPO USR / MAPPO DPDK,USR safe saving,1,1.0,0.0,65.13296067714691,0.0,0.0,1.0,0.0,0.0,-0.4427195541897402,-0.037904,-0.375,0.8556235541897401,-0.08156508828511091,0
23,MAPPO USR / Shared-PPO DPDK,USR safe saving,10,0.7,0.0,35.86391918361187,0.1,0.0,1.0,0.0,0.0,16.44859021132955,-0.000206,-3.25,-13.198384211329548,1.2628056845799551,0
23,Shared-PPO USR / MAPPO DPDK,USR no saving,1,1.0,0.0,92.88737922906876,1.0,0.0,1.0,0.0,0.0,0.06852281367519897,-0.037904,-0.125,0.09438118632480108,0.006436261449227543,0
23,Shared-PPO USR / MAPPO DPDK,USR safe saving,129,0.6356589147286822,0.24031007751937986,60.9889030456543,0.11627906976744186,0.0,0.4263565891472868,0.3333333333333333,0.0,-66.40764850752987,-2.0838342,-8.25,76.74148270752987,-9.849622347169168,0
42,MAPPO USR / Shared-PPO DPDK,USR QoS-risky,1,1.0,0.0,3133.861780166626,0.0,0.0,1.0,0.0,-27.0,-0.0838890342054377,-2.06e-05,0.0,27.083909634205437,-0.6572467451787799,-1
42,MAPPO USR / Shared-PPO DPDK,USR safe saving,2,1.0,0.0,73.29614087939262,1.0,0.0,0.5,0.5,0.0,0.6045946854524769,0.0378834,0.5,-1.1424780854524768,0.10680983109494652,0
42,Shared-PPO USR / MAPPO DPDK,USR safe saving,205,0.5414634146341464,0.34146341463414637,56.43043294548988,0.1024390243902439,0.0,0.24878048780487805,0.4097560975609756,0.0,-139.2920464300643,-1.9313736,-0.125,141.3484200300643,-17.988683181392883,0
64,MAPPO USR / Shared-PPO DPDK,USR safe saving,20,0.9,0.05,63.60011175274849,0.5,0.05,0.45,0.5,0.0,9.294745239247701,0.3788546,1.5,-11.1735998392477,1.4381326254265294,0
64,Shared-PPO USR / MAPPO DPDK,USR no saving,1,0.0,1.0,90.98023921251297,1.0,0.0,0.0,0.0,0.0,0.011875788014393707,0.0,0.0,-0.011875788014393707,0.002701155085966578,0
64,Shared-PPO USR / MAPPO DPDK,USR safe saving,66,0.7424242424242424,0.16666666666666666,58.308642357587814,0.07575757575757576,0.0,0.22727272727272727,0.6060606060606061,0.0,-38.410230950542655,-0.567736,0.375,38.60296695054266,-5.434811499885718,0
77,MAPPO USR / Shared-PPO DPDK,USR safe saving,23,0.8260869565217391,0.0,50.26350915431976,0.391304347826087,0.0,1.0,0.0,0.0,19.424934011036783,-0.00047379999999999997,-1.0,-18.42446021103678,2.2228952682498857,0
77,Shared-PPO USR / MAPPO DPDK,USR no saving,4,0.75,0.25,93.4235267341137,1.0,0.0,0.75,0.0,0.0,0.24487532806195733,-0.11371200000000001,-1.0,0.8688366719380427,0.031525329585248285,0
77,Shared-PPO USR / MAPPO DPDK,USR safe saving,111,0.5855855855855856,0.3153153153153153,61.51929125189781,0.21621621621621623,0.0,0.4774774774774775,0.24324324324324326,0.0,-59.38394691727911,-2.0083558,-13.25,74.64230271727911,-8.471904232167457,0
99,MAPPO USR / Shared-PPO DPDK,USR no saving,1,1.0,0.0,105.14254868030548,1.0,0.0,0.0,1.0,0.0,-0.09673591488881006,0.037904,0.5,-0.4411680851111901,-0.015951651600826483,0
99,MAPPO USR / Shared-PPO DPDK,USR safe saving,21,0.6190476190476191,0.047619047619047616,64.4759088754654,0.23809523809523808,0.0,0.14285714285714285,0.8095238095238095,0.0,9.34278515958596,0.6443061999999999,4.375,-14.362091359585959,1.4649424460099008,0
99,Shared-PPO USR / MAPPO DPDK,USR no saving,1,0.0,1.0,90.98023921251297,1.0,0.0,0.0,0.0,0.0,0.011875788014393707,0.0,0.0,-0.011875788014393707,0.002701155085966578,0
99,Shared-PPO USR / MAPPO DPDK,USR safe saving,81,0.7283950617283951,0.24691358024691357,56.0731403529644,0.14814814814814814,0.0,0.04938271604938271,0.7037037037037037,0.0,-53.29100492676203,-0.15044180000000001,6.5,46.941446726762024,-6.776228734576196,0
