controller,seed,usr_steps,usr_share_50_81,usr_steps_in_risky_state,risk_onsets,exposed_onsets,penalized_exits,best_step,best_val_return,exits_per_exposed_onset
MAPPO,1,771,0.16293929712460065,0,629,12,12,73728,-283373.4985806243,1.0
MAPPO,7,823,0.23162939297124602,0,629,15,15,53248,-356186.4584666896,1.0
MAPPO,13,755,0.1501597444089457,0,629,14,14,57344,-682914.9619625252,1.0
MAPPO,23,779,0.16932907348242812,0,629,14,14,57344,-601311.2357987085,1.0
MAPPO,42,707,0.11501597444089456,1,629,11,12,77824,-279548.82976229314,1.0909090909090908
MAPPO,64,873,0.24600638977635783,0,629,17,17,110592,-366945.6770815021,1.0
MAPPO,77,787,0.17731629392971246,0,629,14,14,53248,-575326.3350789936,1.0
MAPPO,99,823,0.21565495207667731,0,629,15,15,86016,-341250.7271531806,1.0
Shared-PPO,1,1011,0.4520766773162939,0,629,29,29,28672,-629819.3003447382,1.0
Shared-PPO,7,748,0.14376996805111822,0,629,13,13,49152,-602275.0068314138,1.0
Shared-PPO,13,618,0.06549520766773163,0,629,8,8,49152,-716109.1605005333,1.0
Shared-PPO,23,899,0.3274760383386581,0,629,20,20,40960,-682647.4914873517,1.0
Shared-PPO,42,909,0.329073482428115,0,629,21,21,69632,-446749.37053166894,1.0
Shared-PPO,64,920,0.30670926517571884,0,629,22,22,77824,-446541.1041151594,1.0
Shared-PPO,77,879,0.28594249201277955,0,629,20,20,40960,-682890.354211059,1.0
Shared-PPO,99,883,0.2731629392971246,0,629,20,20,53248,-452489.6721825147,1.0
