band,n_steps,n_onsets_next_step,p_onset_next,mean_sec_saving_per_usr_step,expected_exit_qos_penalty,net_expected_per_step_hold
10–25,203,2,0.009852216748768473,3.808840173805876,0.22641330546496466,3.582426868340911
10–25 | load rising vs t-1,60,0,0.0,3.6291213750839235,0.0,3.6291213750839235
10–25 | load not rising,143,2,0.013986013986013986,3.8842466627801215,0.3214118951705442,3.5628347676095773
25–50,509,11,0.021611001964636542,1.4052373176707735,0.49664136650615526,0.9085959511646182
25–50 | load rising vs t-1,174,2,0.011494252873563218,1.4130682640377132,0.2641488563757921,1.1489194076619211
25–50 | load not rising,335,9,0.026865671641791045,1.4011699007518257,0.6173986702753588,0.7837712304764669
50–81,626,56,0.08945686900958466,0.36564701633712354,2.0558038790141517,-1.6901568626770282
50–81 | load rising vs t-1,258,20,0.07751937984496124,0.3779124141663544,1.781469031371621,-1.4035566172052667
50–81 | load not rising,368,36,0.09782608695652174,0.35704790590249974,2.248136462415709,-1.8910885565132092
81–149,1520,475,0.3125,-0.054885543373070264,7.181547032716847,-7.236432576089918
81–149 | load rising vs t-1,636,173,0.2720125786163522,-0.05566219301343714,6.251107605836551,-6.306769798849988
81–149 | load not rising,884,302,0.3416289592760181,-0.05432677734221808,7.850958204092264,-7.905284981434482
