seed,load_bin,n_cells,usr_share_mappo,usr_share_shared,n_shared_usr_mappo_dpdk,n_mappo_usr_shared_dpdk,cf_usr_qos_risky_share,delta_reward,delta_energy_term,delta_qos_penalty,delta_switch_penalty,delta_cooldown_penalty,delta_wh_total,delta_viol
1,<10,44,1.0,1.0,0,0,0.0,0.7276250662150586,-0.10258386621505844,0.0,-4.12e-05,-0.625,-0.001397887589117153,0.0
1,10–25,203,0.9901477832512315,0.9852216748768473,0,1,0.0,-1.813548227325311,3.438671827325311,0.0,-0.0001236,-1.625,0.15732479341808048,0.0
1,25–50,509,0.831041257367387,0.8664047151277013,29,11,0.0,22.782872876680308,-15.869186076680311,0.0,-0.0386868,-6.875,-2.17661295232024,0.0
1,50–81,626,0.16293929712460065,0.4520766773162939,183,2,0.0,74.10304338899365,-70.15249518899367,0.0,-1.3255482,-2.625,-11.203046523748572,0.0
1,81–149,1520,0.0006578947368421052,0.028289473684210528,42,0,0.0,-4.920050661395459,-2.217172338604543,0.0,1.137223,6.0,-0.1417510619508287,0.0
1,149–300,2574,0.0,0.0,0,0,0.95998445998446,-356.177767580665,0.22259869177274472,352.93580088889223,0.644368,2.375,0.2727470464034913,16.0
1,300–600,2420,0.0,0.0,0,0,0.9991735537190083,-27.04939596514633,0.011491965146327277,27.0,0.037904,0.0,0.02347552767430086,1.0
1,≥600,2194,0.0,0.0,0,0,0.9927073837739289,2.5178817364412964e-13,-6.8573619005363184e-15,-2.4513724383723456e-13,0.0,0.0,-1.0380585280245214e-14,0.0
7,<10,44,1.0,1.0,0,0,0.0,-1.1387927585908781,0.13873095859087814,0.0,6.18e-05,1.0,0.002089045986087455,0.0
7,10–25,203,0.9901477832512315,0.9950738916256158,1,0,0.0,2.42704728888075,-3.17708848888075,0.0,4.12e-05,0.75,-0.15994389502377068,0.0
7,25–50,509,0.8447937131630648,0.8094302554027505,14,32,0.0,-21.560108168552432,25.522080568552433,0.0,0.0380276,-4.0,2.2612369012526736,0.0
7,50–81,626,0.23162939297124602,0.14376996805111822,7,62,0.0,-30.754902737601157,24.23574073760116,0.0,0.644162,5.875,3.8690763836789093,0.0
7,81–149,1520,0.001973684210526316,0.0,0,3,0.0,2.667011430344224,0.3144731696557762,0.0,-0.6064846,-2.375,-0.0868111641941876,0.0
7,149–300,2574,0.0,0.0,0,0,0.95998445998446,44.211650904943426,-0.023539436006252523,-44.11230346893717,-0.075808,0.0,-0.03177190947460257,-2.0
7,300–600,2420,0.0,0.0,0,0,0.9991735537190083,1.6764367671839864e-14,-1.6819878823071122e-14,0.0,0.0,0.0,-1.0630385460785874e-14,0.0
7,≥600,2194,0.0,0.0,0,0,0.9927073837739289,3.74353326115795e-15,-3.672409598642901e-15,0.0,0.0,0.0,-2.550737399076297e-14,0.0
13,<10,44,1.0,1.0,0,0,0.0,-1.1387927585908795,0.13873095859087936,0.0,6.18e-05,1.0,0.0020890459860874767,0.0
13,10–25,203,0.9950738916256158,0.9852216748768473,0,2,0.0,-6.057852358821351,6.4326669588213505,0.0,0.0001854,-0.375,0.32739489935808813,0.0
13,25–50,509,0.8153241650294696,0.6542239685658153,0,82,0.0,-94.31954045815249,101.78231625815248,0.0,0.03722419999999999,-7.5,10.04705966549393,0.0
13,50–81,626,0.1501597444089457,0.06549520766773163,1,54,0.0,-26.893803140436265,28.132721140436264,0.0,-0.11391799999999999,-1.125,3.942325606012825,0.0
13,81–149,1520,0.0,0.0,0,0,0.0,6.907713519358634,-0.035921519358632414,0.0,-0.8717920000000001,-6.0,-0.22771415535748618,0.0
13,149–300,2574,0.0,0.0,0,0,0.95998445998446,89.04902845228737,-0.047805514413018446,-88.22460693787433,-0.151616,-0.625,-0.06354393170096942,-4.0
13,300–600,2420,0.0,0.0,0,0,0.9991735537190083,55.105854375944126,-0.030046375944121434,-54.0,-0.075808,-1.0,-0.04622171796779104,-2.0
13,≥600,2194,0.0,0.0,0,0,0.9927073837739289,-6.872384605838278e-13,3.37924133120282e-14,6.536993168992922e-13,0.0,0.0,8.271161533457416e-14,0.0
23,<10,44,1.0,1.0,0,0,0.0,0.12171244727171293,0.0032875527282870687,0.0,0.0,-0.125,1.3576149561315976e-08,0.0
23,10–25,203,0.9950738916256158,0.9852216748768473,0,2,0.0,-4.4748543193234,6.2249985193234005,0.0,-0.00014419999999999998,-1.75,0.31763339030695636,0.0
23,25–50,509,0.8388998035363457,0.8664047151277013,22,8,0.0,18.706527462871044,-13.79312906287104,0.0,-0.0383984,-4.875,-1.7805407153022985,0.0
23,50–81,626,0.16932907348242812,0.3274760383386581,99,0,0.0,45.849203640944125,-41.788530240944134,0.0,-1.0606734,-3.0,-6.722803839452011,0.0
23,81–149,1520,0.0,0.0059210526315789476,9,0,0.0,-2.4448204181812105,-0.8019715818187915,0.0,0.8717920000000001,2.375,0.05247175266481502,0.0
23,149–300,2574,0.0,0.0,0,0,0.95998445998446,-132.9800888279457,0.07812755852891695,132.29953726941676,0.22742400000000002,0.375,0.09892894379953451,6.0
23,300–600,2420,0.0,0.0,0,0,0.9991735537190083,-2.6367796834847468e-15,2.220446049250313e-15,0.0,0.0,0.0,2.8310687127941492e-14,0.0
23,≥600,2194,0.0,0.0,0,0,0.9927073837739289,-4.256664465351889e-14,4.256144048309096e-14,0.0,0.0,0.0,9.697798120100742e-14,0.0
42,<10,44,1.0,1.0,0,0,0.0,0.903079161944563,-0.15303796194456287,0.0,-4.12e-05,-0.75,-0.0014444266731154475,0.0
42,10–25,203,0.9950738916256158,0.9950738916256158,0,0,0.0,1.6237538614250204,-0.12354786142501983,0.0,-0.000206,-1.5,-0.006029079662057946,0.0
42,25–50,509,0.7603143418467584,0.8919449901768173,67,0,0.0,71.61909229250011,-76.83131189250011,0.0,-0.03778039999999999,5.25,-8.136654239555938,0.0
42,50–81,626,0.11501597444089456,0.329073482428115,135,1,0.0,64.30004321463184,-61.94028081463183,0.0,-0.9847623999999999,-1.375,-9.517699117582737,0.0
42,81–149,1520,0.0006578947368421052,0.001973684210526316,3,1,0.0,-10.977898461587053,-0.178589538412949,0.0,1.781488,9.375,0.4162259641269963,0.0
42,149–300,2574,0.0,0.0,0,0,0.95998445998446,-200.52600463153297,0.11056272740789641,198.44930590412503,0.341136,1.625,0.14672487071669463,9.0
42,300–600,2420,0.0,0.0,0,0,0.9991735537190083,-27.553663389191627,0.015759389191619594,27.0,0.037904,0.5,0.025008956599785997,1.0
42,≥600,2194,0.00045578851412944393,0.0,0,1,0.9927073837739289,54.62399957677272,-0.08607497677287404,-53.99999999999984,-0.0379246,-0.5,-0.6843114996669013,-2.0
64,<10,44,1.0,1.0,0,0,0.0,-0.5750210898007133,0.07500048980071328,0.0,2.06e-05,0.5,0.00072220654848294,0.0
64,10–25,203,0.9950738916256158,0.9950738916256158,0,0,0.0,1.0015926771405654,-0.001592677140565435,0.0,0.0,-1.0,-2.6015553166586214e-08,0.0
64,25–50,509,0.925343811394892,0.9430255402750491,11,2,0.0,6.994321715278035,-9.369198115278035,0.0,-0.0001236,2.375,-1.1077193632963878,0.0
64,50–81,626,0.24600638977635783,0.30670926517571884,54,16,0.0,18.171690279513783,-20.009239479513788,0.0,-0.03745079999999998,1.875,-2.8935169676347416,0.0
64,81–149,1520,0.0013157894736842105,0.0013157894736842105,2,2,0.0,-5.804632897592439,0.14895629759243767,0.0,0.5306766,5.125,0.16480243633614744,0.0
64,149–300,2574,0.0,0.0,0,0,0.95998445998446,-113.14338626759248,0.06679416394677251,110.2620721036457,0.18952000000000002,2.625,0.0829049263570332,5.0
64,300–600,2420,0.0,0.0,0,0,0.9991735537190083,-3.3861802251067274e-14,3.377853552422039e-14,0.0,0.0,0.0,3.086420008457935e-14,0.0
64,≥600,2194,0.0,0.0,0,0,0.9927073837739289,-2.2715163083830703e-13,-1.797867410502363e-14,2.4513724383723456e-13,0.0,0.0,-3.0142555118573e-14,0.0
77,<10,44,1.0,1.0,0,0,0.0,0.5750210898007228,-0.0750004898007226,0.0,-2.06e-05,-0.5,-0.0007222065484830927,0.0
77,10–25,203,0.9950738916256158,0.9950738916256158,0,0,0.0,1.321563318265254,-0.07148091826525393,0.0,-8.24e-05,-1.25,-0.0025427400940600843,0.0
77,25–50,509,0.8428290766208252,0.862475442043222,21,11,0.0,15.612434742448286,-11.824262942448284,0.0,-0.0381718,-3.75,-1.28979748811904,0.0
77,50–81,626,0.17731629392971246,0.28594249201277955,80,12,0.0,43.29811694013351,-27.134422140133516,0.0,-1.2886948,-14.875,-4.564418984663265,0.0
77,81–149,1520,0.0006578947368421052,0.009868421052631578,14,0,0.0,0.7294560374883751,-0.8472080374883745,0.0,0.492752,-0.375,-0.04605039525756674,0.0
77,149–300,2574,0.0,0.0,0,0,0.95998445998446,-111.47281586238694,0.07147748395200387,110.33681837843491,0.18952000000000002,0.875,0.07901658056236918,5.0
77,300–600,2420,0.0,0.0,0,0,0.9991735537190083,-27.55219098675246,0.014286986752460373,27.0,0.037904,0.5,0.021212761367978894,1.0
77,≥600,2194,0.0,0.0,0,0,0.9927073837739289,6.384857920149756e-13,1.5360976379774627e-14,-6.536993168992922e-13,0.0,0.0,5.512257317263902e-14,0.0
99,<10,44,1.0,1.0,0,0,0.0,-0.172417113386375,0.047417113386375,0.0,0.0,0.125,4.652550784887445e-05,0.0
99,10–25,203,0.9950738916256158,0.9950738916256158,0,0,0.0,0.286171271068861,-0.03610947106886053,0.0,-6.18e-05,-0.25,-0.0017844947655069124,0.0
99,25–50,509,0.8565815324165029,0.9017681728880157,25,2,0.0,14.982668811473143,-25.85787481147314,0.0,0.00020599999999999997,10.875,-2.798055385738183,0.0
99,50–81,626,0.21565495207667731,0.2731629392971246,53,17,0.0,6.774701156468341,-18.10924835646834,0.0,0.8345472,10.5,-2.4212558856851105,0.0
99,81–149,1520,0.003947368421052632,0.004605263157894736,4,3,0.0,-6.278144918183536,-0.1767030818164641,0.0,0.4548480000000001,6.0,0.07122556387900492,0.0
99,149–300,2574,0.0,0.0,0,0,0.95998445998446,-112.84924892227512,0.0600299560244798,110.22469896625066,0.18952000000000002,2.375,0.07984450578678237,5.0
99,300–600,2420,0.0,0.0,0,0,0.9991735537190083,-4.324318680914985e-14,4.335420911161236e-14,0.0,0.0,0.0,3.8691272408186705e-14,0.0
99,≥600,2194,0.0,0.0,0,0,0.9927073837739289,-5.881996278933599e-13,1.6035783811929605e-14,5.719869022868806e-13,0.0,0.0,3.9496184101039944e-14,0.0
