seed,controller,t,cluster,direction,load_mbps,load_prev_mbps,forecast_mbps,cf_class_at_t,cf_usr_q_at_t,cf_usr_loss_at_t,cf_usr_delay_at_t,cf_class_at_t_minus_1,qos_penalty,q_score,is_safe,predicted_loss,delay_us,energy_term,switch_penalty,cooldown_penalty,other_controller_same_upf_at_t,other_switches_at_t,other_already_in_new_upf_steps,other_qos_penalty_at_t,forecast_prev_mbps,jump_ratio,load_rising_at_t_minus_1,other_clusters_crossed_149_at_t_minus_1,other_clusters_crossed_149_at_t,step_of_day
1,MAPPO,64,6,USR->DPDK (exit),227.99848020076752,46.838171780109406,46.3174432516098,USR QoS-risky,0.1654178351163864,9.172910690307615,67.34510040283203,USR safe saving,22.0374651657712,0.1654178278076266,False,9.172910690307615,64.6092300415039,0.3715113753434233,0.037904,0.5,True,True,0,22.03746516577119,76.13523304462433,4.867792049423902,False,1,0,64
1,MAPPO,65,4,USR->DPDK (exit),220.3644961118698,52.14542895555496,28.86466681957245,USR QoS-risky,0.1654178351163864,9.172910690307615,67.34510040283203,USR safe saving,22.0374651657712,0.1654178278076266,False,9.172910690307615,64.6092300415039,0.3843814700195475,0.037904,0.0,True,True,0,22.037465165771223,20.68619430065155,4.225959983945914,True,1,0,65
1,MAPPO,77,4,USR->DPDK (exit),271.91948890686035,45.65170407295227,44.28806155920029,USR QoS-risky,0.1654178351163864,9.172910690307615,67.34510040283203,USR safe saving,22.0374651657712,0.1654178278076266,False,9.172910690307615,64.6092300415039,0.3115101292443437,0.037904,0.0,True,True,0,22.037465165771223,25.934606790542603,5.95639296338923,True,0,0,77
1,MAPPO,258,6,USR->DPDK (exit),261.77510619163513,40.64236953854561,28.1280130147934,USR QoS-risky,0.1654178351163864,9.172910690307615,67.34510040283203,USR safe saving,22.0374651657712,0.1654178278076266,False,9.172910690307615,64.6092300415039,0.3235763332959675,0.037904,0.375,True,True,0,22.03746516577119,34.55093502998352,6.4409410465933865,False,1,0,66
1,MAPPO,364,4,USR->DPDK (exit),175.4271537065506,33.57217460870743,35.48486530780792,USR QoS-risky,0.1641720533370971,9.179140090942385,66.08294677734375,USR safe saving,22.074838303165947,0.1641720565611351,False,9.179140090942385,64.23343658447266,0.4815346030584065,0.037904,0.0,True,True,0,22.074838303165983,39.899542927742004,5.225373564602248,False,0,0,76
1,MAPPO,462,1,USR->DPDK (exit),300.0152111053467,15.767209231853483,24.805203080177307,USR QoS-risky,0.0,10.05422306060791,157.73089599609375,USR safe saving,27.0,0.0,False,10.05422306060791,64.6092300415039,0.2878957017724178,0.037904,0.0,True,True,0,27.0,30.956074595451355,19.02779411966229,False,1,0,78
1,MAPPO,641,1,USR->DPDK (exit),195.82465291023252,20.89705877006054,22.25407212972641,USR QoS-risky,0.1641720533370971,9.179140090942385,66.08294677734375,USR safe saving,22.07483830316596,0.1641720565611347,False,9.179140090942385,64.23343658447266,0.4313769669464118,0.037904,0.5,True,True,0,22.07483830316597,56.365326046943665,9.37091937506501,False,0,1,65
1,MAPPO,646,7,USR->DPDK (exit),316.62023067474365,52.29885131120682,43.61411184072495,USR QoS-risky,0.0,10.60427188873291,264.27935791015625,USR safe saving,27.0,0.0,False,10.60427188873291,64.60276794433594,0.2740871762157792,0.037904,0.5,True,True,0,27.0,54.49502915143967,6.054057072700886,False,0,0,70
1,MAPPO,841,8,USR->DPDK (exit),236.1373454332352,47.8685274720192,52.31951177120209,USR QoS-risky,0.1654178351163864,9.172910690307615,67.34510040283203,USR safe saving,22.0374651657712,0.1654178278076266,False,9.172910690307615,64.6092300415039,0.358706619658966,0.037904,0.375,True,True,0,22.0374651657712,43.38403046131134,4.933039679803511,True,0,1,73
1,MAPPO,846,2,USR->DPDK (exit),291.311651468277,29.448090121150017,64.08688426017761,USR QoS-risky,0.1654178351163864,9.172910690307615,123.90409088134766,USR safe saving,22.0374651657712,0.1654178278076266,False,9.172910690307615,64.6092300415039,0.2953546416402111,0.037904,0.5,True,True,0,22.03746516577119,84.10710096359253,9.892378428272094,False,0,0,78
1,MAPPO,954,6,USR->DPDK (exit),408.25656056404114,34.059323370456696,64.81979787349701,USR QoS-risky,0.0,1268.6173095703125,397.0951843261719,USR safe saving,27.0,0.0,False,1268.6173095703125,64.70343017578125,0.2160814863475518,0.037904,0.5,True,True,0,27.0,88.2902443408966,11.986631564095187,False,1,0,90
1,MAPPO,964,6,USR->DPDK (exit),241.68972671031952,34.415729343891144,83.64175260066986,USR QoS-risky,0.1654178351163864,9.172910690307615,67.34510040283203,USR safe saving,22.0374651657712,0.1654178278076266,False,9.172910690307615,64.6092300415039,0.3504659883914742,0.037904,0.5,True,True,0,22.03746516577119,95.27388215065002,7.0226530519022665,False,0,1,4
1,Shared-PPO,64,6,USR->DPDK (exit),227.99848020076752,46.838171780109406,46.3174432516098,USR QoS-risky,0.1654178351163864,9.172910690307615,67.34510040283203,USR safe saving,22.03746516577119,0.1654178278076269,False,9.172910690307615,64.6092300415039,0.3715113753434231,0.037904,0.5,True,True,0,22.0374651657712,76.13523304462433,4.867792049423902,False,1,0,64
1,Shared-PPO,65,4,USR->DPDK (exit),220.3644961118698,52.14542895555496,28.86466681957245,USR QoS-risky,0.1654178351163864,9.172910690307615,67.34510040283203,USR safe saving,22.037465165771223,0.1654178278076259,False,9.172910690307615,64.6092300415039,0.3843814700195473,0.037904,0.0,True,True,0,22.0374651657712,20.68619430065155,4.225959983945914,True,1,0,65
1,Shared-PPO,77,4,USR->DPDK (exit),271.91948890686035,45.65170407295227,44.28806155920029,USR QoS-risky,0.1654178351163864,9.172910690307615,67.34510040283203,USR safe saving,22.037465165771223,0.1654178278076259,False,9.172910690307615,64.6092300415039,0.3115101292443436,0.037904,0.0,True,True,0,22.0374651657712,25.934606790542603,5.95639296338923,True,0,0,77
1,Shared-PPO,95,6,USR->DPDK (exit),487.280547618866,78.45285534858704,70.22353261709213,USR QoS-risky,0.0,1258.758056640625,1492.0211181640625,USR safe saving,27.0,0.0,False,1258.758056640625,64.70343017578125,0.1800145148049196,0.037904,0.0,True,False,4,0.0,56.58891052007675,6.2111257194368275,True,3,0,95
1,Shared-PPO,175,5,USR->DPDK (exit),208.61543715000155,77.88003981113434,91.64263308048248,USR QoS-risky,0.1654178351163864,9.172910690307615,67.34510040283203,USR safe saving,22.037465165771213,0.1654178278076262,False,9.172910690307615,64.6092300415039,0.4060295350755482,0.037904,0.0,True,False,1,0.0,64.58906829357147,2.6786765602060756,True,0,1,79
1,Shared-PPO,176,1,USR->DPDK (exit),275.7170498371124,38.28468173742294,54.60440367460251,USR QoS-risky,0.1654178351163864,9.172910690307615,67.34510040283203,USR safe saving,22.0374651657712,0.1654178278076266,False,9.172910690307615,64.6092300415039,0.3072195759510491,0.037904,0.0,True,False,3,0.0,58.50920081138611,7.201758962713314,False,2,1,80
1,Shared-PPO,177,0,USR->DPDK (exit),242.78612434864044,81.64152503013611,57.30254948139191,USR QoS-risky,0.1654178351163864,9.172910690307615,67.34510040283203,USR safe saving,22.037465165771184,0.1654178278076272,False,9.172910690307615,64.6092300415039,0.3488833193529733,0.037904,0.0,True,False,1,0.0,36.477312445640564,2.9738068251299996,True,2,2,81
1,Shared-PPO,177,7,USR->DPDK (exit),171.0605025291443,60.73367968201637,59.5896989107132,USR QoS-risky,0.1641720533370971,9.179140090942385,66.08294677734375,USR safe saving,22.07483830316597,0.1641720565611344,False,9.179140090942385,64.23343658447266,0.493826707958827,0.037904,0.0,True,False,1,0.0,47.269418835639954,2.816567404194289,True,2,2,81
1,Shared-PPO,206,6,USR->DPDK (exit),167.5504446029663,81.19405061006546,85.51246672868729,USR QoS-risky,0.1641720533370971,9.179140090942385,66.08294677734375,USR safe saving,22.07483830316597,0.1641720565611344,False,9.179140090942385,64.23343658447266,0.504172012350807,0.037904,0.5,True,False,21,0.0,84.66081321239471,2.063580315848849,True,1,0,14
1,Shared-PPO,258,6,USR->DPDK (exit),261.77510619163513,40.64236953854561,28.1280130147934,USR QoS-risky,0.1654178351163864,9.172910690307615,67.34510040283203,USR safe saving,22.03746516577119,0.1654178278076269,False,9.172910690307615,64.6092300415039,0.3235763332959675,0.037904,0.25,True,True,0,22.0374651657712,34.55093502998352,6.4409410465933865,False,1,0,66
1,Shared-PPO,353,4,USR->DPDK (exit),195.9568560123444,51.252830773592,34.104324877262115,USR QoS-risky,0.1641720533370971,9.179140090942385,66.08294677734375,USR safe saving,22.074838303165983,0.1641720565611339,False,9.179140090942385,64.23343658447266,0.4310859366942918,0.037904,0.0,True,False,4,0.0,41.11813008785248,3.823337229468915,False,1,1,65
1,Shared-PPO,353,7,USR->DPDK (exit),211.9711637496948,67.84196197986603,54.01381105184555,USR QoS-risky,0.1654178351163864,9.172910690307615,67.34510040283203,USR safe saving,22.0374651657712,0.1654178278076266,False,9.172910690307615,64.6092300415039,0.3996016602315763,0.037904,0.5,True,False,80,0.0,61.59789115190506,3.1244845750864796,True,1,1,65
1,Shared-PPO,364,4,USR->DPDK (exit),175.4271537065506,33.57217460870743,35.48486530780792,USR QoS-risky,0.1641720533370971,9.179140090942385,66.08294677734375,USR safe saving,22.074838303165983,0.1641720565611339,False,9.179140090942385,64.23343658447266,0.4815346030584067,0.037904,0.0,True,True,0,22.074838303165947,39.899542927742004,5.225373564602248,False,0,0,76
1,Shared-PPO,381,0,USR->DPDK (exit),181.30284547805783,70.10805606842041,58.20569396018982,USR QoS-risky,0.1641720533370971,9.179140090942385,66.08294677734375,USR safe saving,22.07483830316596,0.1641720565611347,False,9.179140090942385,64.23343658447266,0.4659289522070598,0.037904,0.375,True,False,6,0.0,49.02684688568115,2.586048674650447,True,0,1,93
1,Shared-PPO,462,1,USR->DPDK (exit),300.0152111053467,15.767209231853483,24.805203080177307,USR QoS-risky,0.0,10.05422306060791,157.73089599609375,USR safe saving,27.0,0.0,False,10.05422306060791,64.6092300415039,0.2878957017724177,0.037904,0.0,True,True,0,27.0,30.956074595451355,19.02779411966229,False,1,0,78
1,Shared-PPO,466,5,USR->DPDK (exit),292.000949382782,63.85902315378189,62.62250244617462,USR QoS-risky,0.1654178351163864,9.172910690307615,123.90409088134766,USR safe saving,22.037465165771213,0.1654178278076262,False,9.172910690307615,64.6092300415039,0.2946574269943262,0.037904,0.0,True,False,1,0.0,47.64189571142197,4.572587160934186,True,2,0,82
1,Shared-PPO,472,7,USR->DPDK (exit),162.65754401683807,58.61378461122513,61.07161939144135,USR QoS-risky,0.1641720533370971,9.179140090942385,66.08294677734375,USR safe saving,22.07483830316597,0.1641720565611344,False,9.179140090942385,64.23343658447266,0.5193380075688668,0.037904,0.0,True,False,3,0.0,56.20791018009186,2.775073220330624,True,1,0,88
1,Shared-PPO,547,5,USR->DPDK (exit),244.9651509523392,64.6088719367981,49.72829669713974,USR QoS-risky,0.1654178351163864,9.172910690307615,67.34510040283203,USR safe saving,22.037465165771213,0.1654178278076262,False,9.172910690307615,64.6092300415039,0.3457799145155856,0.037904,0.5,True,False,82,0.0,63.51137161254883,3.7915094879224918,False,0,0,67
1,Shared-PPO,641,1,USR->DPDK (exit),195.82465291023252,20.89705877006054,22.25407212972641,USR QoS-risky,0.1641720533370971,9.179140090942385,66.08294677734375,USR safe saving,22.07483830316597,0.1641720565611344,False,9.179140090942385,64.23343658447266,0.4313769669464116,0.037904,0.25,True,True,0,22.07483830316596,56.365326046943665,9.37091937506501,False,0,1,65
1,Shared-PPO,646,7,USR->DPDK (exit),316.62023067474365,52.29885131120682,43.61411184072495,USR QoS-risky,0.0,10.60427188873291,264.27935791015625,USR safe saving,27.0,0.0,False,10.60427188873291,64.60276794433594,0.2740871762157792,0.037904,0.5,True,True,0,27.0,54.49502915143967,6.054057072700886,False,0,0,70
1,Shared-PPO,656,4,USR->DPDK (exit),156.705841422081,54.313890635967255,55.695220828056335,USR QoS-risky,0.1641720533370971,9.179140090942385,66.08294677734375,USR safe saving,22.074838303165983,0.1641720565611339,False,9.179140090942385,64.23343658447266,0.5390118318970938,0.037904,0.0,True,False,2,0.0,57.602956891059875,2.885189029679061,False,3,2,80
1,Shared-PPO,656,6,USR->DPDK (exit),183.06003510952,104.79483753442764,71.46909087896347,USR QoS-risky,0.1641720533370971,9.179140090942385,66.08294677734375,USR no saving,22.07483830316597,0.1641720565611344,False,9.179140090942385,64.23343658447266,0.4614565094735791,0.037904,0.0,True,False,1,0.0,38.18220645189285,1.746842109940581,True,3,2,80
1,Shared-PPO,841,8,USR->DPDK (exit),236.1373454332352,47.8685274720192,52.31951177120209,USR QoS-risky,0.1654178351163864,9.172910690307615,67.34510040283203,USR safe saving,22.0374651657712,0.1654178278076266,False,9.172910690307615,64.6092300415039,0.3587066196589661,0.037904,0.375,True,True,0,22.0374651657712,43.38403046131134,4.933039679803511,True,0,1,73
1,Shared-PPO,846,2,USR->DPDK (exit),291.311651468277,29.448090121150017,64.08688426017761,USR QoS-risky,0.1654178351163864,9.172910690307615,123.90409088134766,USR safe saving,22.03746516577119,0.1654178278076269,False,9.172910690307615,64.6092300415039,0.295354641640211,0.037904,0.5,True,True,0,22.0374651657712,84.10710096359253,9.892378428272094,False,0,0,78
1,Shared-PPO,852,4,USR->DPDK (exit),192.51689314842224,74.65749233961105,76.89592242240906,USR QoS-risky,0.1641720533370971,9.179140090942385,66.08294677734375,USR safe saving,22.074838303165983,0.1641720565611339,False,9.179140090942385,64.23343658447266,0.4387887392335172,0.037904,0.0,True,False,2,0.0,62.6659169793129,2.5786680896363094,True,1,1,84
1,Shared-PPO,935,8,USR->DPDK (exit),241.1428689956665,66.51609390974045,52.56228893995285,USR QoS-risky,0.1654178351163864,9.172910690307615,67.34510040283203,USR safe saving,22.0374651657712,0.1654178278076266,False,9.172910690307615,64.6092300415039,0.3512607663182426,0.037904,0.5,True,False,90,0.0,58.1744983792305,3.625331176585433,False,0,0,71
1,Shared-PPO,954,6,USR->DPDK (exit),408.25656056404114,34.059323370456696,64.81979787349701,USR QoS-risky,0.0,1268.6173095703125,397.0951843261719,USR safe saving,27.0,0.0,False,1268.6173095703125,64.70343017578125,0.2160814863475519,0.037904,0.5,True,True,0,27.0,88.2902443408966,11.986631564095187,False,1,0,90
1,Shared-PPO,964,6,USR->DPDK (exit),241.68972671031952,34.415729343891144,83.64175260066986,USR QoS-risky,0.1654178351163864,9.172910690307615,67.34510040283203,USR safe saving,22.03746516577119,0.1654178278076269,False,9.172910690307615,64.6092300415039,0.3504659883914741,0.037904,0.375,True,True,0,22.0374651657712,95.27388215065002,7.0226530519022665,False,0,1,4
1,Shared-PPO,986,6,USR->DPDK (exit),158.26073288917542,49.395300447940826,92.7777960896492,USR QoS-risky,0.1641720533370971,9.179140090942385,66.08294677734375,USR safe saving,22.07483830316597,0.1641720565611344,False,9.179140090942385,64.23343658447266,0.5337161095610508,0.037904,0.5,True,False,22,0.0,103.57848554849625,3.2039633619795693,False,1,1,26
7,MAPPO,65,4,USR->DPDK (exit),220.3644961118698,52.14542895555496,28.86466681957245,USR QoS-risky,0.1654178351163864,9.172910690307615,67.34510040283203,USR safe saving,22.037465165771213,0.1654178278076262,False,9.172910690307615,64.6092300415039,0.3843814700195475,0.037904,0.0,True,True,0,22.03746516577119,20.68619430065155,4.225959983945914,True,1,0,65
7,MAPPO,77,4,USR->DPDK (exit),271.91948890686035,45.65170407295227,44.28806155920029,USR QoS-risky,0.1654178351163864,9.172910690307615,67.34510040283203,USR safe saving,22.037465165771213,0.1654178278076262,False,9.172910690307615,64.6092300415039,0.3115101292443437,0.037904,0.0,True,True,0,22.03746516577119,25.934606790542603,5.95639296338923,True,0,0,77
7,MAPPO,176,1,USR->DPDK (exit),275.7170498371124,38.28468173742294,54.60440367460251,USR QoS-risky,0.1654178351163864,9.172910690307615,67.34510040283203,USR safe saving,22.03746516577117,0.1654178278076277,False,9.172910690307615,64.6092300415039,0.3072195759510491,0.037904,0.0,True,False,3,0.0,58.50920081138611,7.201758962713314,False,2,1,80
7,MAPPO,177,7,USR->DPDK (exit),171.0605025291443,60.73367968201637,59.5896989107132,USR QoS-risky,0.1641720533370971,9.179140090942385,66.08294677734375,USR safe saving,22.07483830316596,0.1641720565611347,False,9.179140090942385,64.23343658447266,0.4938267079588272,0.037904,0.0,True,False,1,0.0,47.269418835639954,2.816567404194289,True,2,2,81
7,MAPPO,258,6,USR->DPDK (exit),261.77510619163513,40.64236953854561,28.1280130147934,USR QoS-risky,0.1654178351163864,9.172910690307615,67.34510040283203,USR safe saving,22.03746516577119,0.1654178278076269,False,9.172910690307615,64.6092300415039,0.3235763332959674,0.037904,0.375,True,True,0,22.037465165771184,34.55093502998352,6.4409410465933865,False,1,0,66
7,MAPPO,353,4,USR->DPDK (exit),195.9568560123444,51.252830773592,34.104324877262115,USR QoS-risky,0.1641720533370971,9.179140090942385,66.08294677734375,USR safe saving,22.07483830316597,0.1641720565611344,False,9.179140090942385,64.23343658447266,0.4310859366942917,0.037904,0.5,True,True,0,22.07483830316596,41.11813008785248,3.823337229468915,False,1,1,65
7,MAPPO,364,4,USR->DPDK (exit),175.4271537065506,33.57217460870743,35.48486530780792,USR QoS-risky,0.1641720533370971,9.179140090942385,66.08294677734375,USR safe saving,22.07483830316597,0.1641720565611344,False,9.179140090942385,64.23343658447266,0.4815346030584065,0.037904,0.0,True,True,0,22.07483830316596,39.899542927742004,5.225373564602248,False,0,0,76
7,MAPPO,462,1,USR->DPDK (exit),300.0152111053467,15.767209231853483,24.805203080177307,USR QoS-risky,0.0,10.05422306060791,157.73089599609375,USR safe saving,27.0,0.0,False,10.05422306060791,64.6092300415039,0.2878957017724177,0.037904,0.0,True,True,0,27.0,30.956074595451355,19.02779411966229,False,1,0,78
7,MAPPO,641,1,USR->DPDK (exit),195.82465291023252,20.89705877006054,22.25407212972641,USR QoS-risky,0.1641720533370971,9.179140090942385,66.08294677734375,USR safe saving,22.07483830316596,0.1641720565611347,False,9.179140090942385,64.23343658447266,0.4313769669464117,0.037904,0.5,True,True,0,22.07483830316597,56.365326046943665,9.37091937506501,False,0,1,65
7,MAPPO,646,7,USR->DPDK (exit),316.62023067474365,52.29885131120682,43.61411184072495,USR QoS-risky,0.0,10.60427188873291,264.27935791015625,USR safe saving,27.0,0.0,False,10.60427188873291,64.60276794433594,0.2740871762157792,0.037904,0.5,True,True,0,27.0,54.49502915143967,6.054057072700886,False,0,0,70
7,MAPPO,841,8,USR->DPDK (exit),236.1373454332352,47.8685274720192,52.31951177120209,USR QoS-risky,0.1654178351163864,9.172910690307615,67.34510040283203,USR safe saving,22.037465165771184,0.1654178278076272,False,9.172910690307615,64.6092300415039,0.358706619658966,0.037904,0.375,True,True,0,22.0374651657712,43.38403046131134,4.933039679803511,True,0,1,73
7,MAPPO,846,2,USR->DPDK (exit),291.311651468277,29.448090121150017,64.08688426017761,USR QoS-risky,0.1654178351163864,9.172910690307615,123.90409088134766,USR safe saving,22.03746516577119,0.1654178278076269,False,9.172910690307615,64.6092300415039,0.2953546416402111,0.037904,0.5,True,True,0,22.0374651657712,84.10710096359253,9.892378428272094,False,0,0,78
7,MAPPO,935,8,USR->DPDK (exit),241.1428689956665,66.51609390974045,52.56228893995285,USR QoS-risky,0.1654178351163864,9.172910690307615,67.34510040283203,USR safe saving,22.037465165771184,0.1654178278076272,False,9.172910690307615,64.6092300415039,0.3512607663182424,0.037904,0.5,True,False,90,0.0,58.1744983792305,3.625331176585433,False,0,0,71
7,MAPPO,954,6,USR->DPDK (exit),408.25656056404114,34.059323370456696,64.81979787349701,USR QoS-risky,0.0,1268.6173095703125,397.0951843261719,USR safe saving,27.0,0.0,False,1268.6173095703125,64.70343017578125,0.2160814863475519,0.037904,0.5,True,True,0,27.0,88.2902443408966,11.986631564095187,False,1,0,90
7,MAPPO,964,6,USR->DPDK (exit),241.68972671031952,34.415729343891144,83.64175260066986,USR QoS-risky,0.1654178351163864,9.172910690307615,67.34510040283203,USR safe saving,22.03746516577119,0.1654178278076269,False,9.172910690307615,64.6092300415039,0.350465988391474,0.037904,0.375,True,True,0,22.037465165771184,95.27388215065002,7.0226530519022665,False,0,1,4
7,Shared-PPO,64,6,USR->DPDK (exit),227.99848020076752,46.838171780109406,46.3174432516098,USR QoS-risky,0.1654178351163864,9.172910690307615,67.34510040283203,USR safe saving,22.037465165771184,0.1654178278076272,False,9.172910690307615,64.6092300415039,0.3715113753434232,0.037904,0.5,True,False,64,0.0,76.13523304462433,4.867792049423902,False,1,0,64
7,Shared-PPO,65,4,USR->DPDK (exit),220.3644961118698,52.14542895555496,28.86466681957245,USR QoS-risky,0.1654178351163864,9.172910690307615,67.34510040283203,USR safe saving,22.03746516577119,0.1654178278076269,False,9.172910690307615,64.6092300415039,0.3843814700195473,0.037904,0.0,True,True,0,22.037465165771213,20.68619430065155,4.225959983945914,True,1,0,65
7,Shared-PPO,77,4,USR->DPDK (exit),271.91948890686035,45.65170407295227,44.28806155920029,USR QoS-risky,0.1654178351163864,9.172910690307615,67.34510040283203,USR safe saving,22.03746516577119,0.1654178278076269,False,9.172910690307615,64.6092300415039,0.3115101292443436,0.037904,0.0,True,True,0,22.037465165771213,25.934606790542603,5.95639296338923,True,0,0,77
7,Shared-PPO,258,6,USR->DPDK (exit),261.77510619163513,40.64236953854561,28.1280130147934,USR QoS-risky,0.1654178351163864,9.172910690307615,67.34510040283203,USR safe saving,22.037465165771184,0.1654178278076272,False,9.172910690307615,64.6092300415039,0.3235763332959675,0.037904,0.25,True,True,0,22.03746516577119,34.55093502998352,6.4409410465933865,False,1,0,66
7,Shared-PPO,353,4,USR->DPDK (exit),195.9568560123444,51.252830773592,34.104324877262115,USR QoS-risky,0.1641720533370971,9.179140090942385,66.08294677734375,USR safe saving,22.07483830316596,0.1641720565611347,False,9.179140090942385,64.23343658447266,0.4310859366942917,0.037904,0.5,True,True,0,22.07483830316597,41.11813008785248,3.823337229468915,False,1,1,65
7,Shared-PPO,364,4,USR->DPDK (exit),175.4271537065506,33.57217460870743,35.48486530780792,USR QoS-risky,0.1641720533370971,9.179140090942385,66.08294677734375,USR safe saving,22.07483830316596,0.1641720565611347,False,9.179140090942385,64.23343658447266,0.4815346030584065,0.037904,0.0,True,True,0,22.07483830316597,39.899542927742004,5.225373564602248,False,0,0,76
7,Shared-PPO,462,1,USR->DPDK (exit),300.0152111053467,15.767209231853483,24.805203080177307,USR QoS-risky,0.0,10.05422306060791,157.73089599609375,USR safe saving,27.0,0.0,False,10.05422306060791,64.6092300415039,0.2878957017724177,0.037904,0.0,True,True,0,27.0,30.956074595451355,19.02779411966229,False,1,0,78
7,Shared-PPO,641,1,USR->DPDK (exit),195.82465291023252,20.89705877006054,22.25407212972641,USR QoS-risky,0.1641720533370971,9.179140090942385,66.08294677734375,USR safe saving,22.07483830316597,0.1641720565611344,False,9.179140090942385,64.23343658447266,0.4313769669464117,0.037904,0.5,True,True,0,22.07483830316596,56.365326046943665,9.37091937506501,False,0,1,65
7,Shared-PPO,646,7,USR->DPDK (exit),316.62023067474365,52.29885131120682,43.61411184072495,USR QoS-risky,0.0,10.60427188873291,264.27935791015625,USR safe saving,27.0,0.0,False,10.60427188873291,64.60276794433594,0.2740871762157792,0.037904,0.5,True,True,0,27.0,54.49502915143967,6.054057072700886,False,0,0,70
7,Shared-PPO,841,8,USR->DPDK (exit),236.1373454332352,47.8685274720192,52.31951177120209,USR QoS-risky,0.1654178351163864,9.172910690307615,67.34510040283203,USR safe saving,22.0374651657712,0.1654178278076266,False,9.172910690307615,64.6092300415039,0.358706619658966,0.037904,0.375,True,True,0,22.037465165771184,43.38403046131134,4.933039679803511,True,0,1,73
7,Shared-PPO,846,2,USR->DPDK (exit),291.311651468277,29.448090121150017,64.08688426017761,USR QoS-risky,0.1654178351163864,9.172910690307615,123.90409088134766,USR safe saving,22.0374651657712,0.1654178278076266,False,9.172910690307615,64.6092300415039,0.2953546416402111,0.037904,0.5,True,True,0,22.03746516577119,84.10710096359253,9.892378428272094,False,0,0,78
7,Shared-PPO,954,6,USR->DPDK (exit),408.25656056404114,34.059323370456696,64.81979787349701,USR QoS-risky,0.0,1268.6173095703125,397.0951843261719,USR safe saving,27.0,0.0,False,1268.6173095703125,64.70343017578125,0.2160814863475519,0.037904,0.5,True,True,0,27.0,88.2902443408966,11.986631564095187,False,1,0,90
7,Shared-PPO,964,6,USR->DPDK (exit),241.68972671031952,34.415729343891144,83.64175260066986,USR QoS-risky,0.1654178351163864,9.172910690307615,67.34510040283203,USR safe saving,22.037465165771184,0.1654178278076272,False,9.172910690307615,64.6092300415039,0.3504659883914741,0.037904,0.5,True,True,0,22.03746516577119,95.27388215065002,7.0226530519022665,False,0,1,4
13,MAPPO,65,4,USR->DPDK (exit),220.3644961118698,52.14542895555496,28.86466681957245,USR QoS-risky,0.1654178351163864,9.172910690307615,67.34510040283203,USR safe saving,22.03746516577119,0.1654178278076269,False,9.172910690307615,64.6092300415039,0.3843814700195475,0.037904,0.125,True,True,0,22.03746516577119,20.68619430065155,4.225959983945914,True,1,0,65
13,MAPPO,77,4,USR->DPDK (exit),271.91948890686035,45.65170407295227,44.28806155920029,USR QoS-risky,0.1654178351163864,9.172910690307615,67.34510040283203,USR safe saving,22.03746516577119,0.1654178278076269,False,9.172910690307615,64.6092300415039,0.3115101292443437,0.037904,0.0,True,True,0,22.03746516577119,25.934606790542603,5.95639296338923,True,0,0,77
13,MAPPO,176,1,USR->DPDK (exit),275.7170498371124,38.28468173742294,54.60440367460251,USR QoS-risky,0.1654178351163864,9.172910690307615,67.34510040283203,USR safe saving,22.03746516577119,0.1654178278076269,False,9.172910690307615,64.6092300415039,0.3072195759510491,0.037904,0.5,True,False,3,0.0,58.50920081138611,7.201758962713314,False,2,1,80
13,MAPPO,177,7,USR->DPDK (exit),171.0605025291443,60.73367968201637,59.5896989107132,USR QoS-risky,0.1641720533370971,9.179140090942385,66.08294677734375,USR safe saving,22.07483830316599,0.1641720565611336,False,9.179140090942385,64.23343658447266,0.493826707958827,0.037904,0.125,True,False,1,0.0,47.269418835639954,2.816567404194289,True,2,2,81
13,MAPPO,258,6,USR->DPDK (exit),261.77510619163513,40.64236953854561,28.1280130147934,USR QoS-risky,0.1654178351163864,9.172910690307615,67.34510040283203,USR safe saving,22.0374651657712,0.1654178278076266,False,9.172910690307615,64.6092300415039,0.3235763332959675,0.037904,0.25,True,True,0,22.0374651657712,34.55093502998352,6.4409410465933865,False,1,0,66
13,MAPPO,353,4,USR->DPDK (exit),195.9568560123444,51.252830773592,34.104324877262115,USR QoS-risky,0.1641720533370971,9.179140090942385,66.08294677734375,USR safe saving,22.074838303165947,0.1641720565611351,False,9.179140090942385,64.23343658447266,0.4310859366942918,0.037904,0.5,True,False,83,0.0,41.11813008785248,3.823337229468915,False,1,1,65
13,MAPPO,364,4,USR->DPDK (exit),175.4271537065506,33.57217460870743,35.48486530780792,USR QoS-risky,0.1641720533370971,9.179140090942385,66.08294677734375,USR safe saving,22.074838303165947,0.1641720565611351,False,9.179140090942385,64.23343658447266,0.4815346030584067,0.037904,0.0,True,True,0,22.07483830316597,39.899542927742004,5.225373564602248,False,0,0,76
13,MAPPO,462,1,USR->DPDK (exit),300.0152111053467,15.767209231853483,24.805203080177307,USR QoS-risky,0.0,10.05422306060791,157.73089599609375,USR safe saving,27.0,0.0,False,10.05422306060791,64.6092300415039,0.2878957017724177,0.037904,0.0,True,True,0,27.0,30.956074595451355,19.02779411966229,False,1,0,78
13,MAPPO,641,1,USR->DPDK (exit),195.82465291023252,20.89705877006054,22.25407212972641,USR QoS-risky,0.1641720533370971,9.179140090942385,66.08294677734375,USR safe saving,22.074838303166,0.1641720565611333,False,9.179140090942385,64.23343658447266,0.4313769669464115,0.037904,0.5,True,True,0,22.07483830316597,56.365326046943665,9.37091937506501,False,0,1,65
13,MAPPO,646,7,USR->DPDK (exit),316.62023067474365,52.29885131120682,43.61411184072495,USR QoS-risky,0.0,10.60427188873291,264.27935791015625,USR safe saving,27.0,0.0,False,10.60427188873291,64.60276794433594,0.2740871762157792,0.037904,0.5,True,False,10,0.0,54.49502915143967,6.054057072700886,False,0,0,70
13,MAPPO,841,8,USR->DPDK (exit),236.1373454332352,47.8685274720192,52.31951177120209,USR QoS-risky,0.1654178351163864,9.172910690307615,67.34510040283203,USR safe saving,22.0374651657712,0.1654178278076266,False,9.172910690307615,64.6092300415039,0.358706619658966,0.037904,0.375,True,True,0,22.03746516577119,43.38403046131134,4.933039679803511,True,0,1,73
13,MAPPO,846,2,USR->DPDK (exit),291.311651468277,29.448090121150017,64.08688426017761,USR QoS-risky,0.1654178351163864,9.172910690307615,123.90409088134766,USR safe saving,22.03746516577119,0.1654178278076269,False,9.172910690307615,64.6092300415039,0.295354641640211,0.037904,0.5,True,True,0,22.037465165771213,84.10710096359253,9.892378428272094,False,0,0,78
13,MAPPO,954,6,USR->DPDK (exit),408.25656056404114,34.059323370456696,64.81979787349701,USR QoS-risky,0.0,1268.6173095703125,397.0951843261719,USR safe saving,27.0,0.0,False,1268.6173095703125,64.70343017578125,0.2160814863475519,0.037904,0.5,True,False,13,0.0,88.2902443408966,11.986631564095187,False,1,0,90
13,MAPPO,964,6,USR->DPDK (exit),241.68972671031952,34.415729343891144,83.64175260066986,USR QoS-risky,0.1654178351163864,9.172910690307615,67.34510040283203,USR safe saving,22.0374651657712,0.1654178278076266,False,9.172910690307615,64.6092300415039,0.3504659883914741,0.037904,0.5,True,False,23,0.0,95.27388215065002,7.0226530519022665,False,0,1,4
13,Shared-PPO,65,4,USR->DPDK (exit),220.3644961118698,52.14542895555496,28.86466681957245,USR QoS-risky,0.1654178351163864,9.172910690307615,67.34510040283203,USR safe saving,22.03746516577119,0.1654178278076269,False,9.172910690307615,64.6092300415039,0.3843814700195473,0.037904,0.125,True,True,0,22.03746516577119,20.68619430065155,4.225959983945914,True,1,0,65
13,Shared-PPO,77,4,USR->DPDK (exit),271.91948890686035,45.65170407295227,44.28806155920029,USR QoS-risky,0.1654178351163864,9.172910690307615,67.34510040283203,USR safe saving,22.03746516577119,0.1654178278076269,False,9.172910690307615,64.6092300415039,0.3115101292443437,0.037904,0.0,True,True,0,22.03746516577119,25.934606790542603,5.95639296338923,True,0,0,77
13,Shared-PPO,258,6,USR->DPDK (exit),261.77510619163513,40.64236953854561,28.1280130147934,USR QoS-risky,0.1654178351163864,9.172910690307615,67.34510040283203,USR safe saving,22.0374651657712,0.1654178278076266,False,9.172910690307615,64.6092300415039,0.3235763332959674,0.037904,0.375,True,True,0,22.0374651657712,34.55093502998352,6.4409410465933865,False,1,0,66
13,Shared-PPO,364,4,USR->DPDK (exit),175.4271537065506,33.57217460870743,35.48486530780792,USR QoS-risky,0.1641720533370971,9.179140090942385,66.08294677734375,USR safe saving,22.07483830316597,0.1641720565611344,False,9.179140090942385,64.23343658447266,0.4815346030584067,0.037904,0.375,True,True,0,22.074838303165947,39.899542927742004,5.225373564602248,False,0,0,76
13,Shared-PPO,462,1,USR->DPDK (exit),300.0152111053467,15.767209231853483,24.805203080177307,USR QoS-risky,0.0,10.05422306060791,157.73089599609375,USR safe saving,27.0,0.0,False,10.05422306060791,64.6092300415039,0.2878957017724177,0.037904,0.0,True,True,0,27.0,30.956074595451355,19.02779411966229,False,1,0,78
13,Shared-PPO,641,1,USR->DPDK (exit),195.82465291023252,20.89705877006054,22.25407212972641,USR QoS-risky,0.1641720533370971,9.179140090942385,66.08294677734375,USR safe saving,22.07483830316597,0.1641720565611344,False,9.179140090942385,64.23343658447266,0.4313769669464116,0.037904,0.5,True,True,0,22.074838303166,56.365326046943665,9.37091937506501,False,0,1,65
13,Shared-PPO,841,8,USR->DPDK (exit),236.1373454332352,47.8685274720192,52.31951177120209,USR QoS-risky,0.1654178351163864,9.172910690307615,67.34510040283203,USR safe saving,22.03746516577119,0.1654178278076269,False,9.172910690307615,64.6092300415039,0.3587066196589662,0.037904,0.375,True,True,0,22.0374651657712,43.38403046131134,4.933039679803511,True,0,1,73
13,Shared-PPO,846,2,USR->DPDK (exit),291.311651468277,29.448090121150017,64.08688426017761,USR QoS-risky,0.1654178351163864,9.172910690307615,123.90409088134766,USR safe saving,22.037465165771213,0.1654178278076262,False,9.172910690307615,64.6092300415039,0.2953546416402112,0.037904,0.5,True,True,0,22.03746516577119,84.10710096359253,9.892378428272094,False,0,0,78
23,MAPPO,64,6,USR->DPDK (exit),227.99848020076752,46.838171780109406,46.3174432516098,USR QoS-risky,0.1654178351163864,9.172910690307615,67.34510040283203,USR safe saving,22.037465165771184,0.1654178278076272,False,9.172910690307615,64.6092300415039,0.3715113753434231,0.037904,0.5,True,True,0,22.0374651657712,76.13523304462433,4.867792049423902,False,1,0,64
23,MAPPO,65,4,USR->DPDK (exit),220.3644961118698,52.14542895555496,28.86466681957245,USR QoS-risky,0.1654178351163864,9.172910690307615,67.34510040283203,USR safe saving,22.0374651657712,0.1654178278076266,False,9.172910690307615,64.6092300415039,0.3843814700195475,0.037904,0.0,True,True,0,22.037465165771213,20.68619430065155,4.225959983945914,True,1,0,65
23,MAPPO,77,4,USR->DPDK (exit),271.91948890686035,45.65170407295227,44.28806155920029,USR QoS-risky,0.1654178351163864,9.172910690307615,67.34510040283203,USR safe saving,22.0374651657712,0.1654178278076266,False,9.172910690307615,64.6092300415039,0.3115101292443437,0.037904,0.0,True,True,0,22.037465165771213,25.934606790542603,5.95639296338923,True,0,0,77
23,MAPPO,176,1,USR->DPDK (exit),275.7170498371124,38.28468173742294,54.60440367460251,USR QoS-risky,0.1654178351163864,9.172910690307615,67.34510040283203,USR safe saving,22.0374651657712,0.1654178278076266,False,9.172910690307615,64.6092300415039,0.3072195759510493,0.037904,0.5,True,True,0,22.037465165771213,58.50920081138611,7.201758962713314,False,2,1,80
23,MAPPO,258,6,USR->DPDK (exit),261.77510619163513,40.64236953854561,28.1280130147934,USR QoS-risky,0.1654178351163864,9.172910690307615,67.34510040283203,USR safe saving,22.037465165771184,0.1654178278076272,False,9.172910690307615,64.6092300415039,0.3235763332959675,0.037904,0.25,True,True,0,22.0374651657712,34.55093502998352,6.4409410465933865,False,1,0,66
23,MAPPO,353,4,USR->DPDK (exit),195.9568560123444,51.252830773592,34.104324877262115,USR QoS-risky,0.1641720533370971,9.179140090942385,66.08294677734375,USR safe saving,22.07483830316597,0.1641720565611344,False,9.179140090942385,64.23343658447266,0.4310859366942918,0.037904,0.5,True,True,0,22.07483830316597,41.11813008785248,3.823337229468915,False,1,1,65
23,MAPPO,364,4,USR->DPDK (exit),175.4271537065506,33.57217460870743,35.48486530780792,USR QoS-risky,0.1641720533370971,9.179140090942385,66.08294677734375,USR safe saving,22.07483830316597,0.1641720565611344,False,9.179140090942385,64.23343658447266,0.4815346030584067,0.037904,0.375,True,True,0,22.07483830316597,39.899542927742004,5.225373564602248,False,0,0,76
23,MAPPO,462,1,USR->DPDK (exit),300.0152111053467,15.767209231853483,24.805203080177307,USR QoS-risky,0.0,10.05422306060791,157.73089599609375,USR safe saving,27.0,0.0,False,10.05422306060791,64.6092300415039,0.2878957017724179,0.037904,0.0,True,True,0,27.0,30.956074595451355,19.02779411966229,False,1,0,78
23,MAPPO,641,1,USR->DPDK (exit),195.82465291023252,20.89705877006054,22.25407212972641,USR QoS-risky,0.1641720533370971,9.179140090942385,66.08294677734375,USR safe saving,22.07483830316597,0.1641720565611344,False,9.179140090942385,64.23343658447266,0.4313769669464116,0.037904,0.5,True,True,0,22.07483830316597,56.365326046943665,9.37091937506501,False,0,1,65
23,MAPPO,646,7,USR->DPDK (exit),316.62023067474365,52.29885131120682,43.61411184072495,USR QoS-risky,0.0,10.60427188873291,264.27935791015625,USR safe saving,27.0,0.0,False,10.60427188873291,64.60276794433594,0.2740871762157794,0.037904,0.5,True,True,0,27.0,54.49502915143967,6.054057072700886,False,0,0,70
23,MAPPO,841,8,USR->DPDK (exit),236.1373454332352,47.8685274720192,52.31951177120209,USR QoS-risky,0.1654178351163864,9.172910690307615,67.34510040283203,USR safe saving,22.0374651657712,0.1654178278076266,False,9.172910690307615,64.6092300415039,0.3587066196589663,0.037904,0.375,True,True,0,22.03746516577119,43.38403046131134,4.933039679803511,True,0,1,73
23,MAPPO,846,2,USR->DPDK (exit),291.311651468277,29.448090121150017,64.08688426017761,USR QoS-risky,0.1654178351163864,9.172910690307615,123.90409088134766,USR safe saving,22.0374651657712,0.1654178278076266,False,9.172910690307615,64.6092300415039,0.2953546416402111,0.037904,0.5,True,True,0,22.03746516577119,84.10710096359253,9.892378428272094,False,0,0,78
23,MAPPO,954,6,USR->DPDK (exit),408.25656056404114,34.059323370456696,64.81979787349701,USR QoS-risky,0.0,1268.6173095703125,397.0951843261719,USR safe saving,27.0,0.0,False,1268.6173095703125,64.70343017578125,0.2160814863475519,0.037904,0.5,True,True,0,27.0,88.2902443408966,11.986631564095187,False,1,0,90
23,MAPPO,964,6,USR->DPDK (exit),241.68972671031952,34.415729343891144,83.64175260066986,USR QoS-risky,0.1654178351163864,9.172910690307615,67.34510040283203,USR safe saving,22.037465165771184,0.1654178278076272,False,9.172910690307615,64.6092300415039,0.3504659883914741,0.037904,0.5,True,True,0,22.0374651657712,95.27388215065002,7.0226530519022665,False,0,1,4
23,Shared-PPO,64,6,USR->DPDK (exit),227.99848020076752,46.838171780109406,46.3174432516098,USR QoS-risky,0.1654178351163864,9.172910690307615,67.34510040283203,USR safe saving,22.0374651657712,0.1654178278076266,False,9.172910690307615,64.6092300415039,0.3715113753434233,0.037904,0.5,True,True,0,22.037465165771184,76.13523304462433,4.867792049423902,False,1,0,64
23,Shared-PPO,65,4,USR->DPDK (exit),220.3644961118698,52.14542895555496,28.86466681957245,USR QoS-risky,0.1654178351163864,9.172910690307615,67.34510040283203,USR safe saving,22.037465165771213,0.1654178278076262,False,9.172910690307615,64.6092300415039,0.3843814700195475,0.037904,0.0,True,True,0,22.0374651657712,20.68619430065155,4.225959983945914,True,1,0,65
23,Shared-PPO,77,4,USR->DPDK (exit),271.91948890686035,45.65170407295227,44.28806155920029,USR QoS-risky,0.1654178351163864,9.172910690307615,67.34510040283203,USR safe saving,22.037465165771213,0.1654178278076262,False,9.172910690307615,64.6092300415039,0.3115101292443437,0.037904,0.0,True,True,0,22.0374651657712,25.934606790542603,5.95639296338923,True,0,0,77
23,Shared-PPO,176,1,USR->DPDK (exit),275.7170498371124,38.28468173742294,54.60440367460251,USR QoS-risky,0.1654178351163864,9.172910690307615,67.34510040283203,USR safe saving,22.037465165771213,0.1654178278076262,False,9.172910690307615,64.6092300415039,0.3072195759510491,0.037904,0.0,True,True,0,22.0374651657712,58.50920081138611,7.201758962713314,False,2,1,80
23,Shared-PPO,177,7,USR->DPDK (exit),171.0605025291443,60.73367968201637,59.5896989107132,USR QoS-risky,0.1641720533370971,9.179140090942385,66.08294677734375,USR safe saving,22.074838303165947,0.1641720565611351,False,9.179140090942385,64.23343658447266,0.493826707958827,0.037904,0.0,True,False,1,0.0,47.269418835639954,2.816567404194289,True,2,2,81
23,Shared-PPO,258,6,USR->DPDK (exit),261.77510619163513,40.64236953854561,28.1280130147934,USR QoS-risky,0.1654178351163864,9.172910690307615,67.34510040283203,USR safe saving,22.0374651657712,0.1654178278076266,False,9.172910690307615,64.6092300415039,0.3235763332959675,0.037904,0.25,True,True,0,22.037465165771184,34.55093502998352,6.4409410465933865,False,1,0,66
23,Shared-PPO,353,4,USR->DPDK (exit),195.9568560123444,51.252830773592,34.104324877262115,USR QoS-risky,0.1641720533370971,9.179140090942385,66.08294677734375,USR safe saving,22.07483830316597,0.1641720565611344,False,9.179140090942385,64.23343658447266,0.4310859366942917,0.037904,0.375,True,True,0,22.07483830316597,41.11813008785248,3.823337229468915,False,1,1,65
23,Shared-PPO,353,7,USR->DPDK (exit),211.9711637496948,67.84196197986603,54.01381105184555,USR QoS-risky,0.1654178351163864,9.172910690307615,67.34510040283203,USR safe saving,22.0374651657712,0.1654178278076266,False,9.172910690307615,64.6092300415039,0.3996016602315763,0.037904,0.5,True,False,80,0.0,61.59789115190506,3.1244845750864796,True,1,1,65
23,Shared-PPO,364,4,USR->DPDK (exit),175.4271537065506,33.57217460870743,35.48486530780792,USR QoS-risky,0.1641720533370971,9.179140090942385,66.08294677734375,USR safe saving,22.07483830316597,0.1641720565611344,False,9.179140090942385,64.23343658447266,0.4815346030584065,0.037904,0.0,True,True,0,22.07483830316597,39.899542927742004,5.225373564602248,False,0,0,76
23,Shared-PPO,462,1,USR->DPDK (exit),300.0152111053467,15.767209231853483,24.805203080177307,USR QoS-risky,0.0,10.05422306060791,157.73089599609375,USR safe saving,27.0,0.0,False,10.05422306060791,64.6092300415039,0.2878957017724177,0.037904,0.0,True,True,0,27.0,30.956074595451355,19.02779411966229,False,1,0,78
23,Shared-PPO,466,5,USR->DPDK (exit),292.000949382782,63.85902315378189,62.62250244617462,USR QoS-risky,0.1654178351163864,9.172910690307615,123.90409088134766,USR safe saving,22.0374651657712,0.1654178278076266,False,9.172910690307615,64.6092300415039,0.2946574269943262,0.037904,0.0,True,False,1,0.0,47.64189571142197,4.572587160934186,True,2,0,82
23,Shared-PPO,547,5,USR->DPDK (exit),244.9651509523392,64.6088719367981,49.72829669713974,USR QoS-risky,0.1654178351163864,9.172910690307615,67.34510040283203,USR safe saving,22.0374651657712,0.1654178278076266,False,9.172910690307615,64.6092300415039,0.3457799145155856,0.037904,0.5,True,False,82,0.0,63.51137161254883,3.7915094879224918,False,0,0,67
23,Shared-PPO,641,1,USR->DPDK (exit),195.82465291023252,20.89705877006054,22.25407212972641,USR QoS-risky,0.1641720533370971,9.179140090942385,66.08294677734375,USR safe saving,22.07483830316597,0.1641720565611344,False,9.179140090942385,64.23343658447266,0.4313769669464118,0.037904,0.5,True,True,0,22.07483830316597,56.365326046943665,9.37091937506501,False,0,1,65
23,Shared-PPO,646,7,USR->DPDK (exit),316.62023067474365,52.29885131120682,43.61411184072495,USR QoS-risky,0.0,10.60427188873291,264.27935791015625,USR safe saving,27.0,0.0,False,10.60427188873291,64.60276794433594,0.2740871762157792,0.037904,0.5,True,True,0,27.0,54.49502915143967,6.054057072700886,False,0,0,70
23,Shared-PPO,656,4,USR->DPDK (exit),156.705841422081,54.313890635967255,55.695220828056335,USR QoS-risky,0.1641720533370971,9.179140090942385,66.08294677734375,USR safe saving,22.07483830316597,0.1641720565611344,False,9.179140090942385,64.23343658447266,0.5390118318970936,0.037904,0.0,True,False,2,0.0,57.602956891059875,2.885189029679061,False,3,2,80
23,Shared-PPO,841,8,USR->DPDK (exit),236.1373454332352,47.8685274720192,52.31951177120209,USR QoS-risky,0.1654178351163864,9.172910690307615,67.34510040283203,USR safe saving,22.03746516577119,0.1654178278076269,False,9.172910690307615,64.6092300415039,0.3587066196589661,0.037904,0.375,True,True,0,22.0374651657712,43.38403046131134,4.933039679803511,True,0,1,73
23,Shared-PPO,846,2,USR->DPDK (exit),291.311651468277,29.448090121150017,64.08688426017761,USR QoS-risky,0.1654178351163864,9.172910690307615,123.90409088134766,USR safe saving,22.03746516577119,0.1654178278076269,False,9.172910690307615,64.6092300415039,0.295354641640211,0.037904,0.5,True,True,0,22.0374651657712,84.10710096359253,9.892378428272094,False,0,0,78
23,Shared-PPO,935,8,USR->DPDK (exit),241.1428689956665,66.51609390974045,52.56228893995285,USR QoS-risky,0.1654178351163864,9.172910690307615,67.34510040283203,USR safe saving,22.03746516577119,0.1654178278076269,False,9.172910690307615,64.6092300415039,0.3512607663182426,0.037904,0.5,True,False,90,0.0,58.1744983792305,3.625331176585433,False,0,0,71
23,Shared-PPO,954,6,USR->DPDK (exit),408.25656056404114,34.059323370456696,64.81979787349701,USR QoS-risky,0.0,1268.6173095703125,397.0951843261719,USR safe saving,27.0,0.0,False,1268.6173095703125,64.70343017578125,0.2160814863475519,0.037904,0.5,True,True,0,27.0,88.2902443408966,11.986631564095187,False,1,0,90
23,Shared-PPO,964,6,USR->DPDK (exit),241.68972671031952,34.415729343891144,83.64175260066986,USR QoS-risky,0.1654178351163864,9.172910690307615,67.34510040283203,USR safe saving,22.0374651657712,0.1654178278076266,False,9.172910690307615,64.6092300415039,0.3504659883914742,0.037904,0.375,True,True,0,22.037465165771184,95.27388215065002,7.0226530519022665,False,0,1,4
42,MAPPO,64,6,USR->DPDK (exit),227.99848020076752,46.838171780109406,46.3174432516098,USR QoS-risky,0.1654178351163864,9.172910690307615,67.34510040283203,USR safe saving,22.0374651657712,0.1654178278076266,False,9.172910690307615,64.6092300415039,0.3715113753434232,0.037904,0.5,True,True,0,22.03746516577119,76.13523304462433,4.867792049423902,False,1,0,64
42,MAPPO,65,4,USR->DPDK (exit),220.3644961118698,52.14542895555496,28.86466681957245,USR QoS-risky,0.1654178351163864,9.172910690307615,67.34510040283203,USR safe saving,22.037465165771184,0.1654178278076272,False,9.172910690307615,64.6092300415039,0.3843814700195475,0.037904,0.0,True,True,0,22.0374651657712,20.68619430065155,4.225959983945914,True,1,0,65
42,MAPPO,77,4,USR->DPDK (exit),271.91948890686035,45.65170407295227,44.28806155920029,USR QoS-risky,0.1654178351163864,9.172910690307615,67.34510040283203,USR safe saving,22.037465165771184,0.1654178278076272,False,9.172910690307615,64.6092300415039,0.3115101292443437,0.037904,0.0,True,True,0,22.0374651657712,25.934606790542603,5.95639296338923,True,0,0,77
42,MAPPO,258,6,USR->DPDK (exit),261.77510619163513,40.64236953854561,28.1280130147934,USR QoS-risky,0.1654178351163864,9.172910690307615,67.34510040283203,USR safe saving,22.0374651657712,0.1654178278076266,False,9.172910690307615,64.6092300415039,0.3235763332959675,0.037904,0.375,True,True,0,22.03746516577119,34.55093502998352,6.4409410465933865,False,1,0,66
42,MAPPO,353,4,USR->DPDK (exit),195.9568560123444,51.252830773592,34.104324877262115,USR QoS-risky,0.1641720533370971,9.179140090942385,66.08294677734375,USR safe saving,22.07483830316597,0.1641720565611344,False,9.179140090942385,64.23343658447266,0.4310859366942917,0.037904,0.5,True,True,0,22.07483830316596,41.11813008785248,3.823337229468915,False,1,1,65
42,MAPPO,364,4,USR->DPDK (exit),175.4271537065506,33.57217460870743,35.48486530780792,USR QoS-risky,0.1641720533370971,9.179140090942385,66.08294677734375,USR safe saving,22.07483830316597,0.1641720565611344,False,9.179140090942385,64.23343658447266,0.4815346030584065,0.037904,0.0,True,True,0,22.07483830316596,39.899542927742004,5.225373564602248,False,0,0,76
42,MAPPO,462,1,USR->DPDK (exit),300.0152111053467,15.767209231853483,24.805203080177307,USR QoS-risky,0.0,10.05422306060791,157.73089599609375,USR safe saving,27.0,0.0,False,10.05422306060791,64.6092300415039,0.2878957017724177,0.037904,0.0,True,True,0,27.0,30.956074595451355,19.02779411966229,False,1,0,78
42,MAPPO,626,9,USR->DPDK (exit),3218.5208797454834,3133.861780166626,2609.621524810791,USR QoS-risky,0.0,293379.4375,20867.666015625,USR QoS-risky,27.0,0.0,False,293379.4375,64.3259506225586,0.027758221677237,0.037904,0.5,True,False,626,0.0,2983.9603900909424,1.0270143055174425,False,0,0,50
42,MAPPO,641,1,USR->DPDK (exit),195.82465291023252,20.89705877006054,22.25407212972641,USR QoS-risky,0.1641720533370971,9.179140090942385,66.08294677734375,USR safe saving,22.07483830316596,0.1641720565611347,False,9.179140090942385,64.23343658447266,0.4313769669464116,0.037904,0.5,True,True,0,22.07483830316597,56.365326046943665,9.37091937506501,False,0,1,65
42,MAPPO,652,2,USR->DPDK (exit),328.60004901885986,59.34198200702667,73.5936388373375,USR QoS-risky,0.0,10.60427188873291,264.27935791015625,USR safe saving,27.0,0.0,False,10.60427188873291,64.60276794433594,0.2640947413658126,0.037904,0.5,True,False,183,0.0,96.78445011377335,5.537395919468116,False,0,1,76
42,MAPPO,841,8,USR->DPDK (exit),236.1373454332352,47.8685274720192,52.31951177120209,USR QoS-risky,0.1654178351163864,9.172910690307615,67.34510040283203,USR safe saving,22.037465165771213,0.1654178278076262,False,9.172910690307615,64.6092300415039,0.3587066196589661,0.037904,0.375,True,True,0,22.037465165771223,43.38403046131134,4.933039679803511,True,0,1,73
42,MAPPO,846,2,USR->DPDK (exit),291.311651468277,29.448090121150017,64.08688426017761,USR QoS-risky,0.1654178351163864,9.172910690307615,123.90409088134766,USR safe saving,22.037465165771213,0.1654178278076262,False,9.172910690307615,64.6092300415039,0.2953546416402111,0.037904,0.5,True,True,0,22.03746516577119,84.10710096359253,9.892378428272094,False,0,0,78
42,Shared-PPO,64,6,USR->DPDK (exit),227.99848020076752,46.838171780109406,46.3174432516098,USR QoS-risky,0.1654178351163864,9.172910690307615,67.34510040283203,USR safe saving,22.03746516577119,0.1654178278076269,False,9.172910690307615,64.6092300415039,0.371511375343423,0.037904,0.5,True,True,0,22.0374651657712,76.13523304462433,4.867792049423902,False,1,0,64
42,Shared-PPO,65,4,USR->DPDK (exit),220.3644961118698,52.14542895555496,28.86466681957245,USR QoS-risky,0.1654178351163864,9.172910690307615,67.34510040283203,USR safe saving,22.0374651657712,0.1654178278076266,False,9.172910690307615,64.6092300415039,0.3843814700195472,0.037904,0.0,True,True,0,22.037465165771184,20.68619430065155,4.225959983945914,True,1,0,65
42,Shared-PPO,77,4,USR->DPDK (exit),271.91948890686035,45.65170407295227,44.28806155920029,USR QoS-risky,0.1654178351163864,9.172910690307615,67.34510040283203,USR safe saving,22.0374651657712,0.1654178278076266,False,9.172910690307615,64.6092300415039,0.3115101292443435,0.037904,0.0,True,True,0,22.037465165771184,25.934606790542603,5.95639296338923,True,0,0,77
42,Shared-PPO,176,1,USR->DPDK (exit),275.7170498371124,38.28468173742294,54.60440367460251,USR QoS-risky,0.1654178351163864,9.172910690307615,67.34510040283203,USR safe saving,22.03746516577119,0.1654178278076269,False,9.172910690307615,64.6092300415039,0.3072195759510491,0.037904,0.0,True,False,3,0.0,58.50920081138611,7.201758962713314,False,2,1,80
42,Shared-PPO,177,7,USR->DPDK (exit),171.0605025291443,60.73367968201637,59.5896989107132,USR QoS-risky,0.1641720533370971,9.179140090942385,66.08294677734375,USR safe saving,22.074838303165947,0.1641720565611351,False,9.179140090942385,64.23343658447266,0.4938267079588267,0.037904,0.0,True,False,1,0.0,47.269418835639954,2.816567404194289,True,2,2,81
42,Shared-PPO,258,6,USR->DPDK (exit),261.77510619163513,40.64236953854561,28.1280130147934,USR QoS-risky,0.1654178351163864,9.172910690307615,67.34510040283203,USR safe saving,22.03746516577119,0.1654178278076269,False,9.172910690307615,64.6092300415039,0.3235763332959673,0.037904,0.25,True,True,0,22.0374651657712,34.55093502998352,6.4409410465933865,False,1,0,66
42,Shared-PPO,353,4,USR->DPDK (exit),195.9568560123444,51.252830773592,34.104324877262115,USR QoS-risky,0.1641720533370971,9.179140090942385,66.08294677734375,USR safe saving,22.07483830316596,0.1641720565611347,False,9.179140090942385,64.23343658447266,0.4310859366942918,0.037904,0.5,True,True,0,22.07483830316597,41.11813008785248,3.823337229468915,False,1,1,65
42,Shared-PPO,355,7,USR->DPDK (exit),246.68891727924347,44.8806956410408,51.1728897690773,USR QoS-risky,0.1654178351163864,9.172910690307615,67.34510040283203,USR safe saving,22.03746516577119,0.1654178278076269,False,9.172910690307615,64.6092300415039,0.3433637387921863,0.037904,0.5,True,False,83,0.0,115.27179926633835,5.49654843258848,False,1,1,67
42,Shared-PPO,364,4,USR->DPDK (exit),175.4271537065506,33.57217460870743,35.48486530780792,USR QoS-risky,0.1641720533370971,9.179140090942385,66.08294677734375,USR safe saving,22.07483830316596,0.1641720565611347,False,9.179140090942385,64.23343658447266,0.4815346030584066,0.037904,0.0,True,True,0,22.07483830316597,39.899542927742004,5.225373564602248,False,0,0,76
42,Shared-PPO,381,0,USR->DPDK (exit),181.30284547805783,70.10805606842041,58.20569396018982,USR QoS-risky,0.1641720533370971,9.179140090942385,66.08294677734375,USR safe saving,22.07483830316596,0.1641720565611347,False,9.179140090942385,64.23343658447266,0.4659289522070596,0.037904,0.25,True,False,6,0.0,49.02684688568115,2.586048674650447,True,0,1,93
42,Shared-PPO,462,1,USR->DPDK (exit),300.0152111053467,15.767209231853483,24.805203080177307,USR QoS-risky,0.0,10.05422306060791,157.73089599609375,USR safe saving,27.0,0.0,False,10.05422306060791,64.6092300415039,0.2878957017724177,0.037904,0.0,True,True,0,27.0,30.956074595451355,19.02779411966229,False,1,0,78
42,Shared-PPO,466,5,USR->DPDK (exit),292.000949382782,63.85902315378189,62.62250244617462,USR QoS-risky,0.1654178351163864,9.172910690307615,123.90409088134766,USR safe saving,22.03746516577119,0.1654178278076269,False,9.172910690307615,64.6092300415039,0.2946574269943262,0.037904,0.0,True,False,1,0.0,47.64189571142197,4.572587160934186,True,2,0,82
42,Shared-PPO,547,5,USR->DPDK (exit),244.9651509523392,64.6088719367981,49.72829669713974,USR QoS-risky,0.1654178351163864,9.172910690307615,67.34510040283203,USR safe saving,22.03746516577119,0.1654178278076269,False,9.172910690307615,64.6092300415039,0.3457799145155856,0.037904,0.5,True,False,82,0.0,63.51137161254883,3.7915094879224918,False,0,0,67
42,Shared-PPO,641,1,USR->DPDK (exit),195.82465291023252,20.89705877006054,22.25407212972641,USR QoS-risky,0.1641720533370971,9.179140090942385,66.08294677734375,USR safe saving,22.07483830316597,0.1641720565611344,False,9.179140090942385,64.23343658447266,0.4313769669464115,0.037904,0.125,True,True,0,22.07483830316596,56.365326046943665,9.37091937506501,False,0,1,65
42,Shared-PPO,646,7,USR->DPDK (exit),316.62023067474365,52.29885131120682,43.61411184072495,USR QoS-risky,0.0,10.60427188873291,264.27935791015625,USR safe saving,27.0,0.0,False,10.60427188873291,64.60276794433594,0.2740871762157792,0.037904,0.5,True,False,9,0.0,54.49502915143967,6.054057072700886,False,0,0,70
42,Shared-PPO,656,4,USR->DPDK (exit),156.705841422081,54.313890635967255,55.695220828056335,USR QoS-risky,0.1641720533370971,9.179140090942385,66.08294677734375,USR safe saving,22.07483830316596,0.1641720565611347,False,9.179140090942385,64.23343658447266,0.5390118318970937,0.037904,0.0,True,False,2,0.0,57.602956891059875,2.885189029679061,False,3,2,80
42,Shared-PPO,841,8,USR->DPDK (exit),236.1373454332352,47.8685274720192,52.31951177120209,USR QoS-risky,0.1654178351163864,9.172910690307615,67.34510040283203,USR safe saving,22.037465165771223,0.1654178278076259,False,9.172910690307615,64.6092300415039,0.358706619658966,0.037904,0.25,True,True,0,22.037465165771213,43.38403046131134,4.933039679803511,True,0,1,73
42,Shared-PPO,846,2,USR->DPDK (exit),291.311651468277,29.448090121150017,64.08688426017761,USR QoS-risky,0.1654178351163864,9.172910690307615,123.90409088134766,USR safe saving,22.03746516577119,0.1654178278076269,False,9.172910690307615,64.6092300415039,0.295354641640211,0.037904,0.5,True,True,0,22.037465165771213,84.10710096359253,9.892378428272094,False,0,0,78
42,Shared-PPO,935,8,USR->DPDK (exit),241.1428689956665,66.51609390974045,52.56228893995285,USR QoS-risky,0.1654178351163864,9.172910690307615,67.34510040283203,USR safe saving,22.037465165771223,0.1654178278076259,False,9.172910690307615,64.6092300415039,0.3512607663182425,0.037904,0.5,True,False,90,0.0,58.1744983792305,3.625331176585433,False,0,0,71
42,Shared-PPO,954,6,USR->DPDK (exit),408.25656056404114,34.059323370456696,64.81979787349701,USR QoS-risky,0.0,1268.6173095703125,397.0951843261719,USR safe saving,27.0,0.0,False,1268.6173095703125,64.70343017578125,0.2160814863475517,0.037904,0.5,True,False,13,0.0,88.2902443408966,11.986631564095187,False,1,0,90
42,Shared-PPO,964,6,USR->DPDK (exit),241.68972671031952,34.415729343891144,83.64175260066986,USR QoS-risky,0.1654178351163864,9.172910690307615,67.34510040283203,USR safe saving,22.03746516577119,0.1654178278076269,False,9.172910690307615,64.6092300415039,0.3504659883914738,0.037904,0.5,True,False,23,0.0,95.27388215065002,7.0226530519022665,False,0,1,4
64,MAPPO,64,6,USR->DPDK (exit),227.99848020076752,46.838171780109406,46.3174432516098,USR QoS-risky,0.1654178351163864,9.172910690307615,67.34510040283203,USR safe saving,22.03746516577117,0.1654178278076277,False,9.172910690307615,64.6092300415039,0.3715113753434231,0.037904,0.5,True,True,0,22.037465165771213,76.13523304462433,4.867792049423902,False,1,0,64
64,MAPPO,65,4,USR->DPDK (exit),220.3644961118698,52.14542895555496,28.86466681957245,USR QoS-risky,0.1654178351163864,9.172910690307615,67.34510040283203,USR safe saving,22.0374651657712,0.1654178278076266,False,9.172910690307615,64.6092300415039,0.3843814700195475,0.037904,0.0,True,True,0,22.03746516577119,20.68619430065155,4.225959983945914,True,1,0,65
64,MAPPO,77,4,USR->DPDK (exit),271.91948890686035,45.65170407295227,44.28806155920029,USR QoS-risky,0.1654178351163864,9.172910690307615,67.34510040283203,USR safe saving,22.0374651657712,0.1654178278076266,False,9.172910690307615,64.6092300415039,0.3115101292443437,0.037904,0.0,True,True,0,22.03746516577119,25.934606790542603,5.95639296338923,True,0,0,77
64,MAPPO,176,1,USR->DPDK (exit),275.7170498371124,38.28468173742294,54.60440367460251,USR QoS-risky,0.1654178351163864,9.172910690307615,67.34510040283203,USR safe saving,22.03746516577119,0.1654178278076269,False,9.172910690307615,64.6092300415039,0.3072195759510491,0.037904,0.0,True,True,0,22.037465165771184,58.50920081138611,7.201758962713314,False,2,1,80
64,MAPPO,177,7,USR->DPDK (exit),171.0605025291443,60.73367968201637,59.5896989107132,USR QoS-risky,0.1641720533370971,9.179140090942385,66.08294677734375,USR safe saving,22.07483830316597,0.1641720565611344,False,9.179140090942385,64.23343658447266,0.4938267079588271,0.037904,0.0,True,True,0,22.07483830316597,47.269418835639954,2.816567404194289,True,2,2,81
64,MAPPO,258,6,USR->DPDK (exit),261.77510619163513,40.64236953854561,28.1280130147934,USR QoS-risky,0.1654178351163864,9.172910690307615,67.34510040283203,USR safe saving,22.03746516577117,0.1654178278076277,False,9.172910690307615,64.6092300415039,0.3235763332959674,0.037904,0.25,True,True,0,22.037465165771213,34.55093502998352,6.4409410465933865,False,1,0,66
64,MAPPO,353,4,USR->DPDK (exit),195.9568560123444,51.252830773592,34.104324877262115,USR QoS-risky,0.1641720533370971,9.179140090942385,66.08294677734375,USR safe saving,22.07483830316596,0.1641720565611347,False,9.179140090942385,64.23343658447266,0.4310859366942917,0.037904,0.375,True,True,0,22.07483830316597,41.11813008785248,3.823337229468915,False,1,1,65
64,MAPPO,355,7,USR->DPDK (exit),246.68891727924347,44.8806956410408,51.1728897690773,USR QoS-risky,0.1654178351163864,9.172910690307615,67.34510040283203,USR safe saving,22.03746516577119,0.1654178278076269,False,9.172910690307615,64.6092300415039,0.3433637387921861,0.037904,0.5,True,True,0,22.0374651657712,115.27179926633835,5.49654843258848,False,1,1,67
64,MAPPO,364,4,USR->DPDK (exit),175.4271537065506,33.57217460870743,35.48486530780792,USR QoS-risky,0.1641720533370971,9.179140090942385,66.08294677734375,USR safe saving,22.07483830316596,0.1641720565611347,False,9.179140090942385,64.23343658447266,0.4815346030584065,0.037904,0.0,True,True,0,22.07483830316597,39.899542927742004,5.225373564602248,False,0,0,76
64,MAPPO,462,1,USR->DPDK (exit),300.0152111053467,15.767209231853483,24.805203080177307,USR QoS-risky,0.0,10.05422306060791,157.73089599609375,USR safe saving,27.0,0.0,False,10.05422306060791,64.6092300415039,0.2878957017724177,0.037904,0.0,True,True,0,27.0,30.956074595451355,19.02779411966229,False,1,0,78
64,MAPPO,641,1,USR->DPDK (exit),195.82465291023252,20.89705877006054,22.25407212972641,USR QoS-risky,0.1641720533370971,9.179140090942385,66.08294677734375,USR safe saving,22.07483830316596,0.1641720565611347,False,9.179140090942385,64.23343658447266,0.4313769669464116,0.037904,0.5,True,True,0,22.07483830316596,56.365326046943665,9.37091937506501,False,0,1,65
64,MAPPO,646,7,USR->DPDK (exit),316.62023067474365,52.29885131120682,43.61411184072495,USR QoS-risky,0.0,10.60427188873291,264.27935791015625,USR safe saving,27.0,0.0,False,10.60427188873291,64.60276794433594,0.2740871762157792,0.037904,0.5,True,True,0,27.0,54.49502915143967,6.054057072700886,False,0,0,70
64,MAPPO,656,4,USR->DPDK (exit),156.705841422081,54.313890635967255,55.695220828056335,USR QoS-risky,0.1641720533370971,9.179140090942385,66.08294677734375,USR safe saving,22.07483830316596,0.1641720565611347,False,9.179140090942385,64.23343658447266,0.5390118318970935,0.037904,0.0,True,True,0,22.07483830316597,57.602956891059875,2.885189029679061,False,3,2,80
64,MAPPO,841,8,USR->DPDK (exit),236.1373454332352,47.8685274720192,52.31951177120209,USR QoS-risky,0.1654178351163864,9.172910690307615,67.34510040283203,USR safe saving,22.0374651657712,0.1654178278076266,False,9.172910690307615,64.6092300415039,0.3587066196589661,0.037904,0.25,True,True,0,22.03746516577119,43.38403046131134,4.933039679803511,True,0,1,73
64,MAPPO,846,2,USR->DPDK (exit),291.311651468277,29.448090121150017,64.08688426017761,USR QoS-risky,0.1654178351163864,9.172910690307615,123.90409088134766,USR safe saving,22.03746516577119,0.1654178278076269,False,9.172910690307615,64.6092300415039,0.2953546416402112,0.037904,0.5,True,True,0,22.037465165771213,84.10710096359253,9.892378428272094,False,0,0,78
64,MAPPO,954,6,USR->DPDK (exit),408.25656056404114,34.059323370456696,64.81979787349701,USR QoS-risky,0.0,1268.6173095703125,397.0951843261719,USR safe saving,27.0,0.0,False,1268.6173095703125,64.70343017578125,0.2160814863475519,0.037904,0.5,True,True,0,27.0,88.2902443408966,11.986631564095187,False,1,0,90
64,MAPPO,964,6,USR->DPDK (exit),241.68972671031952,34.415729343891144,83.64175260066986,USR QoS-risky,0.1654178351163864,9.172910690307615,67.34510040283203,USR safe saving,22.03746516577117,0.1654178278076277,False,9.172910690307615,64.6092300415039,0.350465988391474,0.037904,0.5,True,True,0,22.037465165771213,95.27388215065002,7.0226530519022665,False,0,1,4
64,Shared-PPO,64,6,USR->DPDK (exit),227.99848020076752,46.838171780109406,46.3174432516098,USR QoS-risky,0.1654178351163864,9.172910690307615,67.34510040283203,USR safe saving,22.037465165771213,0.1654178278076262,False,9.172910690307615,64.6092300415039,0.3715113753434232,0.037904,0.5,True,True,0,22.03746516577117,76.13523304462433,4.867792049423902,False,1,0,64
64,Shared-PPO,65,4,USR->DPDK (exit),220.3644961118698,52.14542895555496,28.86466681957245,USR QoS-risky,0.1654178351163864,9.172910690307615,67.34510040283203,USR safe saving,22.03746516577119,0.1654178278076269,False,9.172910690307615,64.6092300415039,0.3843814700195476,0.037904,0.0,True,True,0,22.0374651657712,20.68619430065155,4.225959983945914,True,1,0,65
64,Shared-PPO,77,4,USR->DPDK (exit),271.91948890686035,45.65170407295227,44.28806155920029,USR QoS-risky,0.1654178351163864,9.172910690307615,67.34510040283203,USR safe saving,22.03746516577119,0.1654178278076269,False,9.172910690307615,64.6092300415039,0.3115101292443438,0.037904,0.0,True,True,0,22.0374651657712,25.934606790542603,5.95639296338923,True,0,0,77
64,Shared-PPO,176,1,USR->DPDK (exit),275.7170498371124,38.28468173742294,54.60440367460251,USR QoS-risky,0.1654178351163864,9.172910690307615,67.34510040283203,USR safe saving,22.037465165771184,0.1654178278076272,False,9.172910690307615,64.6092300415039,0.3072195759510493,0.037904,0.375,True,True,0,22.03746516577119,58.50920081138611,7.201758962713314,False,2,1,80
64,Shared-PPO,177,7,USR->DPDK (exit),171.0605025291443,60.73367968201637,59.5896989107132,USR QoS-risky,0.1641720533370971,9.179140090942385,66.08294677734375,USR safe saving,22.07483830316597,0.1641720565611344,False,9.179140090942385,64.23343658447266,0.4938267079588267,0.037904,0.0,True,True,0,22.07483830316597,47.269418835639954,2.816567404194289,True,2,2,81
64,Shared-PPO,258,6,USR->DPDK (exit),261.77510619163513,40.64236953854561,28.1280130147934,USR QoS-risky,0.1654178351163864,9.172910690307615,67.34510040283203,USR safe saving,22.037465165771213,0.1654178278076262,False,9.172910690307615,64.6092300415039,0.3235763332959675,0.037904,0.25,True,True,0,22.03746516577117,34.55093502998352,6.4409410465933865,False,1,0,66
64,Shared-PPO,353,4,USR->DPDK (exit),195.9568560123444,51.252830773592,34.104324877262115,USR QoS-risky,0.1641720533370971,9.179140090942385,66.08294677734375,USR safe saving,22.07483830316597,0.1641720565611344,False,9.179140090942385,64.23343658447266,0.4310859366942917,0.037904,0.375,True,True,0,22.07483830316596,41.11813008785248,3.823337229468915,False,1,1,65
64,Shared-PPO,355,7,USR->DPDK (exit),246.68891727924347,44.8806956410408,51.1728897690773,USR QoS-risky,0.1654178351163864,9.172910690307615,67.34510040283203,USR safe saving,22.0374651657712,0.1654178278076266,False,9.172910690307615,64.6092300415039,0.3433637387921859,0.037904,0.5,True,True,0,22.03746516577119,115.27179926633835,5.49654843258848,False,1,1,67
64,Shared-PPO,364,4,USR->DPDK (exit),175.4271537065506,33.57217460870743,35.48486530780792,USR QoS-risky,0.1641720533370971,9.179140090942385,66.08294677734375,USR safe saving,22.07483830316597,0.1641720565611344,False,9.179140090942385,64.23343658447266,0.4815346030584065,0.037904,0.0,True,True,0,22.07483830316596,39.899542927742004,5.225373564602248,False,0,0,76
64,Shared-PPO,462,1,USR->DPDK (exit),300.0152111053467,15.767209231853483,24.805203080177307,USR QoS-risky,0.0,10.05422306060791,157.73089599609375,USR safe saving,27.0,0.0,False,10.05422306060791,64.6092300415039,0.2878957017724178,0.037904,0.0,True,True,0,27.0,30.956074595451355,19.02779411966229,False,1,0,78
64,Shared-PPO,466,5,USR->DPDK (exit),292.000949382782,63.85902315378189,62.62250244617462,USR QoS-risky,0.1654178351163864,9.172910690307615,123.90409088134766,USR safe saving,22.037465165771213,0.1654178278076262,False,9.172910690307615,64.6092300415039,0.2946574269943262,0.037904,0.0,True,False,1,0.0,47.64189571142197,4.572587160934186,True,2,0,82
64,Shared-PPO,472,7,USR->DPDK (exit),162.65754401683807,58.61378461122513,61.07161939144135,USR QoS-risky,0.1641720533370971,9.179140090942385,66.08294677734375,USR safe saving,22.07483830316597,0.1641720565611344,False,9.179140090942385,64.23343658447266,0.5193380075688665,0.037904,0.375,True,False,1,0.0,56.20791018009186,2.775073220330624,True,1,0,88
64,Shared-PPO,547,5,USR->DPDK (exit),244.9651509523392,64.6088719367981,49.72829669713974,USR QoS-risky,0.1654178351163864,9.172910690307615,67.34510040283203,USR safe saving,22.037465165771213,0.1654178278076262,False,9.172910690307615,64.6092300415039,0.3457799145155856,0.037904,0.5,True,False,82,0.0,63.51137161254883,3.7915094879224918,False,0,0,67
64,Shared-PPO,641,1,USR->DPDK (exit),195.82465291023252,20.89705877006054,22.25407212972641,USR QoS-risky,0.1641720533370971,9.179140090942385,66.08294677734375,USR safe saving,22.07483830316596,0.1641720565611347,False,9.179140090942385,64.23343658447266,0.4313769669464118,0.037904,0.5,True,True,0,22.07483830316596,56.365326046943665,9.37091937506501,False,0,1,65
64,Shared-PPO,646,7,USR->DPDK (exit),316.62023067474365,52.29885131120682,43.61411184072495,USR QoS-risky,0.0,10.60427188873291,264.27935791015625,USR safe saving,27.0,0.0,False,10.60427188873291,64.60276794433594,0.2740871762157791,0.037904,0.5,True,True,0,27.0,54.49502915143967,6.054057072700886,False,0,0,70
64,Shared-PPO,656,4,USR->DPDK (exit),156.705841422081,54.313890635967255,55.695220828056335,USR QoS-risky,0.1641720533370971,9.179140090942385,66.08294677734375,USR safe saving,22.07483830316597,0.1641720565611344,False,9.179140090942385,64.23343658447266,0.5390118318970935,0.037904,0.5,True,True,0,22.07483830316596,57.602956891059875,2.885189029679061,False,3,2,80
64,Shared-PPO,834,7,USR->DPDK (exit),154.1508585214615,90.98023921251296,68.20228695869446,USR QoS-risky,0.1641720533370971,9.179140090942385,66.08294677734375,USR no saving,22.07483830316597,0.1641720565611344,False,9.179140090942385,64.23343658447266,0.5479457167092687,0.037904,0.375,True,False,83,0.0,71.2512657046318,1.694333405316661,True,0,0,66
64,Shared-PPO,841,8,USR->DPDK (exit),236.1373454332352,47.8685274720192,52.31951177120209,USR QoS-risky,0.1654178351163864,9.172910690307615,67.34510040283203,USR safe saving,22.03746516577119,0.1654178278076269,False,9.172910690307615,64.6092300415039,0.3587066196589661,0.037904,0.25,True,True,0,22.0374651657712,43.38403046131134,4.933039679803511,True,0,1,73
64,Shared-PPO,846,2,USR->DPDK (exit),291.311651468277,29.448090121150017,64.08688426017761,USR QoS-risky,0.1654178351163864,9.172910690307615,123.90409088134766,USR safe saving,22.037465165771213,0.1654178278076262,False,9.172910690307615,64.6092300415039,0.2953546416402113,0.037904,0.5,True,True,0,22.03746516577119,84.10710096359253,9.892378428272094,False,0,0,78
64,Shared-PPO,935,8,USR->DPDK (exit),241.1428689956665,66.51609390974045,52.56228893995285,USR QoS-risky,0.1654178351163864,9.172910690307615,67.34510040283203,USR safe saving,22.03746516577119,0.1654178278076269,False,9.172910690307615,64.6092300415039,0.3512607663182426,0.037904,0.5,True,False,2,0.0,58.1744983792305,3.625331176585433,False,0,0,71
64,Shared-PPO,954,6,USR->DPDK (exit),408.25656056404114,34.059323370456696,64.81979787349701,USR QoS-risky,0.0,1268.6173095703125,397.0951843261719,USR safe saving,27.0,0.0,False,1268.6173095703125,64.70343017578125,0.2160814863475519,0.037904,0.5,True,True,0,27.0,88.2902443408966,11.986631564095187,False,1,0,90
64,Shared-PPO,964,6,USR->DPDK (exit),241.68972671031952,34.415729343891144,83.64175260066986,USR QoS-risky,0.1654178351163864,9.172910690307615,67.34510040283203,USR safe saving,22.037465165771213,0.1654178278076262,False,9.172910690307615,64.6092300415039,0.3504659883914741,0.037904,0.5,True,True,0,22.03746516577117,95.27388215065002,7.0226530519022665,False,0,1,4
77,MAPPO,64,6,USR->DPDK (exit),227.99848020076752,46.838171780109406,46.3174432516098,USR QoS-risky,0.1654178351163864,9.172910690307615,67.34510040283203,USR safe saving,22.0374651657712,0.1654178278076266,False,9.172910690307615,64.6092300415039,0.3715113753434231,0.037904,0.5,True,True,0,22.037465165771184,76.13523304462433,4.867792049423902,False,1,0,64
77,MAPPO,65,4,USR->DPDK (exit),220.3644961118698,52.14542895555496,28.86466681957245,USR QoS-risky,0.1654178351163864,9.172910690307615,67.34510040283203,USR safe saving,22.037465165771213,0.1654178278076262,False,9.172910690307615,64.6092300415039,0.3843814700195475,0.037904,0.0,True,True,0,22.03746516577117,20.68619430065155,4.225959983945914,True,1,0,65
77,MAPPO,77,4,USR->DPDK (exit),271.91948890686035,45.65170407295227,44.28806155920029,USR QoS-risky,0.1654178351163864,9.172910690307615,67.34510040283203,USR safe saving,22.037465165771213,0.1654178278076262,False,9.172910690307615,64.6092300415039,0.3115101292443437,0.037904,0.0,True,True,0,22.03746516577117,25.934606790542603,5.95639296338923,True,0,0,77
77,MAPPO,176,1,USR->DPDK (exit),275.7170498371124,38.28468173742294,54.60440367460251,USR QoS-risky,0.1654178351163864,9.172910690307615,67.34510040283203,USR safe saving,22.0374651657712,0.1654178278076266,False,9.172910690307615,64.6092300415039,0.3072195759510491,0.037904,0.5,True,True,0,22.03746516577119,58.50920081138611,7.201758962713314,False,2,1,80
77,MAPPO,177,7,USR->DPDK (exit),171.0605025291443,60.73367968201637,59.5896989107132,USR QoS-risky,0.1641720533370971,9.179140090942385,66.08294677734375,USR safe saving,22.074838303165947,0.1641720565611351,False,9.179140090942385,64.23343658447266,0.493826707958827,0.037904,0.125,True,True,0,22.07483830316596,47.269418835639954,2.816567404194289,True,2,2,81
77,MAPPO,258,6,USR->DPDK (exit),261.77510619163513,40.64236953854561,28.1280130147934,USR QoS-risky,0.1654178351163864,9.172910690307615,67.34510040283203,USR safe saving,22.0374651657712,0.1654178278076266,False,9.172910690307615,64.6092300415039,0.3235763332959674,0.037904,0.25,True,True,0,22.037465165771184,34.55093502998352,6.4409410465933865,False,1,0,66
77,MAPPO,353,4,USR->DPDK (exit),195.9568560123444,51.252830773592,34.104324877262115,USR QoS-risky,0.1641720533370971,9.179140090942385,66.08294677734375,USR safe saving,22.074838303165983,0.1641720565611339,False,9.179140090942385,64.23343658447266,0.4310859366942918,0.037904,0.5,True,True,0,22.074838303165983,41.11813008785248,3.823337229468915,False,1,1,65
77,MAPPO,364,4,USR->DPDK (exit),175.4271537065506,33.57217460870743,35.48486530780792,USR QoS-risky,0.1641720533370971,9.179140090942385,66.08294677734375,USR safe saving,22.074838303165983,0.1641720565611339,False,9.179140090942385,64.23343658447266,0.4815346030584067,0.037904,0.0,True,True,0,22.074838303165983,39.899542927742004,5.225373564602248,False,0,0,76
77,MAPPO,462,1,USR->DPDK (exit),300.0152111053467,15.767209231853483,24.805203080177307,USR QoS-risky,0.0,10.05422306060791,157.73089599609375,USR safe saving,27.0,0.0,False,10.05422306060791,64.6092300415039,0.2878957017724177,0.037904,0.0,True,True,0,27.0,30.956074595451355,19.02779411966229,False,1,0,78
77,MAPPO,641,1,USR->DPDK (exit),195.82465291023252,20.89705877006054,22.25407212972641,USR QoS-risky,0.1641720533370971,9.179140090942385,66.08294677734375,USR safe saving,22.07483830316596,0.1641720565611347,False,9.179140090942385,64.23343658447266,0.4313769669464116,0.037904,0.5,True,True,0,22.07483830316597,56.365326046943665,9.37091937506501,False,0,1,65
77,MAPPO,646,7,USR->DPDK (exit),316.62023067474365,52.29885131120682,43.61411184072495,USR QoS-risky,0.0,10.60427188873291,264.27935791015625,USR safe saving,27.0,0.0,False,10.60427188873291,64.60276794433594,0.2740871762157792,0.037904,0.5,True,True,0,27.0,54.49502915143967,6.054057072700886,False,0,0,70
77,MAPPO,841,8,USR->DPDK (exit),236.1373454332352,47.8685274720192,52.31951177120209,USR QoS-risky,0.1654178351163864,9.172910690307615,67.34510040283203,USR safe saving,22.037465165771223,0.1654178278076259,False,9.172910690307615,64.6092300415039,0.358706619658966,0.037904,0.375,True,True,0,22.037465165771184,43.38403046131134,4.933039679803511,True,0,1,73
77,MAPPO,846,2,USR->DPDK (exit),291.311651468277,29.448090121150017,64.08688426017761,USR QoS-risky,0.1654178351163864,9.172910690307615,123.90409088134766,USR safe saving,22.0374651657712,0.1654178278076266,False,9.172910690307615,64.6092300415039,0.2953546416402111,0.037904,0.5,True,True,0,22.0374651657712,84.10710096359253,9.892378428272094,False,0,0,78
77,MAPPO,954,6,USR->DPDK (exit),408.25656056404114,34.059323370456696,64.81979787349701,USR QoS-risky,0.0,1268.6173095703125,397.0951843261719,USR safe saving,27.0,0.0,False,1268.6173095703125,64.70343017578125,0.2160814863475519,0.037904,0.5,True,True,0,27.0,88.2902443408966,11.986631564095187,False,1,0,90
77,Shared-PPO,64,6,USR->DPDK (exit),227.99848020076752,46.838171780109406,46.3174432516098,USR QoS-risky,0.1654178351163864,9.172910690307615,67.34510040283203,USR safe saving,22.037465165771184,0.1654178278076272,False,9.172910690307615,64.6092300415039,0.3715113753434232,0.037904,0.5,True,True,0,22.0374651657712,76.13523304462433,4.867792049423902,False,1,0,64
77,Shared-PPO,65,4,USR->DPDK (exit),220.3644961118698,52.14542895555496,28.86466681957245,USR QoS-risky,0.1654178351163864,9.172910690307615,67.34510040283203,USR safe saving,22.03746516577117,0.1654178278076277,False,9.172910690307615,64.6092300415039,0.3843814700195475,0.037904,0.0,True,True,0,22.037465165771213,20.68619430065155,4.225959983945914,True,1,0,65
77,Shared-PPO,77,4,USR->DPDK (exit),271.91948890686035,45.65170407295227,44.28806155920029,USR QoS-risky,0.1654178351163864,9.172910690307615,67.34510040283203,USR safe saving,22.03746516577117,0.1654178278076277,False,9.172910690307615,64.6092300415039,0.3115101292443437,0.037904,0.0,True,True,0,22.037465165771213,25.934606790542603,5.95639296338923,True,0,0,77
77,Shared-PPO,157,5,USR->DPDK (exit),167.14152693748474,86.18953078985214,79.92371171712875,USR QoS-risky,0.1641720533370971,9.179140090942385,66.08294677734375,USR safe saving,22.074838303165983,0.1641720565611339,False,9.179140090942385,64.23343658447266,0.505405487035819,0.037904,0.375,True,False,81,0.0,92.54540503025055,1.9392323569437948,True,1,1,61
77,Shared-PPO,176,1,USR->DPDK (exit),275.7170498371124,38.28468173742294,54.60440367460251,USR QoS-risky,0.1654178351163864,9.172910690307615,67.34510040283203,USR safe saving,22.03746516577119,0.1654178278076269,False,9.172910690307615,64.6092300415039,0.3072195759510492,0.037904,0.5,True,True,0,22.0374651657712,58.50920081138611,7.201758962713314,False,2,1,80
77,Shared-PPO,177,7,USR->DPDK (exit),171.0605025291443,60.73367968201637,59.5896989107132,USR QoS-risky,0.1641720533370971,9.179140090942385,66.08294677734375,USR safe saving,22.07483830316596,0.1641720565611347,False,9.179140090942385,64.23343658447266,0.493826707958827,0.037904,0.0,True,True,0,22.074838303165947,47.269418835639954,2.816567404194289,True,2,2,81
77,Shared-PPO,258,6,USR->DPDK (exit),261.77510619163513,40.64236953854561,28.1280130147934,USR QoS-risky,0.1654178351163864,9.172910690307615,67.34510040283203,USR safe saving,22.037465165771184,0.1654178278076272,False,9.172910690307615,64.6092300415039,0.3235763332959675,0.037904,0.25,True,True,0,22.0374651657712,34.55093502998352,6.4409410465933865,False,1,0,66
77,Shared-PPO,353,4,USR->DPDK (exit),195.9568560123444,51.252830773592,34.104324877262115,USR QoS-risky,0.1641720533370971,9.179140090942385,66.08294677734375,USR safe saving,22.074838303165983,0.1641720565611339,False,9.179140090942385,64.23343658447266,0.4310859366942917,0.037904,0.0,True,True,0,22.074838303165983,41.11813008785248,3.823337229468915,False,1,1,65
77,Shared-PPO,364,4,USR->DPDK (exit),175.4271537065506,33.57217460870743,35.48486530780792,USR QoS-risky,0.1641720533370971,9.179140090942385,66.08294677734375,USR safe saving,22.074838303165983,0.1641720565611339,False,9.179140090942385,64.23343658447266,0.4815346030584065,0.037904,0.0,True,True,0,22.074838303165983,39.899542927742004,5.225373564602248,False,0,0,76
77,Shared-PPO,366,2,USR->DPDK (exit),161.68759763240814,87.03723549842834,87.78908848762512,USR QoS-risky,0.1641720533370971,9.179140090942385,66.08294677734375,USR safe saving,22.07483830316597,0.1641720565611344,False,9.179140090942385,64.23343658447266,0.5224534600223301,0.037904,0.375,True,False,1,0.0,66.19304418563843,1.8576830560677422,True,0,0,78
77,Shared-PPO,381,0,USR->DPDK (exit),181.30284547805783,70.10805606842041,58.20569396018982,USR QoS-risky,0.1641720533370971,9.179140090942385,66.08294677734375,USR safe saving,22.07483830316597,0.1641720565611344,False,9.179140090942385,64.23343658447266,0.4659289522070597,0.037904,0.375,True,False,1,0.0,49.02684688568115,2.586048674650447,True,0,1,93
77,Shared-PPO,462,1,USR->DPDK (exit),300.0152111053467,15.767209231853483,24.805203080177307,USR QoS-risky,0.0,10.05422306060791,157.73089599609375,USR safe saving,27.0,0.0,False,10.05422306060791,64.6092300415039,0.2878957017724178,0.037904,0.0,True,True,0,27.0,30.956074595451355,19.02779411966229,False,1,0,78
77,Shared-PPO,641,1,USR->DPDK (exit),195.82465291023252,20.89705877006054,22.25407212972641,USR QoS-risky,0.1641720533370971,9.179140090942385,66.08294677734375,USR safe saving,22.07483830316597,0.1641720565611344,False,9.179140090942385,64.23343658447266,0.4313769669464118,0.037904,0.125,True,True,0,22.07483830316596,56.365326046943665,9.37091937506501,False,0,1,65
77,Shared-PPO,646,7,USR->DPDK (exit),316.62023067474365,52.29885131120682,43.61411184072495,USR QoS-risky,0.0,10.60427188873291,264.27935791015625,USR safe saving,27.0,0.0,False,10.60427188873291,64.60276794433594,0.2740871762157792,0.037904,0.5,True,True,0,27.0,54.49502915143967,6.054057072700886,False,0,0,70
77,Shared-PPO,652,2,USR->DPDK (exit),328.60004901885986,59.34198200702667,73.5936388373375,USR QoS-risky,0.0,10.60427188873291,264.27935791015625,USR safe saving,27.0,0.0,False,10.60427188873291,64.60276794433594,0.2640947413658125,0.037904,0.5,True,False,183,0.0,96.78445011377335,5.537395919468116,False,0,1,76
77,Shared-PPO,834,7,USR->DPDK (exit),154.1508585214615,90.98023921251296,68.20228695869446,USR QoS-risky,0.1641720533370971,9.179140090942385,66.08294677734375,USR no saving,22.07483830316596,0.1641720565611347,False,9.179140090942385,64.23343658447266,0.547945716709269,0.037904,0.25,True,False,83,0.0,71.2512657046318,1.694333405316661,True,0,0,66
77,Shared-PPO,841,8,USR->DPDK (exit),236.1373454332352,47.8685274720192,52.31951177120209,USR QoS-risky,0.1654178351163864,9.172910690307615,67.34510040283203,USR safe saving,22.037465165771184,0.1654178278076272,False,9.172910690307615,64.6092300415039,0.358706619658966,0.037904,0.375,True,True,0,22.037465165771223,43.38403046131134,4.933039679803511,True,0,1,73
77,Shared-PPO,846,2,USR->DPDK (exit),291.311651468277,29.448090121150017,64.08688426017761,USR QoS-risky,0.1654178351163864,9.172910690307615,123.90409088134766,USR safe saving,22.0374651657712,0.1654178278076266,False,9.172910690307615,64.6092300415039,0.295354641640211,0.037904,0.5,True,True,0,22.0374651657712,84.10710096359253,9.892378428272094,False,0,0,78
77,Shared-PPO,954,6,USR->DPDK (exit),408.25656056404114,34.059323370456696,64.81979787349701,USR QoS-risky,0.0,1268.6173095703125,397.0951843261719,USR safe saving,27.0,0.0,False,1268.6173095703125,64.70343017578125,0.2160814863475519,0.037904,0.5,True,True,0,27.0,88.2902443408966,11.986631564095187,False,1,0,90
77,Shared-PPO,964,6,USR->DPDK (exit),241.68972671031952,34.415729343891144,83.64175260066986,USR QoS-risky,0.1654178351163864,9.172910690307615,67.34510040283203,USR safe saving,22.037465165771184,0.1654178278076272,False,9.172910690307615,64.6092300415039,0.3504659883914741,0.037904,0.5,True,False,2,0.0,95.27388215065002,7.0226530519022665,False,0,1,4
99,MAPPO,64,6,USR->DPDK (exit),227.99848020076752,46.838171780109406,46.3174432516098,USR QoS-risky,0.1654178351163864,9.172910690307615,67.34510040283203,USR safe saving,22.03746516577119,0.1654178278076269,False,9.172910690307615,64.6092300415039,0.3715113753434231,0.037904,0.5,True,True,0,22.0374651657712,76.13523304462433,4.867792049423902,False,1,0,64
99,MAPPO,65,4,USR->DPDK (exit),220.3644961118698,52.14542895555496,28.86466681957245,USR QoS-risky,0.1654178351163864,9.172910690307615,67.34510040283203,USR safe saving,22.0374651657712,0.1654178278076266,False,9.172910690307615,64.6092300415039,0.3843814700195477,0.037904,0.0,True,True,0,22.03746516577119,20.68619430065155,4.225959983945914,True,1,0,65
99,MAPPO,77,4,USR->DPDK (exit),271.91948890686035,45.65170407295227,44.28806155920029,USR QoS-risky,0.1654178351163864,9.172910690307615,67.34510040283203,USR safe saving,22.0374651657712,0.1654178278076266,False,9.172910690307615,64.6092300415039,0.3115101292443439,0.037904,0.0,True,True,0,22.03746516577119,25.934606790542603,5.95639296338923,True,0,0,77
99,MAPPO,177,7,USR->DPDK (exit),171.0605025291443,60.73367968201637,59.5896989107132,USR QoS-risky,0.1641720533370971,9.179140090942385,66.08294677734375,USR safe saving,22.074838303165983,0.1641720565611339,False,9.179140090942385,64.23343658447266,0.493826707958827,0.037904,0.125,True,False,1,0.0,47.269418835639954,2.816567404194289,True,2,2,81
99,MAPPO,258,6,USR->DPDK (exit),261.77510619163513,40.64236953854561,28.1280130147934,USR QoS-risky,0.1654178351163864,9.172910690307615,67.34510040283203,USR safe saving,22.03746516577119,0.1654178278076269,False,9.172910690307615,64.6092300415039,0.3235763332959675,0.037904,0.375,True,True,0,22.0374651657712,34.55093502998352,6.4409410465933865,False,1,0,66
99,MAPPO,353,4,USR->DPDK (exit),195.9568560123444,51.252830773592,34.104324877262115,USR QoS-risky,0.1641720533370971,9.179140090942385,66.08294677734375,USR safe saving,22.074838303165983,0.1641720565611339,False,9.179140090942385,64.23343658447266,0.4310859366942917,0.037904,0.0,True,True,0,22.07483830316597,41.11813008785248,3.823337229468915,False,1,1,65
99,MAPPO,364,4,USR->DPDK (exit),175.4271537065506,33.57217460870743,35.48486530780792,USR QoS-risky,0.1641720533370971,9.179140090942385,66.08294677734375,USR safe saving,22.074838303165983,0.1641720565611339,False,9.179140090942385,64.23343658447266,0.4815346030584065,0.037904,0.0,True,True,0,22.07483830316597,39.899542927742004,5.225373564602248,False,0,0,76
99,MAPPO,462,1,USR->DPDK (exit),300.0152111053467,15.767209231853483,24.805203080177307,USR QoS-risky,0.0,10.05422306060791,157.73089599609375,USR safe saving,27.0,0.0,False,10.05422306060791,64.6092300415039,0.2878957017724178,0.037904,0.0,True,True,0,27.0,30.956074595451355,19.02779411966229,False,1,0,78
99,MAPPO,641,1,USR->DPDK (exit),195.82465291023252,20.89705877006054,22.25407212972641,USR QoS-risky,0.1641720533370971,9.179140090942385,66.08294677734375,USR safe saving,22.074838303165983,0.1641720565611339,False,9.179140090942385,64.23343658447266,0.4313769669464115,0.037904,0.5,True,True,0,22.07483830316596,56.365326046943665,9.37091937506501,False,0,1,65
99,MAPPO,646,7,USR->DPDK (exit),316.62023067474365,52.29885131120682,43.61411184072495,USR QoS-risky,0.0,10.60427188873291,264.27935791015625,USR safe saving,27.0,0.0,False,10.60427188873291,64.60276794433594,0.2740871762157792,0.037904,0.5,True,True,0,27.0,54.49502915143967,6.054057072700886,False,0,0,70
99,MAPPO,652,2,USR->DPDK (exit),328.60004901885986,59.34198200702667,73.5936388373375,USR QoS-risky,0.0,10.60427188873291,264.27935791015625,USR safe saving,27.0,0.0,False,10.60427188873291,64.60276794433594,0.2640947413658126,0.037904,0.5,True,True,0,27.0,96.78445011377335,5.537395919468116,False,0,1,76
99,MAPPO,841,8,USR->DPDK (exit),236.1373454332352,47.8685274720192,52.31951177120209,USR QoS-risky,0.1654178351163864,9.172910690307615,67.34510040283203,USR safe saving,22.0374651657712,0.1654178278076266,False,9.172910690307615,64.6092300415039,0.358706619658966,0.037904,0.375,True,True,0,22.0374651657712,43.38403046131134,4.933039679803511,True,0,1,73
99,MAPPO,846,2,USR->DPDK (exit),291.311651468277,29.448090121150017,64.08688426017761,USR QoS-risky,0.1654178351163864,9.172910690307615,123.90409088134766,USR safe saving,22.0374651657712,0.1654178278076266,False,9.172910690307615,64.6092300415039,0.2953546416402111,0.037904,0.5,True,True,0,22.03746516577119,84.10710096359253,9.892378428272094,False,0,0,78
99,MAPPO,954,6,USR->DPDK (exit),408.25656056404114,34.059323370456696,64.81979787349701,USR QoS-risky,0.0,1268.6173095703125,397.0951843261719,USR safe saving,27.0,0.0,False,1268.6173095703125,64.70343017578125,0.2160814863475519,0.037904,0.5,True,True,0,27.0,88.2902443408966,11.986631564095187,False,1,0,90
99,MAPPO,964,6,USR->DPDK (exit),241.68972671031952,34.415729343891144,83.64175260066986,USR QoS-risky,0.1654178351163864,9.172910690307615,67.34510040283203,USR safe saving,22.03746516577119,0.1654178278076269,False,9.172910690307615,64.6092300415039,0.3504659883914741,0.037904,0.5,True,True,0,22.0374651657712,95.27388215065002,7.0226530519022665,False,0,1,4
99,Shared-PPO,64,6,USR->DPDK (exit),227.99848020076752,46.838171780109406,46.3174432516098,USR QoS-risky,0.1654178351163864,9.172910690307615,67.34510040283203,USR safe saving,22.0374651657712,0.1654178278076266,False,9.172910690307615,64.6092300415039,0.3715113753434231,0.037904,0.5,True,True,0,22.03746516577119,76.13523304462433,4.867792049423902,False,1,0,64
99,Shared-PPO,65,4,USR->DPDK (exit),220.3644961118698,52.14542895555496,28.86466681957245,USR QoS-risky,0.1654178351163864,9.172910690307615,67.34510040283203,USR safe saving,22.03746516577119,0.1654178278076269,False,9.172910690307615,64.6092300415039,0.3843814700195476,0.037904,0.0,True,True,0,22.0374651657712,20.68619430065155,4.225959983945914,True,1,0,65
99,Shared-PPO,77,4,USR->DPDK (exit),271.91948890686035,45.65170407295227,44.28806155920029,USR QoS-risky,0.1654178351163864,9.172910690307615,67.34510040283203,USR safe saving,22.03746516577119,0.1654178278076269,False,9.172910690307615,64.6092300415039,0.3115101292443438,0.037904,0.0,True,True,0,22.0374651657712,25.934606790542603,5.95639296338923,True,0,0,77
99,Shared-PPO,157,5,USR->DPDK (exit),167.14152693748474,86.18953078985214,79.92371171712875,USR QoS-risky,0.1641720533370971,9.179140090942385,66.08294677734375,USR safe saving,22.074838303165947,0.1641720565611351,False,9.179140090942385,64.23343658447266,0.5054054870358189,0.037904,0.375,True,False,80,0.0,92.54540503025055,1.9392323569437948,True,1,1,61
99,Shared-PPO,176,1,USR->DPDK (exit),275.7170498371124,38.28468173742294,54.60440367460251,USR QoS-risky,0.1654178351163864,9.172910690307615,67.34510040283203,USR safe saving,22.0374651657712,0.1654178278076266,False,9.172910690307615,64.6092300415039,0.3072195759510493,0.037904,0.375,True,False,3,0.0,58.50920081138611,7.201758962713314,False,2,1,80
99,Shared-PPO,258,6,USR->DPDK (exit),261.77510619163513,40.64236953854561,28.1280130147934,USR QoS-risky,0.1654178351163864,9.172910690307615,67.34510040283203,USR safe saving,22.0374651657712,0.1654178278076266,False,9.172910690307615,64.6092300415039,0.3235763332959675,0.037904,0.25,True,True,0,22.03746516577119,34.55093502998352,6.4409410465933865,False,1,0,66
99,Shared-PPO,353,4,USR->DPDK (exit),195.9568560123444,51.252830773592,34.104324877262115,USR QoS-risky,0.1641720533370971,9.179140090942385,66.08294677734375,USR safe saving,22.07483830316597,0.1641720565611344,False,9.179140090942385,64.23343658447266,0.4310859366942915,0.037904,0.5,True,True,0,22.074838303165983,41.11813008785248,3.823337229468915,False,1,1,65
99,Shared-PPO,353,7,USR->DPDK (exit),211.9711637496948,67.84196197986603,54.01381105184555,USR QoS-risky,0.1654178351163864,9.172910690307615,67.34510040283203,USR safe saving,22.03746516577119,0.1654178278076269,False,9.172910690307615,64.6092300415039,0.3996016602315762,0.037904,0.5,True,False,80,0.0,61.59789115190506,3.1244845750864796,True,1,1,65
99,Shared-PPO,364,4,USR->DPDK (exit),175.4271537065506,33.57217460870743,35.48486530780792,USR QoS-risky,0.1641720533370971,9.179140090942385,66.08294677734375,USR safe saving,22.07483830316597,0.1641720565611344,False,9.179140090942385,64.23343658447266,0.4815346030584063,0.037904,0.0,True,True,0,22.074838303165983,39.899542927742004,5.225373564602248,False,0,0,76
99,Shared-PPO,462,1,USR->DPDK (exit),300.0152111053467,15.767209231853483,24.805203080177307,USR QoS-risky,0.0,10.05422306060791,157.73089599609375,USR safe saving,27.0,0.0,False,10.05422306060791,64.6092300415039,0.2878957017724179,0.037904,0.0,True,True,0,27.0,30.956074595451355,19.02779411966229,False,1,0,78
99,Shared-PPO,547,5,USR->DPDK (exit),244.9651509523392,64.6088719367981,49.72829669713974,USR QoS-risky,0.1654178351163864,9.172910690307615,67.34510040283203,USR safe saving,22.03746516577119,0.1654178278076269,False,9.172910690307615,64.6092300415039,0.3457799145155857,0.037904,0.5,True,False,82,0.0,63.51137161254883,3.7915094879224918,False,0,0,67
99,Shared-PPO,641,1,USR->DPDK (exit),195.82465291023252,20.89705877006054,22.25407212972641,USR QoS-risky,0.1641720533370971,9.179140090942385,66.08294677734375,USR safe saving,22.07483830316596,0.1641720565611347,False,9.179140090942385,64.23343658447266,0.4313769669464116,0.037904,0.125,True,True,0,22.074838303165983,56.365326046943665,9.37091937506501,False,0,1,65
99,Shared-PPO,646,7,USR->DPDK (exit),316.62023067474365,52.29885131120682,43.61411184072495,USR QoS-risky,0.0,10.60427188873291,264.27935791015625,USR safe saving,27.0,0.0,False,10.60427188873291,64.60276794433594,0.2740871762157791,0.037904,0.5,True,True,0,27.0,54.49502915143967,6.054057072700886,False,0,0,70
99,Shared-PPO,652,2,USR->DPDK (exit),328.60004901885986,59.34198200702667,73.5936388373375,USR QoS-risky,0.0,10.60427188873291,264.27935791015625,USR safe saving,27.0,0.0,False,10.60427188873291,64.60276794433594,0.2640947413658127,0.037904,0.5,True,True,0,27.0,96.78445011377335,5.537395919468116,False,0,1,76
99,Shared-PPO,834,7,USR->DPDK (exit),154.1508585214615,90.98023921251296,68.20228695869446,USR QoS-risky,0.1641720533370971,9.179140090942385,66.08294677734375,USR no saving,22.07483830316596,0.1641720565611347,False,9.179140090942385,64.23343658447266,0.547945716709269,0.037904,0.25,True,False,83,0.0,71.2512657046318,1.694333405316661,True,0,0,66
99,Shared-PPO,841,8,USR->DPDK (exit),236.1373454332352,47.8685274720192,52.31951177120209,USR QoS-risky,0.1654178351163864,9.172910690307615,67.34510040283203,USR safe saving,22.0374651657712,0.1654178278076266,False,9.172910690307615,64.6092300415039,0.3587066196589662,0.037904,0.375,True,True,0,22.0374651657712,43.38403046131134,4.933039679803511,True,0,1,73
99,Shared-PPO,846,2,USR->DPDK (exit),291.311651468277,29.448090121150017,64.08688426017761,USR QoS-risky,0.1654178351163864,9.172910690307615,123.90409088134766,USR safe saving,22.03746516577119,0.1654178278076269,False,9.172910690307615,64.6092300415039,0.2953546416402111,0.037904,0.5,True,True,0,22.0374651657712,84.10710096359253,9.892378428272094,False,0,0,78
99,Shared-PPO,935,8,USR->DPDK (exit),241.1428689956665,66.51609390974045,52.56228893995285,USR QoS-risky,0.1654178351163864,9.172910690307615,67.34510040283203,USR safe saving,22.0374651657712,0.1654178278076266,False,9.172910690307615,64.6092300415039,0.3512607663182426,0.037904,0.5,True,False,90,0.0,58.1744983792305,3.625331176585433,False,0,0,71
99,Shared-PPO,954,6,USR->DPDK (exit),408.25656056404114,34.059323370456696,64.81979787349701,USR QoS-risky,0.0,1268.6173095703125,397.0951843261719,USR safe saving,27.0,0.0,False,1268.6173095703125,64.70343017578125,0.2160814863475519,0.037904,0.5,True,True,0,27.0,88.2902443408966,11.986631564095187,False,1,0,90
99,Shared-PPO,964,6,USR->DPDK (exit),241.68972671031952,34.415729343891144,83.64175260066986,USR QoS-risky,0.1654178351163864,9.172910690307615,67.34510040283203,USR safe saving,22.0374651657712,0.1654178278076266,False,9.172910690307615,64.6092300415039,0.3504659883914741,0.037904,0.5,True,True,0,22.03746516577119,95.27388215065002,7.0226530519022665,False,0,1,4
