path,sha256_recorded_at_launch,sha256_now,unchanged,mtime,git_tracked
src/trainers/mappo.py,fd8d81ab6c5c28d7e8059dab91f5ca56b69df084f2594371d0da4025840c2e74,fd8d81ab6c5c28d7e8059dab91f5ca56b69df084f2594371d0da4025840c2e74,True,2026-05-27T14:46:17,True
src/trainers/shared_ppo.py,762d9725163a1b3a9c54dd054350584eaf7f58dbd060fac67633b4ce768d9a92,762d9725163a1b3a9c54dd054350584eaf7f58dbd060fac67633b4ce768d9a92,True,2026-09-14T03:55:32,False
src/trainers/ppo_multi_site.py,f2c50553a88760862475f404bc49d4d0445c547f678138bd1637e7372ff755f0,f2c50553a88760862475f404bc49d4d0445c547f678138bd1637e7372ff755f0,True,2026-06-06T16:00:44,True
src/trainers/ppo_single_site.py,7c7a091651f9af7eac1982a844c57d5a163c1f38e1a6c19e9d577445c07ce4f5,7c7a091651f9af7eac1982a844c57d5a163c1f38e1a6c19e9d577445c07ce4f5,True,2026-06-06T16:00:37,True
src/envs/__init__.py,e3b0c44298fc1c149afbf4c8996fb92427ae41e4649b934ca495991b7852b855,e3b0c44298fc1c149afbf4c8996fb92427ae41e4649b934ca495991b7852b855,True,2026-05-12T12:33:47,True
src/envs/multi_agent_upf_env.py,ab812bb85efe442270c7d082e9cd9c6f0667c559b9bbfdc60a42b5650e6796f9,ab812bb85efe442270c7d082e9cd9c6f0667c559b9bbfdc60a42b5650e6796f9,True,2026-05-27T14:35:39,True
src/envs/multi_site_upf_env.py,f16c666c023962326e80da18de5934bd88bcada64e6acae39f849fa22d4de6c3,f16c666c023962326e80da18de5934bd88bcada64e6acae39f849fa22d4de6c3,True,2026-05-27T14:33:24,True
src/envs/single_site_upf_env.py,f1feb81a68f539910ba33eb81165fdeccbfe4ee01ad23f6cffd34aff6b345e16,f1feb81a68f539910ba33eb81165fdeccbfe4ee01ad23f6cffd34aff6b345e16,True,2026-07-21T11:54:32,True
scripts/train_mappo.py,b9282eb62be3b2b9699bb869f44483c08d6151b79dcf502e06fddbaccb3906bc,b9282eb62be3b2b9699bb869f44483c08d6151b79dcf502e06fddbaccb3906bc,True,2026-06-01T00:48:35,True
scripts/train_shared_ppo.py,e00f3f02b03c83278d5815f77c58d24651e23151177ff8fddff271c2cfdc2ec2,e00f3f02b03c83278d5815f77c58d24651e23151177ff8fddff271c2cfdc2ec2,True,2026-09-14T03:55:52,False
scripts/train_ppo_multi_site.py,b3ab6dc84e26730e52b4b8cdd573b8867a48230f3303056042d816d5782f198b,b3ab6dc84e26730e52b4b8cdd573b8867a48230f3303056042d816d5782f198b,True,2026-05-17T21:12:54,True
scripts/train_ppo_ensemble.py,01f6a18f1b315f99c1e5feb8290f8ccbf3b68254bcb1a0d6b55b056eeb917e88,01f6a18f1b315f99c1e5feb8290f8ccbf3b68254bcb1a0d6b55b056eeb917e88,True,2026-05-17T21:12:54,True
research/phase7/evaluate_multiseed.py,03a6c57f7ed7858b552f365ba57a4e7cf48593d4157e59f187e576a4ebd60282,03a6c57f7ed7858b552f365ba57a4e7cf48593d4157e59f187e576a4ebd60282,True,2026-07-23T17:44:31,True
configs/scenario_rl.yaml,f4637a758a80981016a4b12478311d2aac86f4f36bcfb6361612d4971272e4fa,f4637a758a80981016a4b12478311d2aac86f4f36bcfb6361612d4971272e4fa,True,2026-07-21T11:53:43,True
configs/digital_twin_paths.yaml,900e1dd8cd28341dc33b3ac93ce3fd0da255eda4ba59e87de34af2188a25b13d,900e1dd8cd28341dc33b3ac93ce3fd0da255eda4ba59e87de34af2188a25b13d,True,2026-05-15T21:50:50,True
