controller,seed,taskc_rollout,taskc_mtime,taskc_checkpoint,taskc_total_reward,calibration_rollout,calibration_mtime,calibration_checkpoint,calibration_twin,identical_action_arrays,reward_sum_float64,reward_sum_float32_file
MAPPO,1,reports/wcnc2027-shared-policy-ablation/rollouts/MAPPO__seed1.npz,2026-09-14T04:11:09,/home/ubuntu/UpfRLControllers/experiments/wcnc2027_ablation/mappo_seed1/mappo_best.pt,-5579.372568665656,reports/wcnc2027-calibration-robustness/rollouts/main/pinned/A/MAPPO__wcnc2027_ablation-mappo_seed1-mappo_best.pt.npz,2026-09-14T04:48:53,/home/ubuntu/UpfRLControllers/experiments/wcnc2027_ablation/mappo_seed1/mappo_best.pt,v040,True,-5579.372568665656,-5579.372564261779
MAPPO,7,reports/wcnc2027-shared-policy-ablation/rollouts/MAPPO__seed7.npz,2026-09-14T04:11:09,/home/ubuntu/UpfRLControllers/experiments/wcnc2027_ablation/mappo_seed7/mappo_best.pt,-5622.810827490619,reports/wcnc2027-calibration-robustness/rollouts/main/pinned/A/MAPPO__wcnc2027_ablation-mappo_seed7-mappo_best.pt.npz,2026-09-14T04:48:54,/home/ubuntu/UpfRLControllers/experiments/wcnc2027_ablation/mappo_seed7/mappo_best.pt,v040,True,-5622.810827490619,-5622.810825025663
MAPPO,13,reports/wcnc2027-shared-policy-ablation/rollouts/MAPPO__seed13.npz,2026-09-14T04:11:09,/home/ubuntu/UpfRLControllers/experiments/wcnc2027_ablation/mappo_seed13/mappo_best.pt,-5639.967789290811,reports/wcnc2027-calibration-robustness/rollouts/main/pinned/A/MAPPO__wcnc2027_ablation-mappo_seed13-mappo_best.pt.npz,2026-09-14T04:48:55,/home/ubuntu/UpfRLControllers/experiments/wcnc2027_ablation/mappo_seed13/mappo_best.pt,v040,True,-5639.967789290811,-5639.967786377296
MAPPO,23,reports/wcnc2027-shared-policy-ablation/rollouts/MAPPO__seed23.npz,2026-09-14T04:11:09,/home/ubuntu/UpfRLControllers/experiments/wcnc2027_ablation/mappo_seed23/mappo_best.pt,-5625.8406854391915,reports/wcnc2027-calibration-robustness/rollouts/main/pinned/A/MAPPO__wcnc2027_ablation-mappo_seed23-mappo_best.pt.npz,2026-09-14T04:48:56,/home/ubuntu/UpfRLControllers/experiments/wcnc2027_ablation/mappo_seed23/mappo_best.pt,v040,True,-5625.8406854391915,-5625.840681856498
MAPPO,42,reports/wcnc2027-shared-policy-ablation/rollouts/MAPPO__seed42.npz,2026-09-14T04:11:09,/home/ubuntu/UpfRLControllers/experiments/wcnc2027_ablation/mappo_seed42/mappo_best.pt,-5654.440879365017,reports/wcnc2027-calibration-robustness/rollouts/main/pinned/A/MAPPO__wcnc2027_ablation-mappo_seed42-mappo_best.pt.npz,2026-09-14T04:48:54,/home/ubuntu/UpfRLControllers/experiments/wcnc2027_ablation/mappo_seed42/mappo_best.pt,v040,True,-5654.440879365017,-5654.440876156092
MAPPO,64,reports/wcnc2027-shared-policy-ablation/rollouts/MAPPO__seed64.npz,2026-09-14T04:11:09,/home/ubuntu/UpfRLControllers/experiments/wcnc2027_ablation/mappo_seed64/mappo_best.pt,-5627.012230936112,reports/wcnc2027-calibration-robustness/rollouts/main/pinned/A/MAPPO__wcnc2027_ablation-mappo_seed64-mappo_best.pt.npz,2026-09-14T04:48:55,/home/ubuntu/UpfRLControllers/experiments/wcnc2027_ablation/mappo_seed64/mappo_best.pt,v040,True,-5627.012230936112,-5627.012228703126
MAPPO,77,reports/wcnc2027-shared-policy-ablation/rollouts/MAPPO__seed77.npz,2026-09-14T04:11:15,/home/ubuntu/UpfRLControllers/experiments/wcnc2027_ablation/mappo_seed77/mappo_best.pt,-5629.12267933633,reports/wcnc2027-calibration-robustness/rollouts/main/pinned/A/MAPPO__wcnc2027_ablation-mappo_seed77-mappo_best.pt.npz,2026-09-14T04:48:56,/home/ubuntu/UpfRLControllers/experiments/wcnc2027_ablation/mappo_seed77/mappo_best.pt,v040,True,-5629.12267933633,-5629.122676854953
MAPPO,99,reports/wcnc2027-shared-policy-ablation/rollouts/MAPPO__seed99.npz,2026-09-14T04:11:16,/home/ubuntu/UpfRLControllers/experiments/wcnc2027_ablation/mappo_seed99/mappo_best.pt,-5610.925547346105,reports/wcnc2027-calibration-robustness/rollouts/main/pinned/A/MAPPO__wcnc2027_ablation-mappo_seed99-mappo_best.pt.npz,2026-09-14T04:48:52,/home/ubuntu/UpfRLControllers/experiments/wcnc2027_ablation/mappo_seed99/mappo_best.pt,v040,True,-5610.925547346105,-5610.925542971119
Shared-PPO,1,reports/wcnc2027-shared-policy-ablation/rollouts/Shared-PPO__seed1.npz,2026-09-14T04:11:15,/home/ubuntu/UpfRLControllers/experiments/wcnc2027_ablation/shared_ppo_seed1/mappo_best.pt,-5871.719789768298,reports/wcnc2027-calibration-robustness/rollouts/main/pinned/A/Shared-PPO__wcnc2027_ablation-shared_ppo_seed1-mappo_best.pt.npz,2026-09-14T04:48:54,/home/ubuntu/UpfRLControllers/experiments/wcnc2027_ablation/shared_ppo_seed1/mappo_best.pt,v040,True,-5871.719789768298,-5871.7197880949825
Shared-PPO,7,reports/wcnc2027-shared-policy-ablation/rollouts/Shared-PPO__seed7.npz,2026-09-14T04:11:16,/home/ubuntu/UpfRLControllers/experiments/wcnc2027_ablation/shared_ppo_seed7/mappo_best.pt,-5626.958921531195,reports/wcnc2027-calibration-robustness/rollouts/main/pinned/A/Shared-PPO__wcnc2027_ablation-shared_ppo_seed7-mappo_best.pt.npz,2026-09-14T04:48:55,/home/ubuntu/UpfRLControllers/experiments/wcnc2027_ablation/shared_ppo_seed7/mappo_best.pt,v040,True,-5626.958921531195,-5626.958917861804
Shared-PPO,13,reports/wcnc2027-shared-policy-ablation/rollouts/Shared-PPO__seed13.npz,2026-09-14T04:11:16,/home/ubuntu/UpfRLControllers/experiments/wcnc2027_ablation/shared_ppo_seed13/mappo_best.pt,-5617.315181659223,reports/wcnc2027-calibration-robustness/rollouts/main/pinned/A/Shared-PPO__wcnc2027_ablation-shared_ppo_seed13-mappo_best.pt.npz,2026-09-14T04:48:56,/home/ubuntu/UpfRLControllers/experiments/wcnc2027_ablation/shared_ppo_seed13/mappo_best.pt,v040,True,-5617.315181659223,-5617.315178802237
Shared-PPO,23,reports/wcnc2027-shared-policy-ablation/rollouts/Shared-PPO__seed23.npz,2026-09-14T04:11:16,/home/ubuntu/UpfRLControllers/experiments/wcnc2027_ablation/shared_ppo_seed23/mappo_best.pt,-5701.063005453555,reports/wcnc2027-calibration-robustness/rollouts/main/pinned/A/Shared-PPO__wcnc2027_ablation-shared_ppo_seed23-mappo_best.pt.npz,2026-09-14T04:48:54,/home/ubuntu/UpfRLControllers/experiments/wcnc2027_ablation/shared_ppo_seed23/mappo_best.pt,v040,True,-5701.063005453555,-5701.063003754243
Shared-PPO,42,reports/wcnc2027-shared-policy-ablation/rollouts/Shared-PPO__seed42.npz,2026-09-14T04:11:22,/home/ubuntu/UpfRLControllers/experiments/wcnc2027_ablation/shared_ppo_seed42/mappo_best.pt,-5700.428477740054,reports/wcnc2027-calibration-robustness/rollouts/main/pinned/A/Shared-PPO__wcnc2027_ablation-shared_ppo_seed42-mappo_best.pt.npz,2026-09-14T04:48:55,/home/ubuntu/UpfRLControllers/experiments/wcnc2027_ablation/shared_ppo_seed42/mappo_best.pt,v040,True,-5700.428477740054,-5700.428474938497
Shared-PPO,64,reports/wcnc2027-shared-policy-ablation/rollouts/Shared-PPO__seed64.npz,2026-09-14T04:11:22,/home/ubuntu/UpfRLControllers/experiments/wcnc2027_ablation/shared_ppo_seed64/mappo_best.pt,-5720.367666519166,reports/wcnc2027-calibration-robustness/rollouts/main/pinned/A/Shared-PPO__wcnc2027_ablation-shared_ppo_seed64-mappo_best.pt.npz,2026-09-14T04:48:56,/home/ubuntu/UpfRLControllers/experiments/wcnc2027_ablation/shared_ppo_seed64/mappo_best.pt,v040,True,-5720.367666519166,-5720.367664700374
Shared-PPO,77,reports/wcnc2027-shared-policy-ablation/rollouts/Shared-PPO__seed77.npz,2026-09-14T04:11:22,/home/ubuntu/UpfRLControllers/experiments/wcnc2027_ablation/shared_ppo_seed77/mappo_best.pt,-5706.611094057333,reports/wcnc2027-calibration-robustness/rollouts/main/pinned/A/Shared-PPO__wcnc2027_ablation-shared_ppo_seed77-mappo_best.pt.npz,2026-09-14T04:48:52,/home/ubuntu/UpfRLControllers/experiments/wcnc2027_ablation/shared_ppo_seed77/mappo_best.pt,v040,True,-5706.611094057333,-5706.611089816317
Shared-PPO,99,reports/wcnc2027-shared-policy-ablation/rollouts/Shared-PPO__seed99.npz,2026-09-14T04:11:22,/home/ubuntu/UpfRLControllers/experiments/wcnc2027_ablation/shared_ppo_seed99/mappo_best.pt,-5708.18181706094,reports/wcnc2027-calibration-robustness/rollouts/main/pinned/A/Shared-PPO__wcnc2027_ablation-shared_ppo_seed99-mappo_best.pt.npz,2026-09-14T04:48:54,/home/ubuntu/UpfRLControllers/experiments/wcnc2027_ablation/shared_ppo_seed99/mappo_best.pt,v040,True,-5708.18181706094,-5708.181812366471
