controller,seed,file,sha256,mtime,sha256_in_calibration_inventory,critic_type,actor_params,critic_params,critic_input_dim,critic_output_dim,obs_dim,state_dim,K,inventory_hash_recomputed,matches_calibration_inventory
MAPPO,1,experiments/wcnc2027_ablation/mappo_seed1/mappo_best.pt,39ee6ad9bd9824380142d4bf3fd3e4491814e27f0117292164066b3332f90d88,2026-09-14T04:05:19,f55cb96433a1aabc82d2fc26eb5091f35c41bc2aca8ba3ebe527290bf801df0b,centralised (field absent),5250,35850,140,10,14,140,10,f55cb96433a1aabc82d2fc26eb5091f35c41bc2aca8ba3ebe527290bf801df0b,True
MAPPO,1,experiments/wcnc2027_ablation/mappo_seed1/mappo_final.pt,486a0f2de2037a913da094e8beb8d810665f6e44333128d63e33fd3fbe1ab20f,2026-09-14T04:07:51,,centralised (field absent),5250,35850,140,10,14,140,10,0135579a605880033b8a4a2fac7ee3cd24f7ffa5f05ba2cbbbe3ce38b98c04e9,
MAPPO,7,experiments/wcnc2027_ablation/mappo_seed7/mappo_best.pt,0107b5ccc781f8da0f4a9cc3353e2b60aa4b1815b48ccf625f424402cc785b1f,2026-09-14T04:04:52,a3c6543b66fb488be51ce365542d4364258c667cac612c47f04b7af22feb7361,centralised (field absent),5250,35850,140,10,14,140,10,a3c6543b66fb488be51ce365542d4364258c667cac612c47f04b7af22feb7361,True
MAPPO,7,experiments/wcnc2027_ablation/mappo_seed7/mappo_final.pt,4706d8b2c151bff7f97172495fa597d63177349b5b12b0d32153067a712fea95,2026-09-14T04:07:44,,centralised (field absent),5250,35850,140,10,14,140,10,cdd7fdef8b3098d7717743e9a1f1e3b55e2f9c81b83e88a3af9049bb9f2ab8a5,
MAPPO,13,experiments/wcnc2027_ablation/mappo_seed13/mappo_best.pt,799c746c1a4a547d03403d2955662bc8068e714b63dd9a8ef4d8c521ad0a7f86,2026-09-14T04:04:58,04d78dcc61b02b86362fc0f469ed44a6f3fbf79850da020cac4d6734bbe4064b,centralised (field absent),5250,35850,140,10,14,140,10,04d78dcc61b02b86362fc0f469ed44a6f3fbf79850da020cac4d6734bbe4064b,True
MAPPO,13,experiments/wcnc2027_ablation/mappo_seed13/mappo_final.pt,cfb469bd59b639311256cda664a6ccbd954bda0275ea6095237bb73008fbb213,2026-09-14T04:07:48,,centralised (field absent),5250,35850,140,10,14,140,10,ae427cfeff12aa5e5a3a4669bbeb6ead3595cd79b288a4cdba835fbb6a1126e1,
MAPPO,23,experiments/wcnc2027_ablation/mappo_seed23/mappo_best.pt,44ebcbfce81e2f2904d16f31a616da3de242b93d1166d5857cc7336c7b240337,2026-09-14T04:05:00,bfdc16cec90ff7a725c89771167d7e8b71bde113b0989a3dfb12e6b91409e14e,centralised (field absent),5250,35850,140,10,14,140,10,bfdc16cec90ff7a725c89771167d7e8b71bde113b0989a3dfb12e6b91409e14e,True
MAPPO,23,experiments/wcnc2027_ablation/mappo_seed23/mappo_final.pt,2ffa094cc91a27bc44268490dd0f2e128626d6cf6e4dc5d4820589c6a653eb7d,2026-09-14T04:07:52,,centralised (field absent),5250,35850,140,10,14,140,10,ca671a3457c223e64ca511bffffba3f533de392689823075c19231027d2866d4,
MAPPO,42,experiments/wcnc2027_ablation/mappo_seed42/mappo_best.pt,4ad2c7ec1102f2cf783742dad1325066e9867b4896b3f221084761f92a8cf7b6,2026-09-14T04:05:22,ec8029f9dfbd6f3ec4669b1afd880b9cccdbaaf558fcbe4041469dfae0821bc0,centralised (field absent),5250,35850,140,10,14,140,10,ec8029f9dfbd6f3ec4669b1afd880b9cccdbaaf558fcbe4041469dfae0821bc0,True
MAPPO,42,experiments/wcnc2027_ablation/mappo_seed42/mappo_final.pt,79b2a0f0a0d0c812b8228d1ab28dcc75d2964d5537eef196e01e9db6e13f586b,2026-09-14T04:07:45,,centralised (field absent),5250,35850,140,10,14,140,10,7c44280e555b80f764eade17014584a3036d965227a78cefa5575f2d4a620fba,
MAPPO,64,experiments/wcnc2027_ablation/mappo_seed64/mappo_best.pt,264f3855883a0ca66bca265b4a2eb645f2a1ede2f1f94a3f278d361d7eece0f2,2026-09-14T04:06:03,21674dca94923138f1106c5cde7719b830f9050ba60ae36f9184679132b8c7dd,centralised (field absent),5250,35850,140,10,14,140,10,21674dca94923138f1106c5cde7719b830f9050ba60ae36f9184679132b8c7dd,True
MAPPO,64,experiments/wcnc2027_ablation/mappo_seed64/mappo_final.pt,3b7590758f641de94c679d2a04bf241546262ff056e0524985af71b5464ace87,2026-09-14T04:07:50,,centralised (field absent),5250,35850,140,10,14,140,10,312bf0ebb70e6c9c57fe5e2b80b42addf8aaa01653aa563b7edd294ade2bf9b8,
MAPPO,77,experiments/wcnc2027_ablation/mappo_seed77/mappo_best.pt,99a8576368b2786bd6900fbd1da2e277a9d028c378c2b6c1ec60c969af609893,2026-09-14T04:04:54,b55d777ec9a6b156460c9323137ae41f5670e486889b264f6eaf8f05a82cc796,centralised (field absent),5250,35850,140,10,14,140,10,b55d777ec9a6b156460c9323137ae41f5670e486889b264f6eaf8f05a82cc796,True
MAPPO,77,experiments/wcnc2027_ablation/mappo_seed77/mappo_final.pt,8bc4bdad0e8754b65a1c9ebb01ac5b23617ed705593ba41c02df6663910c9750,2026-09-14T04:07:51,,centralised (field absent),5250,35850,140,10,14,140,10,4dcd37360e30b7889fa9dd8108ec31c08c0f96e0fbe9472aed915d623721a102,
MAPPO,99,experiments/wcnc2027_ablation/mappo_seed99/mappo_best.pt,098cc6a519f04c04af50acfcffe608c242d0ed3df1e1b051cd7dc093dd2ee68d,2026-09-14T04:05:35,e8b0cff232c03eb297f25ca5202eaebd1feb8c3dca02e781fc94f6c0f3503452,centralised (field absent),5250,35850,140,10,14,140,10,e8b0cff232c03eb297f25ca5202eaebd1feb8c3dca02e781fc94f6c0f3503452,True
MAPPO,99,experiments/wcnc2027_ablation/mappo_seed99/mappo_final.pt,e6c2e244ed4e43aa87e39b5ae692dc312570e99080c5245d3e5d066236610777,2026-09-14T04:07:53,,centralised (field absent),5250,35850,140,10,14,140,10,b9b29abcafc236ab21f8e28b8054cfbff54e3cf9555de7edcd41469676253450,
Shared-PPO,1,experiments/wcnc2027_ablation/shared_ppo_seed1/mappo_best.pt,2cb2a266d38b042aa6f0a1304f5f1772eacad98f505660ae246bd2af4b904cdf,2026-09-14T04:04:21,8665a53ca261e46fd9b5183a0af7d7f7bbeb965b20ff4b1553e7d3acebd4f0b5,local,5250,18561,14,1,14,140,10,8665a53ca261e46fd9b5183a0af7d7f7bbeb965b20ff4b1553e7d3acebd4f0b5,True
Shared-PPO,1,experiments/wcnc2027_ablation/shared_ppo_seed1/mappo_final.pt,ca4dc280c76e360eb92f6e6a107fb987ecfb0a631c6ae4b4b7f52ba818061191,2026-09-14T04:07:24,,local,5250,18561,14,1,14,140,10,83a4d538eb827fae81a9157f942182a30a115983a7e2d80c23fe81b934cbbb0e,
Shared-PPO,7,experiments/wcnc2027_ablation/shared_ppo_seed7/mappo_best.pt,1fb9162ead887910a937cdb206def8047ea3ef6cf8ac7335522a2c4581d772d1,2026-09-14T04:04:43,4dd0f87dec994ca43f05dadddd8c92ed50d17c781232c95c947a7794575bf810,local,5250,18561,14,1,14,140,10,4dd0f87dec994ca43f05dadddd8c92ed50d17c781232c95c947a7794575bf810,True
Shared-PPO,7,experiments/wcnc2027_ablation/shared_ppo_seed7/mappo_final.pt,b1bd9ad1622810d9a819fed895178fef603914569a40d6c2a4405e5353067880,2026-09-14T04:07:24,,local,5250,18561,14,1,14,140,10,1a864fe2070d0ff0a816724f107ab6b25740753fc074248904b8ff048a66d71a,
Shared-PPO,13,experiments/wcnc2027_ablation/shared_ppo_seed13/mappo_best.pt,090d9beb76f6b7fcc10e442ecab3a215a44e450aa6bdb8c3d4a308a397466c33,2026-09-14T04:04:43,3d86427836ed6aa44bd837f6029c9a03615fd7e6b2df8a3c79eff448d7eacc96,local,5250,18561,14,1,14,140,10,3d86427836ed6aa44bd837f6029c9a03615fd7e6b2df8a3c79eff448d7eacc96,True
Shared-PPO,13,experiments/wcnc2027_ablation/shared_ppo_seed13/mappo_final.pt,3566603a2b090bd1293307b44ab5a0bd126a0b63b1ee25a0735cca65c188cb14,2026-09-14T04:07:24,,local,5250,18561,14,1,14,140,10,a10a6b6cda81ede15fb6b8dd6e4e44933b0c3ba1047bda62092a233bd7060064,
Shared-PPO,23,experiments/wcnc2027_ablation/shared_ppo_seed23/mappo_best.pt,fe8a235b10a7a4c5d060cb4ed95acf3d374db4600ed4e68156e0e76c05c812e3,2026-09-14T04:04:34,371e77f73ccc73966bcf3830bda9a6029a13056e169aff1abbc792c8df5bcef0,local,5250,18561,14,1,14,140,10,371e77f73ccc73966bcf3830bda9a6029a13056e169aff1abbc792c8df5bcef0,True
Shared-PPO,23,experiments/wcnc2027_ablation/shared_ppo_seed23/mappo_final.pt,f40f9a8abad2ae86239f51b5e1fde9adb3268b6f8e85f2ad7ef3ed7013f41f1d,2026-09-14T04:07:25,,local,5250,18561,14,1,14,140,10,756289f395a95196c5953f13f8ccbcc4297ab968992ebe65c484398b39e67d59,
Shared-PPO,42,experiments/wcnc2027_ablation/shared_ppo_seed42/mappo_best.pt,3622e89a302d5d01c5c007ee0a642b0c3824c7f8cf6346313c7f381946c0189a,2026-09-14T04:05:05,9fbe1e5345070c5ff33f808b4ff2939f18990ff0f42797c4e933615827a702c2,local,5250,18561,14,1,14,140,10,9fbe1e5345070c5ff33f808b4ff2939f18990ff0f42797c4e933615827a702c2,True
Shared-PPO,42,experiments/wcnc2027_ablation/shared_ppo_seed42/mappo_final.pt,b7c42dd44233e9984c8f090316191316d843742bac0c9a2dbafe5460ac3f36ed,2026-09-14T04:07:26,,local,5250,18561,14,1,14,140,10,15330e339d90a951dd9ad8367fc44240660e5191cebbbf6bfb8211e6ec8573b4,
Shared-PPO,64,experiments/wcnc2027_ablation/shared_ppo_seed64/mappo_best.pt,893416a646e0de78d6352395e0b801a34677ae736e58f244fece0fdde8ad35ac,2026-09-14T04:05:16,b4d7abba084465ed40ad29c499ade2bde2ad752865ae51fef8d6d724b38f5208,local,5250,18561,14,1,14,140,10,b4d7abba084465ed40ad29c499ade2bde2ad752865ae51fef8d6d724b38f5208,True
Shared-PPO,64,experiments/wcnc2027_ablation/shared_ppo_seed64/mappo_final.pt,edc1361f75ae65631f9ff8dea49468201f65d6c8653bce6dfefc163072f69807,2026-09-14T04:07:31,,local,5250,18561,14,1,14,140,10,296969d9d4936e133188f4fded954a0a9280601f5c7ec01e34558e1c63f58f4d,
Shared-PPO,77,experiments/wcnc2027_ablation/shared_ppo_seed77/mappo_best.pt,6b9a53905a068a2d263fb2d64c54700380124e0c0203592f41f5aa08b57c423a,2026-09-14T04:04:34,c6bc4d373c93a9a80f95e7137d4b84cfccc8d36e1ca6ac9e399a799a587092fb,local,5250,18561,14,1,14,140,10,c6bc4d373c93a9a80f95e7137d4b84cfccc8d36e1ca6ac9e399a799a587092fb,True
Shared-PPO,77,experiments/wcnc2027_ablation/shared_ppo_seed77/mappo_final.pt,cc7b3158c4c6e23f335734e3536b534b134db120175861adc84ef46003252415,2026-09-14T04:07:24,,local,5250,18561,14,1,14,140,10,f05c35d8204a07678bab4799b4a43c43b46f8edd49262c5f4d03cdadd2496372,
Shared-PPO,99,experiments/wcnc2027_ablation/shared_ppo_seed99/mappo_best.pt,a0865843540bca5a312bdd4d51ca8f5e36cf2b6294aaef27d2ac219270a37cd2,2026-09-14T04:04:46,64aa5faaafb48a0e8eb3a36e19ee05a152df905444ee1cc810662b29a7319a03,local,5250,18561,14,1,14,140,10,64aa5faaafb48a0e8eb3a36e19ee05a152df905444ee1cc810662b29a7319a03,True
Shared-PPO,99,experiments/wcnc2027_ablation/shared_ppo_seed99/mappo_final.pt,ba9fd2c9d4b777653366144e3d9123d57dcae240a3bd6f94bc0c0a6060549c60,2026-09-14T04:07:23,,local,5250,18561,14,1,14,140,10,bbdcb7ed77296faf20c4efc7a2b7694bde142b16c62af62fb4ef46dbd69ba402,
