seed,stratum,n_cells,rate_shared_usr_mappo_dpdk,rate_mappo_usr_shared_dpdk,delta_qos_penalty,delta_energy_term
1,all cluster-steps,10090,0.025173439048562934,0.0013875123885034688,379.935800888892,-84.6686749862492
1,forecast and actual on opposite sides of 81 Mbps,663,0.0784313725490196,0.012066365007541479,313.7486591167891,2.506087270535149
1,forecast and actual on opposite sides of 149 Mbps,1047,0.0,0.0,379.93580088889223,0.2340906569191154
1,load crossed 81 Mbps since previous step,726,0.09917355371900827,0.01790633608815427,313.7486591167891,-0.45174598209919115
1,load crossed 149 Mbps since previous step,1143,0.0,0.0,379.93580088889223,0.23409065691910103
1,relative forecast error <10%,2543,0.016909162406606372,0.0,-1.4921397450962104e-13,-20.47700478020557
1,relative forecast error 10–25%,3206,0.023081721771678103,0.0,-6.394884621840902e-14,-31.11067373358964
1,relative forecast error 25–50%,2926,0.029049897470950103,0.000683526999316473,44.14967660633191,-30.249312778934765
1,relative forecast error ≥50%,1415,0.03674911660777385,0.008480565371024734,335.7861242825603,-2.8316836935192304
1,counterfactual: USR safe saving,1581,0.15180265654648956,0.008855154965211892,0.0,-85.88267928622453
1,counterfactual: USR QoS-risky,7067,0.0,0.0,379.935800888892,0.22209010172738985
1,counterfactual: USR no saving,1432,0.009776536312849162,0.0,0.0,0.9919141982479375
1,same previous UPF and cooldown state,4164,0.017050912584053793,0.002161383285302594,-1.8829382497642655e-13,-10.25906283808105
1,different previous UPF or cooldown state,5926,0.030880863989200136,0.0008437394532568343,379.9358008888922,-74.40961214816815
7,all cluster-steps,10090,0.002180376610505451,0.009613478691774034,-44.11230346893717,47.010397509513226
7,forecast and actual on opposite sides of 81 Mbps,663,0.010558069381598794,0.013574660633484163,-44.11230346893716,-1.647298611406896
7,forecast and actual on opposite sides of 149 Mbps,1047,0.0,0.0,-44.11230346893717,-0.023539436006173323
7,load crossed 81 Mbps since previous step,726,0.009641873278236915,0.02203856749311295,-44.11230346893717,6.655863859732879
7,load crossed 149 Mbps since previous step,1143,0.0008748906386701663,0.0,-44.11230346893717,-1.2185867879356416
7,relative forecast error <10%,2543,0.0015729453401494297,0.006685017695635077,0.0,8.365138844714293
7,relative forecast error 10–25%,3206,0.0,0.008109794135995009,0.0,13.707265397799258
7,relative forecast error 25–50%,2926,0.002050580997949419,0.010594668489405332,0.0,13.76321528065801
7,relative forecast error ≥50%,1415,0.008480565371024734,0.01625441696113074,-44.11230346893717,11.174777986341663
7,counterfactual: USR safe saving,1581,0.013915243516761544,0.061353573687539534,0.0,47.064241728428996
7,counterfactual: USR QoS-risky,7067,0.0,0.0,-44.11230346893717,-0.02353943600626979
7,counterfactual: USR no saving,1432,0.0,0.0,0.0,-0.030304782909505574
7,same previous UPF and cooldown state,7618,0.0018377526909950119,0.006694670517196115,-2.4868995751603507e-14,20.309498220044038
7,different previous UPF or cooldown state,2472,0.003236245954692557,0.0186084142394822,-44.11230346893714,26.700899289469184
13,all cluster-steps,10090,9.910802775024777e-05,0.013676907829534192,-142.22460693787366,136.37266190628523
13,forecast and actual on opposite sides of 81 Mbps,663,0.0,0.010558069381598794,-120.18714177210313,11.523146775578597
13,forecast and actual on opposite sides of 149 Mbps,1047,0.0,0.0,-142.22460693787434,-0.07785189035724521
13,load crossed 81 Mbps since previous step,726,0.0,0.030303030303030304,-142.22460693787434,32.57413621106045
13,load crossed 149 Mbps since previous step,1143,0.0,0.0008748906386701663,-142.22460693787434,3.0263606813285144
13,relative forecast error <10%,2543,0.0,0.006685017695635077,3.979039320256561e-13,13.465852429136394
13,relative forecast error 10–25%,3206,0.0,0.009669369931378666,1.7053025658242404e-13,23.844995008536742
13,relative forecast error 25–50%,2926,0.0003417634996582365,0.015379357484620642,8.526512829121202e-14,39.27835142132661
13,relative forecast error ≥50%,1415,0.0,0.03180212014134275,-142.22460693787434,59.783463047285494
13,counterfactual: USR safe saving,1581,0.0006325110689437065,0.0872865275142315,0.0,136.49231245586185
13,counterfactual: USR QoS-risky,7067,0.0,0.0,-142.22460693787366,-0.07785189035711018
13,counterfactual: USR no saving,1432,0.0,0.0,0.0,-0.04179865921952415
13,same previous UPF and cooldown state,6946,0.00014396775122372588,0.009933774834437087,6.323830348264892e-13,68.50390487036393
13,different previous UPF or cooldown state,3144,0.0,0.02194656488549618,-142.2246069378743,67.8687570359213
23,all cluster-steps,10090,0.01288404360753221,0.0009910802775024777,132.29953726941676,-50.07721725505332
23,forecast and actual on opposite sides of 81 Mbps,663,0.024132730015082957,0.0015082956259426848,132.29953726941676,-4.162673616154652
23,forecast and actual on opposite sides of 149 Mbps,1047,0.0,0.0,132.29953726941676,0.07812755852906804
23,load crossed 81 Mbps since previous step,726,0.0371900826446281,0.011019283746556474,132.29953726941676,0.6150169179130547
23,load crossed 149 Mbps since previous step,1143,0.0,0.0008748906386701663,132.29953726941676,3.182340130214832
23,relative forecast error <10%,2543,0.008651199370821865,0.0,0.0,-12.420154784477521
23,relative forecast error 10–25%,3206,0.012476606363069246,0.0,0.0,-21.336604037412354
23,relative forecast error 25–50%,2926,0.01367053998632946,0.0017088174982911825,0.0,-11.94693828398046
23,relative forecast error ≥50%,1415,0.019787985865724382,0.0035335689045936395,132.29953726941676,-4.373520149182983
23,counterfactual: USR safe saving,1581,0.08159392789373814,0.006325110689437065,0.0,-50.27420789849732
23,counterfactual: USR QoS-risky,7067,0.0,0.0,132.29953726941676,0.07812755852896801
23,counterfactual: USR no saving,1432,0.0006983240223463687,0.0,0.0,0.11886308491503915
23,same previous UPF and cooldown state,6971,0.009754698034715249,0.0010041600918089227,2.4868995751603507e-14,-16.22178741088254
23,different previous UPF or cooldown state,3119,0.019878166078871433,0.0009618467457518436,132.29953726941676,-33.85542984417077
42,all cluster-steps,10090,0.020317145688800792,0.00029732408325074334,171.4493059041252,-139.18652092908783
42,forecast and actual on opposite sides of 81 Mbps,663,0.03167420814479638,0.0030165912518853697,203.41184073835385,-18.13610037144851
42,forecast and actual on opposite sides of 149 Mbps,1047,0.0,0.0,225.44930590412503,0.12632211659971213
42,load crossed 81 Mbps since previous step,726,0.05509641873278237,0.0013774104683195593,225.44930590412503,-33.03404549322065
42,load crossed 149 Mbps since previous step,1143,0.0017497812773403325,0.0,225.44930590412503,-2.1376495083739364
42,relative forecast error <10%,2543,0.011403853716083366,0.00039323633503735744,-26.9999999999999,-17.393480316036644
42,relative forecast error 10–25%,3206,0.017779164067373673,0.0,-26.999999999999957,-33.34268309247601
42,relative forecast error 25–50%,2926,0.024265208475734792,0.0003417634996582365,2.1316282072803006e-14,-44.366542108865175
42,relative forecast error ≥50%,1415,0.03392226148409894,0.0007067137809187279,225.44930590412503,-44.083815411710006
42,counterfactual: USR safe saving,1581,0.12966476913345984,0.001265022137887413,0.0,-139.31211583743905
42,counterfactual: USR QoS-risky,7067,0.0,0.00014150275930380644,171.4493059041252,0.040247139826647654
42,counterfactual: USR no saving,1432,0.0,0.0,0.0,0.08534776852456544
42,same previous UPF and cooldown state,5300,0.01169811320754717,0.0003773584905660377,-26.999999999999865,-39.61349168333558
42,different previous UPF or cooldown state,4790,0.029853862212943633,0.00020876826722338206,198.44930590412508,-99.57302924575225
64,all cluster-steps,10090,0.006640237859266601,0.0019821605550049554,110.26207210364595,-29.08927932059245
64,forecast and actual on opposite sides of 81 Mbps,663,0.00904977375565611,0.015082956259426848,110.26207210364566,2.171433121278718
64,forecast and actual on opposite sides of 149 Mbps,1047,0.0,0.0009551098376313276,110.26207210364572,1.218520950347515
64,load crossed 81 Mbps since previous step,726,0.027548209366391185,0.012396694214876033,88.18723380047973,-7.9574467253024785
64,load crossed 149 Mbps since previous step,1143,0.0,0.0026246719160104987,110.2620721036457,2.9437322220883653
64,relative forecast error <10%,2543,0.005898545025560362,0.0,1.4921397450962104e-13,-7.166825504019949
64,relative forecast error 10–25%,3206,0.007485963817841547,0.0018714909544603868,6.394884621840902e-14,-9.575278969982488
64,relative forecast error 25–50%,2926,0.006151742993848257,0.0017088174982911825,3.197442310920451e-14,-8.056996733290198
64,relative forecast error ≥50%,1415,0.007067137809187279,0.0063604240282685515,110.2620721036457,-4.290178113299813
64,counterfactual: USR safe saving,1581,0.04174573055028463,0.01265022137887413,0.0,-29.191066008958664
64,counterfactual: USR QoS-risky,7067,0.0,0.0,110.26207210364595,0.06679416394678774
64,counterfactual: USR no saving,1432,0.0006983240223463687,0.0,0.0,0.03499252441942797
64,same previous UPF and cooldown state,7835,0.0056158264199106574,0.002169751116783663,3.943512183468556e-13,-19.31678072353867
64,different previous UPF or cooldown state,2255,0.010199556541019957,0.0013303769401330377,110.26207210364555,-9.772498597053778
77,all cluster-steps,10090,0.011397423191278493,0.0022794846382556988,137.33681837843426,-39.86661005743167
77,forecast and actual on opposite sides of 81 Mbps,663,0.042232277526395176,0.013574660633484163,93.22451490949777,-1.7983430440513803
77,forecast and actual on opposite sides of 149 Mbps,1047,0.0,0.0,137.3368183784349,0.08576447070449478
77,load crossed 81 Mbps since previous step,726,0.04269972451790634,0.01790633608815427,71.112303468937,-0.09097192664261777
77,load crossed 149 Mbps since previous step,1143,0.0008748906386701663,0.0008748906386701663,137.3368183784349,1.1454857270110474
77,relative forecast error <10%,2543,0.006685017695635077,0.0011797090051120724,-3.979039320256561e-13,-6.809823801167368
77,relative forecast error 10–25%,3206,0.008733624454148471,0.0009357454772301934,-1.7053025658242404e-13,-11.926017325404999
77,relative forecast error 25–50%,2926,0.012987012987012988,0.002734107997265892,22.074838303165883,-11.666558515197275
77,relative forecast error ≥50%,1415,0.022614840989399292,0.0063604240282685515,115.26198007526895,-9.464210415662027
77,counterfactual: USR safe saving,1581,0.07020872865275142,0.01454775458570525,0.0,-40.24341058948616
77,counterfactual: USR QoS-risky,7067,0.0,0.0,137.33681837843426,0.08576447070448744
77,counterfactual: USR no saving,1432,0.002793296089385475,0.0,0.0,0.2910360613500038
77,same previous UPF and cooldown state,7326,0.008326508326508327,0.001638001638001638,-8.242295734817162e-13,-18.46263804472509
77,different previous UPF or cooldown state,2764,0.019536903039073805,0.003979739507959479,137.33681837843508,-21.403972012706582
99,all cluster-steps,10090,0.008126858275520317,0.002180376610505451,110.22469896625122,-44.072488651415895
99,forecast and actual on opposite sides of 81 Mbps,663,0.0196078431372549,0.00904977375565611,110.22469896625066,-3.6069008134932816
99,forecast and actual on opposite sides of 149 Mbps,1047,0.0,0.0,110.22469896625066,0.06002995602446751
99,load crossed 81 Mbps since previous step,726,0.028925619834710745,0.008264462809917356,66.07502235991875,-8.857420800552593
99,load crossed 149 Mbps since previous step,1143,0.0,0.0008748906386701663,110.22469896625066,1.2550773079539508
99,relative forecast error <10%,2543,0.006291781360597719,0.0007864726700747149,3.481659405224491e-13,-7.169186739634849
99,relative forecast error 10–25%,3206,0.00842170929507174,0.0012476606363069245,1.4921397450962104e-13,-11.930728388223491
99,relative forecast error 25–50%,2926,0.007518796992481203,0.002734107997265892,7.460698725481052e-14,-10.463011402962994
99,relative forecast error ≥50%,1415,0.012014134275618375,0.005653710247349823,110.22469896625064,-14.509562120594559
99,counterfactual: USR safe saving,1581,0.051233396584440226,0.013282732447817837,0.0,-44.068878659105806
99,counterfactual: USR QoS-risky,7067,0.0,0.0,110.22469896625122,0.06002995602453715
99,counterfactual: USR no saving,1432,0.0006983240223463687,0.0006983240223463687,0.0,-0.06363994833462486
99,same previous UPF and cooldown state,7824,0.005879345603271984,0.0016615541922290389,5.613287612504791e-13,-27.912776542046867
99,different previous UPF or cooldown state,2266,0.01588702559576346,0.003971756398940865,110.22469896625066,-16.159712109369025
