seed,controller,usr_risk_class,n_cells_in_class,usr_steps,usr_share_in_class,qos_penalty_on_usr_steps,energy_term_on_usr_steps,switch_steps_into_usr,switch_steps_out_of_usr
1,MAPPO,USR safe saving,1581,771,0.4876660341555977,0.0,651.3036523005931,143,74
1,MAPPO,USR QoS-risky,7067,0,0.0,0.0,0.0,0,12
1,MAPPO,USR no saving,1432,0,0.0,0.0,0.0,0,57
1,MAPPO,first step,10,0,0.0,0.0,0.0,0,0
1,Shared-PPO,USR safe saving,1581,997,0.6306135357368754,0.0,846.9383259554484,154,27
1,Shared-PPO,USR QoS-risky,7067,0,0.0,0.0,0.0,0,29
1,Shared-PPO,USR no saving,1432,14,0.009776536312849162,0.0,12.521345358128315,1,99
1,Shared-PPO,first step,10,0,0.0,0.0,0.0,0,0
7,MAPPO,USR safe saving,1581,823,0.5205566097406704,0.0,695.8690055239965,152,70
7,MAPPO,USR QoS-risky,7067,0,0.0,0.0,0.0,0,15
7,MAPPO,USR no saving,1432,0,0.0,0.0,0.0,0,67
7,MAPPO,first step,10,0,0.0,0.0,0.0,0,0
7,Shared-PPO,USR safe saving,1581,748,0.4731182795698925,0.0,630.5469887151032,152,89
7,Shared-PPO,USR QoS-risky,7067,0,0.0,0.0,0.0,0,13
7,Shared-PPO,USR no saving,1432,0,0.0,0.0,0.0,0,50
7,Shared-PPO,first step,10,0,0.0,0.0,0.0,0,0
13,MAPPO,USR safe saving,1581,755,0.4775458570524984,0.0,639.6563773353198,147,81
13,MAPPO,USR QoS-risky,7067,0,0.0,0.0,0.0,0,14
13,MAPPO,USR no saving,1432,0,0.0,0.0,0.0,0,52
13,MAPPO,first step,10,0,0.0,0.0,0.0,0,0
13,Shared-PPO,USR safe saving,1581,618,0.3908918406072106,0.0,521.7173313625103,116,77
13,Shared-PPO,USR QoS-risky,7067,0,0.0,0.0,0.0,0,8
13,Shared-PPO,USR no saving,1432,0,0.0,0.0,0.0,0,31
13,Shared-PPO,first step,10,0,0.0,0.0,0.0,0,0
23,MAPPO,USR safe saving,1581,779,0.4927261227071474,0.0,659.2102956296449,158,88
23,MAPPO,USR QoS-risky,7067,0,0.0,0.0,0.0,0,14
23,MAPPO,USR no saving,1432,0,0.0,0.0,0.0,0,56
23,MAPPO,first step,10,0,0.0,0.0,0.0,0,0
23,Shared-PPO,USR safe saving,1581,898,0.5679949399114484,0.0,759.0362564911418,158,58
23,Shared-PPO,USR QoS-risky,7067,0,0.0,0.0,0.0,0,20
23,Shared-PPO,USR no saving,1432,1,0.0006983240223463687,0.0,0.952610194404104,0,80
23,Shared-PPO,first step,10,0,0.0,0.0,0.0,0,0
42,MAPPO,USR safe saving,1581,706,0.4465528146742568,0.0,595.8269801567421,131,81
42,MAPPO,USR QoS-risky,7067,1,0.00014150275930380644,27.0,0.11014165714570073,1,12
42,MAPPO,USR no saving,1432,0,0.0,0.0,0.0,0,39
42,MAPPO,first step,10,0,0.0,0.0,0.0,0,0
42,Shared-PPO,USR safe saving,1581,909,0.5749525616698292,0.0,769.3509102100054,161,60
42,Shared-PPO,USR QoS-risky,7067,0,0.0,0.0,0.0,0,21
42,Shared-PPO,USR no saving,1432,0,0.0,0.0,0.0,0,80
42,Shared-PPO,first step,10,0,0.0,0.0,0.0,0,0
64,MAPPO,USR safe saving,1581,873,0.5521821631878557,0.0,736.7140655739727,170,87
64,MAPPO,USR QoS-risky,7067,0,0.0,0.0,0.0,0,17
64,MAPPO,USR no saving,1432,0,0.0,0.0,0.0,0,66
64,MAPPO,first step,10,0,0.0,0.0,0.0,0,0
64,Shared-PPO,USR safe saving,1581,919,0.5812776723592663,0.0,776.387139103643,188,88
64,Shared-PPO,USR QoS-risky,7067,0,0.0,0.0,0.0,0,22
64,Shared-PPO,USR no saving,1432,1,0.0006983240223463687,0.0,0.9125788370204536,0,78
64,Shared-PPO,first step,10,0,0.0,0.0,0.0,0,0
77,MAPPO,USR safe saving,1581,787,0.49778621125869704,0.0,666.0481489346896,169,99
77,MAPPO,USR QoS-risky,7067,0,0.0,0.0,0.0,0,14
77,MAPPO,USR no saving,1432,0,0.0,0.0,0.0,0,56
77,MAPPO,first step,10,0,0.0,0.0,0.0,0,0
77,Shared-PPO,USR safe saving,1581,875,0.5534471853257432,0.0,740.4765223855877,153,59
77,Shared-PPO,USR QoS-risky,7067,0,0.0,0.0,0.0,0,20
77,Shared-PPO,USR no saving,1432,4,0.002793296089385475,0.0,3.6859658935515096,0,74
77,Shared-PPO,first step,10,0,0.0,0.0,0.0,0,0
99,MAPPO,USR safe saving,1581,822,0.5199240986717267,0.0,694.6841474154676,140,64
99,MAPPO,USR QoS-risky,7067,0,0.0,0.0,0.0,0,15
99,MAPPO,USR no saving,1432,1,0.0006983240223463687,0.0,0.8790381311063864,0,61
99,MAPPO,first step,10,0,0.0,0.0,0.0,0,0
99,Shared-PPO,USR safe saving,1581,882,0.5578747628083491,0.0,745.8170263876774,179,87
99,Shared-PPO,USR QoS-risky,7067,0,0.0,0.0,0.0,0,20
99,Shared-PPO,USR no saving,1432,1,0.0006983240223463687,0.0,0.9125788370204536,0,72
99,Shared-PPO,first step,10,0,0.0,0.0,0.0,0,0
