controller,group,metric,n,seeds,mean,sd,median,min,max,t_ci_lo,t_ci_hi,boot_ci_lo,boot_ci_hi
Centralized PPO,primary,reward,8,1 7 13 23 42 64 77 99,-15025.1,6930.59,-13364.8,-27822.8,-7369.53,-20819.3,-9231.01,-19753.6,-10899.5
Centralized PPO,primary,energy_wh,8,1 7 13 23 42 64 77 99,2131.59,78.7978,2114.88,2046.76,2285.32,2065.72,2197.47,2084.68,2185.58
Centralized PPO,primary,qos_violation_rate,8,1 7 13 23 42 64 77 99,0.0403246,0.0303441,0.0328543,0.00574827,0.0970268,0.0149562,0.0656929,0.0217047,0.0611382
Centralized PPO,primary,qscore_below_tau_rate,8,1 7 13 23 42 64 77 99,0.0403246,0.0303441,0.0328543,0.00574827,0.0970268,0.0149562,0.0656929,0.0222498,0.0606792
Centralized PPO,primary,usr_share,8,1 7 13 23 42 64 77 99,0.111026,0.0654923,0.10778,0.0142716,0.231615,0.0562728,0.165779,0.0699418,0.154893
Centralized PPO,primary,switches_per_cluster_day,8,1 7 13 23 42 64 77 99,1.66026,2.13727,0.889594,0.275917,6.77423,-0.126547,3.44706,0.656492,3.23132
Centralized PPO,primary,cost_energy_term,8,1 7 13 23 42 64 77 99,5604.96,264.205,5711.72,5187.33,5945.2,5384.08,5825.84,5426.21,5769.58
Centralized PPO,primary,cost_qos_penalty,8,1 7 13 23 42 64 77 99,9372.1,7058.77,7609.61,1415.83,22505.6,3470.82,15273.4,5143.8,14148.5
Centralized PPO,primary,cost_switch_penalty,8,1 7 13 23 42 64 77 99,3.33264,4.26761,1.8204,0.530965,13.5391,-0.235168,6.90045,1.33212,6.45194
Centralized PPO,primary,cost_cooldown_penalty,8,1 7 13 23 42 64 77 99,44.7344,77.6206,16.1875,7.75,234.875,-20.1581,109.627,12.1406,100.906
Centralized PPO,primary,switching_energy_wh,8,1 7 13 23 42 64 77 99,0.83316,1.0669,0.4551,0.132741,3.38478,-0.0587919,1.72511,0.324733,1.61891
Hysteresis (b=50 Mbps),baseline,reward,1,0,-6262.14,,-6262.14,-6262.14,-6262.14,,,,
Hysteresis (b=50 Mbps),baseline,energy_wh,1,0,1994.79,,1994.79,1994.79,1994.79,,,,
Hysteresis (b=50 Mbps),baseline,qos_violation_rate,1,0,0.00683845,,0.00683845,0.00683845,0.00683845,,,,
Hysteresis (b=50 Mbps),baseline,qscore_below_tau_rate,1,0,0.00683845,,0.00683845,0.00683845,0.00683845,,,,
Hysteresis (b=50 Mbps),baseline,usr_share,1,0,0.0747275,,0.0747275,0.0747275,0.0747275,,,,
Hysteresis (b=50 Mbps),baseline,switches_per_cluster_day,1,0,1.0561,,1.0561,1.0561,1.0561,,,,
Hysteresis (b=50 Mbps),baseline,cost_energy_term,1,0,4583.74,,4583.74,4583.74,4583.74,,,,
Hysteresis (b=50 Mbps),baseline,cost_qos_penalty,1,0,1674.65,,1674.65,1674.65,1674.65,,,,
Hysteresis (b=50 Mbps),baseline,cost_switch_penalty,1,0,2.12378,,2.12378,2.12378,2.12378,,,,
Hysteresis (b=50 Mbps),baseline,cost_cooldown_penalty,1,0,1.625,,1.625,1.625,1.625,,,,
Hysteresis (b=50 Mbps),baseline,switching_energy_wh,1,0,0.530944,,0.530944,0.530944,0.530944,,,,
IPPO,primary,reward,8,1 7 13 23 42 64 77 99,-8235.59,6911.86,-5794.09,-25341.1,-5730.71,-14014,-2457.13,-13132.3,-5767.27
IPPO,primary,energy_wh,8,1 7 13 23 42 64 77 99,2026.35,148.461,1975.31,1966.92,2393.58,1902.24,2150.47,1971.39,2132.39
IPPO,primary,qos_violation_rate,8,1 7 13 23 42 64 77 99,0.0146556,0.0255964,0.00564916,0.00505451,0.077998,-0.00674352,0.0360547,0.00542616,0.0328419
IPPO,primary,qscore_below_tau_rate,8,1 7 13 23 42 64 77 99,0.0146556,0.0255964,0.00564916,0.00505451,0.077998,-0.00674352,0.0360547,0.00542616,0.0328048
IPPO,primary,usr_share,8,1 7 13 23 42 64 77 99,0.0893831,0.0272121,0.0823092,0.0685828,0.155005,0.0666331,0.112133,0.0768087,0.109218
IPPO,primary,switches_per_cluster_day,8,1 7 13 23 42 64 77 99,2.02537,0.202562,1.97899,1.76016,2.29296,1.85603,2.19472,1.9005,2.15738
IPPO,primary,cost_energy_term,8,1 7 13 23 42 64 77 99,4375.36,95.4956,4352.66,4285.9,4565.44,4295.52,4455.2,4319.64,4441.48
IPPO,primary,cost_qos_penalty,8,1 7 13 23 42 64 77 99,3830.15,6836.05,1421.76,1283.74,20747.3,-1884.92,9545.23,1370.53,8681.28
IPPO,primary,cost_switch_penalty,8,1 7 13 23 42 64 77 99,4.05793,0.406443,3.96312,3.52699,4.58888,3.71814,4.39773,3.7972,4.31866
IPPO,primary,cost_cooldown_penalty,8,1 7 13 23 42 64 77 99,26.0156,4.14925,24.125,22,32.125,22.5468,29.4845,23.4844,28.7352
IPPO,primary,switching_energy_wh,8,1 7 13 23 42 64 77 99,1.01448,0.101611,0.99078,0.881747,1.14722,0.929534,1.09943,0.950485,1.07967
MAPPO,primary,reward,8,1 7 13 23 42 64 77 99,-5623.69,21.9854,-5626.43,-5654.44,-5579.37,-5642.07,-5605.31,-5636.85,-5608.49
MAPPO,primary,energy_wh,8,1 7 13 23 42 64 77 99,1967.31,4.72961,1967.61,1959.13,1975.52,1963.35,1971.26,1964.22,1970.39
MAPPO,primary,qos_violation_rate,8,1 7 13 23 42 64 77 99,0.00517839,0.000147477,0.00515362,0.0049554,0.00545094,0.0050551,0.00530169,0.00507929,0.0052775
MAPPO,primary,qscore_below_tau_rate,8,1 7 13 23 42 64 77 99,0.00517839,0.000147477,0.00515362,0.0049554,0.00545094,0.0050551,0.00530169,0.00509167,0.0052775
MAPPO,primary,usr_share,8,1 7 13 23 42 64 77 99,0.0782706,0.00497962,0.0776016,0.0700694,0.0865213,0.0741075,0.0824336,0.075,0.0814916
MAPPO,primary,switches_per_cluster_day,8,1 7 13 23 42 64 77 99,2.88048,0.258906,2.8448,2.51179,3.23489,2.66402,3.09693,2.72111,3.05173
MAPPO,primary,cost_energy_term,8,1 7 13 23 42 64 77 99,4237.35,39.5145,4238.71,4164.95,4303.33,4204.32,4270.39,4211.3,4262.26
MAPPO,primary,cost_qos_penalty,8,1 7 13 23 42 64 77 99,1322.33,32.666,1315.59,1271.44,1381.74,1295.02,1349.64,1301.79,1344.39
MAPPO,primary,cost_switch_penalty,8,1 7 13 23 42 64 77 99,5.74084,0.516005,5.66973,5.00605,6.44718,5.30945,6.17223,5.41374,6.07742
MAPPO,primary,cost_cooldown_penalty,8,1 7 13 23 42 64 77 99,58.2656,10.2629,56.25,44.875,73.875,49.6856,66.8457,51.6094,64.9066
MAPPO,primary,switching_energy_wh,8,1 7 13 23 42 64 77 99,1.43521,0.129001,1.41743,1.25151,1.6118,1.32736,1.54306,1.35225,1.51935
Shared-PPO,primary,reward,8,1 7 13 23 42 64 77 99,-5706.58,77.3118,-5703.84,-5871.72,-5617.32,-5771.22,-5641.95,-5760.49,-5662.91
Shared-PPO,primary,energy_wh,8,1 7 13 23 42 64 77 99,1963.1,9.82279,1959.74,1955.38,1984.2,1954.89,1971.31,1957.65,1970.21
Shared-PPO,primary,qos_violation_rate,8,1 7 13 23 42 64 77 99,0.00566155,0.000618788,0.00574827,0.00455897,0.00664024,0.00514423,0.00617887,0.00524034,0.0060332
Shared-PPO,primary,qscore_below_tau_rate,8,1 7 13 23 42 64 77 99,0.00566155,0.000618788,0.00574827,0.00455897,0.00664024,0.00514423,0.00617887,0.00524034,0.00604559
Shared-PPO,primary,usr_share,8,1 7 13 23 42 64 77 99,0.0850719,0.0119811,0.0883053,0.0612488,0.100198,0.0750554,0.0950883,0.0765857,0.092059
Shared-PPO,primary,switches_per_cluster_day,8,1 7 13 23 42 64 77 99,3.00178,0.405801,2.978,2.20733,3.5774,2.66253,3.34104,2.73294,3.25154
Shared-PPO,primary,cost_energy_term,8,1 7 13 23 42 64 77 99,4211.9,85.1301,4182.02,4135.86,4398.67,4140.73,4283.07,4166.19,4272.09
Shared-PPO,primary,cost_qos_penalty,8,1 7 13 23 42 64 77 99,1429.23,141.57,1452.87,1173.37,1651.38,1310.87,1547.58,1335.13,1515.91
Shared-PPO,primary,cost_switch_penalty,8,1 7 13 23 42 64 77 99,5.98261,0.808769,5.9352,4.39925,7.12982,5.30646,6.65875,5.43744,6.47563
Shared-PPO,primary,cost_cooldown_penalty,8,1 7 13 23 42 64 77 99,59.4688,14.2828,57.25,40.875,85.375,47.528,71.4095,50.859,69.0938
Shared-PPO,primary,switching_energy_wh,8,1 7 13 23 42 64 77 99,1.49565,0.202192,1.4838,1.09981,1.78246,1.32661,1.66469,1.35817,1.61891
always-DPDK,baseline,reward,1,0,-7201.08,,-7201.08,-7201.08,-7201.08,,,,
always-DPDK,baseline,energy_wh,1,0,2070.72,,2070.72,2070.72,2070.72,,,,
always-DPDK,baseline,qos_violation_rate,1,0,0.00376611,,0.00376611,0.00376611,0.00376611,,,,
always-DPDK,baseline,qscore_below_tau_rate,1,0,0.00376611,,0.00376611,0.00376611,0.00376611,,,,
always-DPDK,baseline,usr_share,1,0,0,,0,0,0,,,,
always-DPDK,baseline,switches_per_cluster_day,1,0,0,,0,0,0,,,,
always-DPDK,baseline,cost_energy_term,1,0,6209.05,,6209.05,6209.05,6209.05,,,,
always-DPDK,baseline,cost_qos_penalty,1,0,992.031,,992.031,992.031,992.031,,,,
always-DPDK,baseline,cost_switch_penalty,1,0,0,,0,0,0,,,,
always-DPDK,baseline,cost_cooldown_penalty,1,0,0,,0,0,0,,,,
always-DPDK,baseline,switching_energy_wh,1,0,0,,0,0,0,,,,
"legacy Centralized PPO (central_nr, June+Aug)",legacy,reward,7,1 7 13 23 42 64 77,-18457.1,9067.31,-23281.8,-27441.5,-7522.75,-26843,-10071.2,-24312.1,-12166.7
"legacy Centralized PPO (central_nr, June+Aug)",legacy,energy_wh,7,1 7 13 23 42 64 77,2169.01,89.8874,2207.74,2057.4,2261.61,2085.88,2252.14,2105.91,2225.02
"legacy Centralized PPO (central_nr, June+Aug)",legacy,qos_violation_rate,7,1 7 13 23 42 64 77,0.0555571,0.040518,0.0789891,0.00515362,0.0964321,0.0180842,0.09303,0.0269008,0.0816356
"legacy Centralized PPO (central_nr, June+Aug)",legacy,qscore_below_tau_rate,7,1 7 13 23 42 64 77,0.0555571,0.040518,0.0789891,0.00515362,0.0964321,0.0180842,0.09303,0.0273397,0.0812268
"legacy Centralized PPO (central_nr, June+Aug)",legacy,usr_share,7,1 7 13 23 42 64 77,0.148436,0.10491,0.184044,0.00109019,0.267691,0.0514099,0.245461,0.075149,0.216778
"legacy Centralized PPO (central_nr, June+Aug)",legacy,switches_per_cluster_day,7,1 7 13 23 42 64 77,1.36463,1.23127,1.19881,0,3.36809,0.2259,2.50336,0.583061,2.21685
"legacy Centralized PPO (central_nr, June+Aug)",legacy,cost_energy_term,7,1 7 13 23 42 64 77,5553.05,392.501,5527,5043.19,6213.94,5190.04,5916.05,5292,5830.32
"legacy Centralized PPO (central_nr, June+Aug)",legacy,cost_qos_penalty,7,1 7 13 23 42 64 77,12869.5,9358.69,18113.9,1305.71,22293.2,4214.12,21524.8,6297.94,18833.2
"legacy Centralized PPO (central_nr, June+Aug)",legacy,cost_switch_penalty,7,1 7 13 23 42 64 77,2.74684,2.47731,2.4272,2.06e-05,6.78852,0.455708,5.03798,1.14316,4.47513
"legacy Centralized PPO (central_nr, June+Aug)",legacy,cost_cooldown_penalty,7,1 7 13 23 42 64 77,31.8393,33.2627,17.125,0,82,1.07645,62.6021,10.4107,55.6107
"legacy Centralized PPO (central_nr, June+Aug)",legacy,switching_energy_wh,7,1 7 13 23 42 64 77,0.686711,0.619329,0.606799,5.15e-06,1.69713,0.113927,1.25949,0.277664,1.11878
legacy Centralized PPO (v0.4 re-scored set),legacy,reward,4,7 13 42 99,-14459.3,4508.87,-12749.9,-21133.5,-11203.8,-21633.9,-7284.67,-19029.9,-11598.1
legacy Centralized PPO (v0.4 re-scored set),legacy,energy_wh,4,7 13 42 99,2129.97,63.2856,2112.73,2074.13,2220.29,2029.27,2230.67,2085.9,2191.28
legacy Centralized PPO (v0.4 re-scored set),legacy,qos_violation_rate,4,7 13 42 99,0.0372646,0.0193233,0.0289891,0.0249752,0.0661051,0.00651698,0.0680123,0.0260902,0.0567146
legacy Centralized PPO (v0.4 re-scored set),legacy,qscore_below_tau_rate,4,7 13 42 99,0.0372646,0.0193233,0.0289891,0.0249752,0.0661051,0.00651698,0.0680123,0.0260902,0.0567146
legacy Centralized PPO (v0.4 re-scored set),legacy,usr_share,4,7 13 42 99,0.0928147,0.0590941,0.0706145,0.0511397,0.17889,-0.00121727,0.186847,0.0543112,0.148538
legacy Centralized PPO (v0.4 re-scored set),legacy,switches_per_cluster_day,4,7 13 42 99,1.60555,0.839438,1.80297,0.485233,2.33102,0.269817,2.94128,0.903865,2.24539
legacy Centralized PPO (v0.4 re-scored set),legacy,cost_energy_term,4,7 13 42 99,5647.01,420.03,5648.82,5180.92,6109.45,4978.65,6315.37,5304.09,5989.92
legacy Centralized PPO (v0.4 re-scored set),legacy,cost_qos_penalty,4,7 13 42 99,8779.33,4793.88,6727.48,5728.55,15933.8,1151.19,16407.5,6008.78,13601.7
legacy Centralized PPO (v0.4 re-scored set),legacy,cost_switch_penalty,4,7 13 42 99,3.23308,1.68025,3.64078,0.98604,4.66473,0.559437,5.90673,1.82987,4.51304
legacy Centralized PPO (v0.4 re-scored set),legacy,cost_cooldown_penalty,4,7 13 42 99,29.7188,24.6499,29.75,2.875,56.5,-9.50477,68.9423,9.375,50.0625
legacy Centralized PPO (v0.4 re-scored set),legacy,switching_energy_wh,4,7 13 42 99,0.808271,0.420061,0.910196,0.24651,1.16618,0.139859,1.47668,0.457467,1.12826
"legacy IPPO (ippo_nr, paper Table I)",legacy,reward,8,1 7 13 23 42 64 77 99,-5813.63,117.29,-5784.6,-6064.79,-5698.17,-5911.69,-5715.58,-5897.19,-5747.68
"legacy IPPO (ippo_nr, paper Table I)",legacy,energy_wh,8,1 7 13 23 42 64 77 99,1973.62,5.13034,1973.03,1966.57,1984.15,1969.33,1977.91,1970.58,1977.21
"legacy IPPO (ippo_nr, paper Table I)",legacy,qos_violation_rate,8,1 7 13 23 42 64 77 99,0.00573588,0.000475121,0.00574827,0.00515362,0.00654113,0.00533867,0.00613309,0.00543855,0.00605798
"legacy IPPO (ippo_nr, paper Table I)",legacy,qscore_below_tau_rate,8,1 7 13 23 42 64 77 99,0.00573588,0.000475121,0.00574827,0.00515362,0.00654113,0.00533867,0.00613309,0.00543855,0.00604559
"legacy IPPO (ippo_nr, paper Table I)",legacy,usr_share,8,1 7 13 23 42 64 77 99,0.0817393,0.00440231,0.0808226,0.0769078,0.0877106,0.0780589,0.0854198,0.0789519,0.0847005
"legacy IPPO (ippo_nr, paper Table I)",legacy,switches_per_cluster_day,8,1 7 13 23 42 64 77 99,1.99088,0.244838,1.94093,1.70307,2.42616,1.78619,2.19557,1.84103,2.155
"legacy IPPO (ippo_nr, paper Table I)",legacy,cost_energy_term,8,1 7 13 23 42 64 77 99,4333.91,37.3053,4332.33,4280.3,4374.29,4302.72,4365.1,4310.01,4356.73
"legacy IPPO (ippo_nr, paper Table I)",legacy,cost_qos_penalty,8,1 7 13 23 42 64 77 99,1448.83,121.566,1439.99,1305.82,1673.89,1347.2,1550.46,1373.39,1531.93
"legacy IPPO (ippo_nr, paper Table I)",legacy,cost_switch_penalty,8,1 7 13 23 42 64 77 99,3.98682,0.487967,3.88727,3.41321,4.85435,3.57887,4.39477,3.68817,4.31392
"legacy IPPO (ippo_nr, paper Table I)",legacy,cost_cooldown_penalty,8,1 7 13 23 42 64 77 99,26.9062,7.24438,27.25,18,38.875,20.8498,32.9627,22.3281,31.5781
"legacy IPPO (ippo_nr, paper Table I)",legacy,switching_energy_wh,8,1 7 13 23 42 64 77 99,0.996706,0.121992,0.971818,0.853303,1.21359,0.894718,1.09869,0.922042,1.07848
legacy IPPO (v0.4 re-scored set),legacy,reward,8,1 7 13 23 42 64 77 99,-5788.64,89.2492,-5800.2,-5883.89,-5641.1,-5863.25,-5714.02,-5844.26,-5730.37
legacy IPPO (v0.4 re-scored set),legacy,energy_wh,8,1 7 13 23 42 64 77 99,1973.6,3.17599,1973.53,1969.29,1978.97,1970.94,1976.25,1971.59,1975.67
legacy IPPO (v0.4 re-scored set),legacy,qos_violation_rate,8,1 7 13 23 42 64 77 99,0.00567393,0.000429559,0.00574827,0.0049554,0.0061447,0.00531481,0.00603305,0.005389,0.00594648
legacy IPPO (v0.4 re-scored set),legacy,qscore_below_tau_rate,8,1 7 13 23 42 64 77 99,0.00567393,0.000429559,0.00574827,0.0049554,0.0061447,0.00531481,0.00603305,0.00537661,0.00593409
legacy IPPO (v0.4 re-scored set),legacy,usr_share,8,1 7 13 23 42 64 77 99,0.0811447,0.00349708,0.0813677,0.0762141,0.0860258,0.0782211,0.0840683,0.0788153,0.0833994
legacy IPPO (v0.4 re-scored set),legacy,switches_per_cluster_day,8,1 7 13 23 42 64 77 99,1.93023,0.112396,1.95045,1.74113,2.08365,1.83626,2.02419,1.85649,2.0004
legacy IPPO (v0.4 re-scored set),legacy,cost_energy_term,8,1 7 13 23 42 64 77 99,4330.76,14.0327,4328.69,4311.35,4354.11,4319.02,4342.49,4321.93,4340.2
legacy IPPO (v0.4 re-scored set),legacy,cost_qos_penalty,8,1 7 13 23 42 64 77 99,1430.2,99.0801,1450.49,1261.63,1526.38,1347.37,1513.03,1363.37,1491.48
legacy IPPO (v0.4 re-scored set),legacy,cost_switch_penalty,8,1 7 13 23 42 64 77 99,3.86831,0.222987,3.90623,3.48906,4.17171,3.68189,4.05473,3.72135,4.00579
legacy IPPO (v0.4 re-scored set),legacy,cost_cooldown_penalty,8,1 7 13 23 42 64 77 99,23.8125,3.82777,24.3125,18.5,29.25,20.6124,27.0126,21.3277,26.25
legacy IPPO (v0.4 re-scored set),legacy,switching_energy_wh,8,1 7 13 23 42 64 77 99,0.967077,0.0557468,0.976558,0.872266,1.04293,0.920472,1.01368,0.930338,1.00145
"legacy MAPPO (mappo_nr, June)",legacy,reward,3,23 64 99,-5704.45,150.853,-5638.29,-5877.08,-5597.99,-6079.19,-5329.71,-5877.08,-5597.99
"legacy MAPPO (mappo_nr, June)",legacy,energy_wh,3,23 64 99,1968.93,2.63921,1967.85,1967,1971.93,1962.37,1975.48,1967,1971.93
"legacy MAPPO (mappo_nr, June)",legacy,qos_violation_rate,3,23 64 99,0.00551701,0.000801081,0.00505451,0.00505451,0.00644202,0.00352702,0.00750701,0.00505451,0.00644202
"legacy MAPPO (mappo_nr, June)",legacy,qscore_below_tau_rate,3,23 64 99,0.00551701,0.000801081,0.00505451,0.00505451,0.00644202,0.00352702,0.00750701,0.00505451,0.00644202
"legacy MAPPO (mappo_nr, June)",legacy,usr_share,3,23 64 99,0.0800793,0.0103396,0.0763132,0.0721506,0.091774,0.0543943,0.105764,0.0721506,0.091774
"legacy MAPPO (mappo_nr, June)",legacy,switches_per_cluster_day,3,23 64 99,3.07631,0.108202,3.0446,2.98751,3.19683,2.80752,3.3451,2.98751,3.19683
"legacy MAPPO (mappo_nr, June)",legacy,cost_energy_term,3,23 64 99,4219.59,59.6994,4232.8,4154.39,4271.57,4071.29,4367.89,4154.39,4271.57
"legacy MAPPO (mappo_nr, June)",legacy,cost_qos_penalty,3,23 64 99,1413.06,207.092,1293.52,1293.48,1652.19,898.619,1927.51,1293.48,1652.19
"legacy MAPPO (mappo_nr, June)",legacy,cost_switch_penalty,3,23 64 99,6.13114,0.215648,6.06794,5.95416,6.37133,5.59544,6.66684,5.95416,6.37133
"legacy MAPPO (mappo_nr, June)",legacy,cost_cooldown_penalty,3,23 64 99,65.6667,1.50174,65.75,64.125,67.125,61.9361,69.3972,64.125,67.125
"legacy MAPPO (mappo_nr, June)",legacy,switching_energy_wh,3,23 64 99,1.53279,0.0539121,1.51698,1.48854,1.59283,1.39886,1.66671,1.48854,1.59283
legacy MAPPO (v0.4 re-scored set),legacy,reward,8,1 7 13 23 42 64 77 99,-5647.23,92.1013,-5627.58,-5848.03,-5535.71,-5724.23,-5570.24,-5714.02,-5596.02
legacy MAPPO (v0.4 re-scored set),legacy,energy_wh,8,1 7 13 23 42 64 77 99,1967.12,9.31795,1968.82,1949.12,1975.62,1959.33,1974.91,1960.73,1972.64
legacy MAPPO (v0.4 re-scored set),legacy,qos_violation_rate,8,1 7 13 23 42 64 77 99,0.00528989,0.000659406,0.00505451,0.00475719,0.00673935,0.00473861,0.00584117,0.00491824,0.00576065
legacy MAPPO (v0.4 re-scored set),legacy,qscore_below_tau_rate,8,1 7 13 23 42 64 77 99,0.00528989,0.000659406,0.00505451,0.00475719,0.00673935,0.00473861,0.00584117,0.00493062,0.00576065
legacy MAPPO (v0.4 re-scored set),legacy,usr_share,8,1 7 13 23 42 64 77 99,0.0784812,0.011408,0.0756194,0.0684836,0.101685,0.0689438,0.0880185,0.0719029,0.0865473
legacy MAPPO (v0.4 re-scored set),legacy,switches_per_cluster_day,8,1 7 13 23 42 64 77 99,2.92805,0.392279,2.74014,2.43568,3.53935,2.60009,3.256,2.69495,3.19921
legacy MAPPO (v0.4 re-scored set),legacy,cost_energy_term,8,1 7 13 23 42 64 77 99,4234.99,76.2092,4251.01,4092.08,4308.89,4171.28,4298.7,4182.09,4281.18
legacy MAPPO (v0.4 re-scored set),legacy,cost_qos_penalty,8,1 7 13 23 42 64 77 99,1345.28,152.144,1293.52,1217.48,1678.42,1218.09,1472.48,1262.23,1455.3
legacy MAPPO (v0.4 re-scored set),legacy,cost_switch_penalty,8,1 7 13 23 42 64 77 99,5.83565,0.781819,5.46114,4.85435,7.05398,5.18203,6.48927,5.37107,6.37133
legacy MAPPO (v0.4 re-scored set),legacy,cost_cooldown_penalty,8,1 7 13 23 42 64 77 99,61.125,12.2049,58.25,42.75,82.125,50.9214,71.3286,53.5625,69.2969
legacy MAPPO (v0.4 re-scored set),legacy,switching_energy_wh,8,1 7 13 23 42 64 77 99,1.45891,0.195455,1.36529,1.21359,1.76349,1.29551,1.62232,1.34158,1.59402
