controller,seed,run_dir,dir_mtime,trained_reward_version,test_reward_current_code,energy_wh,qos_violation_pct,usr_pct,switches,v04twin_summary_value,matches_v04twin,paper_n8_value_pre_v04,within_5_of_paper_n8
Centralized PPO,1,central_nr_seed1,2026-06-06 16:36,"current (L_SW, 781c90c)",-27441.54,2261.6,9.43,24.4,210,,False,,False
Centralized PPO,1,ppo_multi_site_seed1_bridge,2026-06-06 16:36,"current (L_SW, 781c90c) [copy of central_nr]",-27441.54,2261.6,9.43,24.4,210,,False,,False
Centralized PPO,7,ppo_multi_site_seed7_20260516T092256,2026-05-16 15:05,trained before commit 781c90c (2026-06-06): committed reward folded switch cost into SEC; working-tree state at training time not recorded,-7688.95,2070.4,0.63,0.9,36,-12781.04,False,,False
Centralized PPO,7,ppo_multi_site_seed7_20260517T004954,2026-05-17 02:56,trained before commit 781c90c (2026-06-06): committed reward folded switch cost into SEC; working-tree state at training time not recorded,-12781.04,2104.2,2.94,5.1,245,-12781.04,True,,False
Centralized PPO,7,central_nr_seed7,2026-06-06 16:36,"current (L_SW, 781c90c)",-7522.75,2073.7,0.52,0.1,12,-12781.04,False,,False
Centralized PPO,13,ppo_multi_site_seed13_20260516T092257,2026-05-16 15:05,trained before commit 781c90c (2026-06-06): committed reward folded switch cost into SEC; working-tree state at training time not recorded,-17407.56,2182.5,4.89,11.0,92,-12718.79,False,,False
Centralized PPO,13,ppo_multi_site_seed13_20260517T004954,2026-05-17 02:56,trained before commit 781c90c (2026-06-06): committed reward folded switch cost into SEC; working-tree state at training time not recorded,-12718.79,2121.2,2.85,5.7,51,-12718.79,True,,False
Centralized PPO,13,central_nr_seed13,2026-06-06 16:36,"current (L_SW, 781c90c)",-7967.98,2057.4,0.94,3.2,69,-12718.79,False,,False
Centralized PPO,23,central_nr_seed23,2026-08-27 00:27,"current (L_SW, 781c90c)",-27425.16,2251.9,9.64,26.8,354,,False,,False
Centralized PPO,23,ppo_multi_site_seed23_bridge,2026-08-27 00:27,"current (L_SW, 781c90c) [copy of central_nr]",-27425.16,2251.9,9.64,26.8,354,,False,,False
Centralized PPO,42,ppo_multi_site_seed42_20260515T234034,2026-05-16 02:54,trained before commit 781c90c (2026-06-06): committed reward folded switch cost into SEC; working-tree state at training time not recorded,-16058.54,2140.2,4.51,14.8,80,-11203.8,False,,False
Centralized PPO,42,ppo_multi_site_seed42_20260517T004954,2026-05-17 02:56,trained before commit 781c90c (2026-06-06): committed reward folded switch cost into SEC; working-tree state at training time not recorded,-11203.8,2074.1,2.5,8.4,227,-11203.8,True,,False
Centralized PPO,42,central_nr_seed42,2026-06-06 16:36,"current (L_SW, 781c90c)",-11520.28,2094.7,2.55,10.0,0,-11203.8,False,,False
Centralized PPO,64,central_nr_seed64,2026-08-27 00:27,"current (L_SW, 781c90c)",-24040.17,2236.0,7.92,18.4,233,,False,,False
Centralized PPO,64,ppo_multi_site_seed64_bridge,2026-08-27 00:27,"current (L_SW, 781c90c) [copy of central_nr]",-24040.17,2236.0,7.92,18.4,233,,False,,False
Centralized PPO,77,central_nr_seed77,2026-08-27 00:27,"current (L_SW, 781c90c)",-23281.84,2207.7,7.9,21.0,126,,False,,False
Centralized PPO,77,ppo_multi_site_seed77_bridge,2026-08-27 00:27,"current (L_SW, 781c90c) [copy of central_nr]",-23281.84,2207.7,7.9,21.0,126,,False,,False
Centralized PPO,99,ppo_multi_site_seed99_20260516T092259,2026-05-16 15:05,trained before commit 781c90c (2026-06-06): committed reward folded switch cost into SEC; working-tree state at training time not recorded,-7918.77,2052.7,0.9,4.6,61,-21133.54,False,,False
Centralized PPO,99,ppo_multi_site_seed99_20260517T004954,2026-05-17 02:56,trained before commit 781c90c (2026-06-06): committed reward folded switch cost into SEC; working-tree state at training time not recorded,-21133.54,2220.3,6.61,17.9,152,-21133.54,True,,False
IPPO,1,ppo_single_site_ensemble_seed1_20260517T110907,2026-05-17 13:12,trained before commit 781c90c (2026-06-06): committed reward folded switch cost into SEC; working-tree state at training time not recorded,-5708.99,1976.1,0.53,7.6,191,-5708.99,True,-6063.43,False
IPPO,1,ippo_nr_seed1,2026-06-06 16:26,"current (L_SW, 781c90c)",-6064.79,1984.1,0.65,7.8,183,-5708.99,False,-6063.43,True
IPPO,7,ppo_single_site_ensemble_seed7_20260517T091403,2026-05-17 11:17,trained before commit 781c90c (2026-06-06): committed reward folded switch cost into SEC; working-tree state at training time not recorded,-5780.62,1972.5,0.56,8.1,203,-5780.62,True,-5805.21,False
IPPO,7,ippo_nr_seed7,2026-06-06 16:28,"current (L_SW, 781c90c)",-5806.65,1973.3,0.57,8.1,195,-5780.62,False,-5805.21,True
IPPO,13,ppo_single_site_ensemble_seed13_20260517T091403,2026-05-17 11:17,trained before commit 781c90c (2026-06-06): committed reward folded switch cost into SEC; working-tree state at training time not recorded,-5641.1,1975.0,0.5,7.7,209,-5641.1,True,-5761.01,False
IPPO,13,ippo_nr_seed13,2026-06-06 16:27,"current (L_SW, 781c90c)",-5762.55,1975.4,0.54,7.7,207,-5641.1,False,-5761.01,True
IPPO,23,ppo_single_site_ensemble_seed23_20260517T110907,2026-05-17 13:12,trained before commit 781c90c (2026-06-06): committed reward folded switch cost into SEC; working-tree state at training time not recorded,-5819.78,1969.3,0.58,8.5,219,-5819.78,True,-5716.07,False
IPPO,23,ippo_nr_seed23,2026-06-06 16:28,"current (L_SW, 781c90c)",-5717.73,1975.1,0.52,7.8,223,-5819.78,False,-5716.07,True
IPPO,42,ppo_single_site_ensemble_seed42_20260517T091403,2026-05-17 11:17,trained before commit 781c90c (2026-06-06): committed reward folded switch cost into SEC; working-tree state at training time not recorded,-5880.0,1973.9,0.61,8.1,198,-5880.0,True,-5696.68,False
IPPO,42,ippo_nr_seed42,2026-06-06 16:26,"current (L_SW, 781c90c)",-5698.17,1972.7,0.53,8.1,201,-5880.0,False,-5696.68,True
IPPO,64,ppo_single_site_ensemble_seed64_20260517T110907,2026-05-17 13:12,trained before commit 781c90c (2026-06-06): committed reward folded switch cost into SEC; working-tree state at training time not recorded,-5883.89,1969.9,0.61,8.6,213,-5883.89,True,-5759.53,False
IPPO,64,ippo_nr_seed64,2026-06-06 16:27,"current (L_SW, 781c90c)",-5761.42,1966.6,0.57,8.8,255,-5883.89,False,-5759.53,True
IPPO,77,ppo_single_site_ensemble_seed77_20260517T110907,2026-05-17 13:12,trained before commit 781c90c (2026-06-06): committed reward folded switch cost into SEC; working-tree state at training time not recorded,-5864.6,1979.0,0.59,8.3,207,-5864.6,True,-5809.62,False
IPPO,77,ippo_nr_seed77,2026-06-06 16:26,"current (L_SW, 781c90c)",-5811.32,1969.9,0.59,8.7,231,-5864.6,False,-5809.62,True
IPPO,99,ppo_single_site_ensemble_seed99_20260517T091403,2026-05-17 11:17,trained before commit 781c90c (2026-06-06): committed reward folded switch cost into SEC; working-tree state at training time not recorded,-5730.12,1973.2,0.55,8.0,183,-5730.12,True,-5885.11,False
IPPO,99,ippo_nr_seed99,2026-06-06 16:26,"current (L_SW, 781c90c)",-5886.44,1971.8,0.61,8.5,179,-5730.12,False,-5885.11,True
MAPPO,1,mappo_seed1_20260517T110908,2026-05-17 13:13,trained before commit 781c90c (2026-06-06): committed reward folded switch cost into SEC; working-tree state at training time not recorded,-5608.27,1975.6,0.49,6.8,286,-5608.27,True,-5610.98,True
MAPPO,7,mappo_seed7_20260516T092249,2026-05-16 11:28,trained before commit 781c90c (2026-06-06): committed reward folded switch cost into SEC; working-tree state at training time not recorded,-5620.75,1966.1,0.53,7.9,290,-5692.51,False,-5737.96,False
MAPPO,7,mappo_seed7_20260517T003433,2026-05-17 02:38,trained before commit 781c90c (2026-06-06): committed reward folded switch cost into SEC; working-tree state at training time not recorded,-5692.51,1965.7,0.56,8.1,288,-5692.51,True,-5737.96,False
MAPPO,13,mappo_seed13_20260516T092252,2026-05-16 11:28,trained before commit 781c90c (2026-06-06): committed reward folded switch cost into SEC; working-tree state at training time not recorded,-5605.68,1970.4,0.51,7.5,262,-5848.03,False,-5616.02,False
MAPPO,13,mappo_seed13_20260517T003433,2026-05-17 02:38,trained before commit 781c90c (2026-06-06): committed reward folded switch cost into SEC; working-tree state at training time not recorded,-5848.03,1949.1,0.67,10.2,364,-5848.03,True,-5616.02,False
MAPPO,23,mappo_seed23_20260517T110908,2026-05-17 13:13,trained before commit 781c90c (2026-06-06): committed reward folded switch cost into SEC; working-tree state at training time not recorded,-5636.96,1958.8,0.55,8.7,372,-5636.96,True,-5874.67,False
MAPPO,23,mappo_nr_seed23,2026-06-06 11:21,"current (L_SW, 781c90c)",-5877.08,1967.0,0.64,9.2,336,-5636.96,False,-5874.67,True
MAPPO,42,mappo_seed42_20260516T081859,2026-05-16 10:25,trained before commit 781c90c (2026-06-06): committed reward folded switch cost into SEC; working-tree state at training time not recorded,-5553.01,1966.8,0.5,7.9,276,-5633.07,False,-5630.66,False
MAPPO,42,mappo_seed42_20260517T003433,2026-05-17 02:38,trained before commit 781c90c (2026-06-06): committed reward folded switch cost into SEC; working-tree state at training time not recorded,-5531.97,1973.3,0.47,7.2,238,-5633.07,False,-5630.66,False
MAPPO,42,mappo_seed42_20260526T143428,2026-05-26 16:34,trained before commit 781c90c (2026-06-06): committed reward folded switch cost into SEC; working-tree state at training time not recorded,-5635.46,1965.8,0.54,8.1,266,-5633.07,False,-5630.66,True
MAPPO,42,mappo_seed42_20260526T143637,2026-05-26 16:43,trained before commit 781c90c (2026-06-06): committed reward folded switch cost into SEC; working-tree state at training time not recorded,-5633.07,1966.7,0.53,7.7,322,-5633.07,True,-5630.66,True
MAPPO,64,mappo_seed64_20260517T110908,2026-05-17 13:13,trained before commit 781c90c (2026-06-06): committed reward folded switch cost into SEC; working-tree state at training time not recorded,-5535.71,1970.9,0.48,7.4,256,-5535.71,True,-5595.64,False
MAPPO,64,mappo_nr_seed64,2026-06-06 11:27,"current (L_SW, 781c90c)",-5597.99,1967.8,0.51,7.6,314,-5535.71,False,-5595.64,True
MAPPO,77,mappo_seed77_20260517T110908,2026-05-17 13:13,trained before commit 781c90c (2026-06-06): committed reward folded switch cost into SEC; working-tree state at training time not recorded,-5622.09,1975.6,0.49,6.9,286,-5622.09,True,-5540.18,False
MAPPO,99,mappo_seed99_20260516T092254,2026-05-16 11:27,trained before commit 781c90c (2026-06-06): committed reward folded switch cost into SEC; working-tree state at training time not recorded,-5656.79,1969.7,0.53,7.7,302,-5601.24,False,-5635.89,False
MAPPO,99,mappo_seed99_20260517T003433,2026-05-17 02:38,trained before commit 781c90c (2026-06-06): committed reward folded switch cost into SEC; working-tree state at training time not recorded,-5601.24,1974.5,0.49,6.9,288,-5601.24,True,-5635.89,False
MAPPO,99,mappo_nr_seed99,2026-06-06 11:34,"current (L_SW, 781c90c)",-5638.29,1971.9,0.51,7.2,320,-5601.24,False,-5635.89,True
