contrast,A,B,metric,metric_label,better,n_pairs,seeds,per_seed_diff_A_minus_B,mean_diff,sd_diff,median_diff,boot_ci_lo,boot_ci_hi,perm_p_two_sided_exact,wilcoxon_p_two_sided_exact,cohens_dz,hedges_gz,n_seeds_A_better,relative_to_B_mean,holm_p_primary_reward_family
Delta_crit (centralized vs local critic),MAPPO,Shared-PPO,reward,Test reward (higher is better),higher,8,1 7 13 23 42 64 77 99,"[292.347221, 4.148094, -22.652608, 75.22232, 45.987598, 93.355436, 77.488415, 97.25627]",82.8941,94.8514,76.3554,31.0015,150.905,0.0234375,0.0234375,0.873936,0.776832,7,0.0145261,0.046875
Delta_crit (centralized vs local critic),MAPPO,Shared-PPO,energy_wh,Energy [Wh],lower,8,1 7 13 23 42 64 77 99,"[13.069261, -5.853875, -13.981389, 8.03431, 17.758179, 3.752807, 5.803302, 5.069979]",4.20657,10.0879,5.43664,-2.6821,10.3238,0.289062,0.382812,0.416992,0.370659,2,0.00214282,
Delta_crit (centralized vs local critic),MAPPO,Shared-PPO,qos_violation_rate,QoS-violation rate (is_safe = False),lower,8,1 7 13 23 42 64 77 99,"[-0.001685, 0.000198, 0.000595, -0.000595, -0.000793, -0.000496, -0.000595, -0.000496]",-0.000483152,0.000675177,-0.000545094,-0.000916749,-4.9554e-05,0.101562,0.109375,-0.715592,-0.636082,6,-0.0853392,
Delta_crit (centralized vs local critic),MAPPO,Shared-PPO,qscore_below_tau_rate,q_score < tau rate,lower,8,1 7 13 23 42 64 77 99,"[-0.001685, 0.000198, 0.000595, -0.000595, -0.000793, -0.000496, -0.000595, -0.000496]",-0.000483152,0.000675177,-0.000545094,-0.000916749,-3.71655e-05,0.101562,0.109375,-0.715592,-0.636082,6,-0.0853392,
Delta_crit (centralized vs local critic),MAPPO,Shared-PPO,usr_share,USR share,neutral,8,1 7 13 23 42 64 77 99,"[-0.023786, 0.007433, 0.013578, -0.011893, -0.02002, -0.004658, -0.009118, -0.005946]",-0.00680129,0.0126364,-0.00753221,-0.0147919,0.00142499,0.179688,0.25,-0.53823,-0.478427,,-0.0799476,
Delta_crit (centralized vs local critic),MAPPO,Shared-PPO,switches_per_cluster_day,Switches per cluster per day,lower,8,1 7 13 23 42 64 77 99,"[-0.228345, 0.0, 0.589891, 0.0, -0.551833, -0.342517, 0.30446, -0.742121]",-0.121308,0.438775,-0.114172,-0.397225,0.166501,0.5,0.5625,-0.27647,-0.245751,4,-0.040412,
Delta_crit (centralized vs local critic),MAPPO,Shared-PPO,cost_energy_term,Reward component: alpha*SEC (cost),lower,8,1 7 13 23 42 64 77 99,"[84.668675, -47.010398, -136.372662, 50.077217, 139.186521, 29.089279, 39.86661, 44.072489]",25.4472,83.7124,41.9695,-32.9747,75.0066,0.4375,0.382812,0.303984,0.270208,2,0.00604174,
Delta_crit (centralized vs local critic),MAPPO,Shared-PPO,cost_qos_penalty,Reward component: QoS penalty (cost),lower,8,1 7 13 23 42 64 77 99,"[-379.935801, 44.112303, 142.224607, -132.299537, -171.449306, -110.262072, -137.336818, -110.224699]",-106.896,153.612,-121.281,-203.38,-9.43587,0.101562,0.148438,-0.695885,-0.618565,6,-0.0747933,
Delta_crit (centralized vs local critic),MAPPO,Shared-PPO,cost_switch_penalty,Reward component: switching penalty (cost),lower,8,1 7 13 23 42 64 77 99,"[-0.455095, -0.0, 1.175663, -0.0, -1.099813, -0.682643, 0.606794, -1.479059]",-0.241769,0.874486,-0.227548,-0.791676,0.33184,0.5,0.382812,-0.27647,-0.245751,6,-0.040412,
Delta_crit (centralized vs local critic),MAPPO,Shared-PPO,cost_cooldown_penalty,Reward component: cooldown penalty (cost),lower,8,1 7 13 23 42 64 77 99,"[3.375, -1.25, 15.625, 7.0, -12.625, -11.5, 19.375, -29.625]",-1.20312,16.2093,1.0625,-11.8293,8.79727,0.835938,1,-0.0742245,-0.0659773,4,-0.0202312,
"Delta_share (shared vs independent policies; confounded, see plan)",Shared-PPO,IPPO,reward,Test reward (higher is better),higher,8,1 7 13 23 42 64 77 99,"[-94.609235, 221.051618, 113.399306, 170.071781, 41.791382, 42.9501, 104.450467, 19632.947078]",2529.01,6911.68,108.925,34.586,7433.44,0.0390625,0.0390625,0.365903,0.325247,7,0.307083,0.046875
"Delta_share (shared vs independent policies; confounded, see plan)",Shared-PPO,IPPO,energy_wh,Energy [Wh],lower,8,1 7 13 23 42 64 77 99,"[-19.483604, -4.74597, 7.628388, -7.130717, -11.002041, -27.202798, -10.203383, -433.885184]",-63.2532,150.107,-10.6027,-171.12,-4.8701,0.03125,0.0390625,-0.421387,-0.374566,7,-0.0312153,
"Delta_share (shared vs independent policies; confounded, see plan)",Shared-PPO,IPPO,qos_violation_rate,QoS-violation rate (is_safe = False),lower,8,1 7 13 23 42 64 77 99,"[0.000991, -0.000595, -0.000694, -0.000396, 0.000198, 0.000892, -9.9e-05, -0.07225]",-0.00899405,0.025567,-0.00024777,-0.0272052,0.000371655,0.585938,0.742188,-0.351784,-0.312697,5,-0.613694,
"Delta_share (shared vs independent policies; confounded, see plan)",Shared-PPO,IPPO,qscore_below_tau_rate,q_score < tau rate,lower,8,1 7 13 23 42 64 77 99,"[0.000991, -0.000595, -0.000694, -0.000396, 0.000198, 0.000892, -9.9e-05, -0.07225]",-0.00899405,0.025567,-0.00024777,-0.0272052,0.000384044,0.585938,0.742188,-0.351784,-0.312697,5,-0.613694,
"Delta_share (shared vs independent policies; confounded, see plan)",Shared-PPO,IPPO,usr_share,USR share,neutral,8,1 7 13 23 42 64 77 99,"[0.019524, -0.003964, -0.014569, 0.000297, 0.005946, 0.022597, 0.003171, -0.067493]",-0.0043112,0.0282131,0.00173439,-0.0245664,0.0106913,0.84375,0.84375,-0.152809,-0.13583,,-0.0482328,
"Delta_share (shared vs independent policies; confounded, see plan)",Shared-PPO,IPPO,switches_per_cluster_day,Switches per cluster per day,lower,8,1 7 13 23 42 64 77 99,"[0.97998, 0.922894, 0.428147, 0.789693, 0.837265, 1.817245, 0.922894, 1.113181]",0.976412,0.39393,0.922894,0.751635,1.26184,0.0078125,0.0078125,2.47864,2.20324,0,0.48209,
"Delta_share (shared vs independent policies; confounded, see plan)",Shared-PPO,IPPO,cost_energy_term,Reward component: alpha*SEC (cost),lower,8,1 7 13 23 42 64 77 99,"[-163.472491, -120.473131, 21.415221, -105.877682, -121.759858, -317.565193, -108.556741, -391.367722]",-163.457,130.814,-121.116,-251.121,-83.0802,0.015625,0.015625,-1.24954,-1.1107,7,-0.0373586,
"Delta_share (shared vs independent policies; confounded, see plan)",Shared-PPO,IPPO,cost_qos_penalty,Reward component: QoS penalty (cost),lower,8,1 7 13 23 42 64 77 99,"[228.897571, -127.523868, -154.523868, -93.374007, 48.962719, 208.262256, -23.589108, -19294.528983]",-2400.93,6827.58,-58.4816,-7257.5,90.0872,0.585938,0.742188,-0.351651,-0.312579,5,-0.626849,
"Delta_share (shared vs independent policies; confounded, see plan)",Shared-PPO,IPPO,cost_switch_penalty,Reward component: switching penalty (cost),lower,8,1 7 13 23 42 64 77 99,"[1.934155, 1.820381, 0.834341, 1.554909, 1.630758, 3.602837, 1.820381, 2.199627]",1.92467,0.786095,1.82038,1.46484,2.49354,0.0078125,0.0078125,2.4484,2.17635,0,0.474299,
"Delta_share (shared vs independent policies; confounded, see plan)",Shared-PPO,IPPO,cost_cooldown_penalty,Reward component: cooldown penalty (cost),lower,8,1 7 13 23 42 64 77 99,"[27.25, 25.125, 18.875, 27.625, 29.375, 62.75, 25.875, 50.75]",33.4531,15.0517,27.4375,24.8594,44.0004,0.0078125,0.0078125,2.22255,1.9756,0,1.28589,
G (MAPPO vs IPPO),MAPPO,IPPO,reward,Test reward (higher is better),higher,8,1 7 13 23 42 64 77 99,"[197.737986, 225.199712, 90.746699, 245.294101, 87.77898, 136.305536, 181.938882, 19730.203348]",2611.9,6917.08,189.838,136.908,7514.1,0.0078125,0.0078125,0.377601,0.335646,8,0.317148,0.03125
G (MAPPO vs IPPO),MAPPO,IPPO,energy_wh,Energy [Wh],lower,8,1 7 13 23 42 64 77 99,"[-6.414343, -10.599846, -6.353001, 0.903593, 6.756138, -23.449992, -4.40008, -428.815205]",-59.0466,149.666,-6.38367,-166.513,-1.75997,0.078125,0.109375,-0.394522,-0.350686,6,-0.0291393,
G (MAPPO vs IPPO),MAPPO,IPPO,qos_violation_rate,QoS-violation rate (is_safe = False),lower,8,1 7 13 23 42 64 77 99,"[-0.000694, -0.000396, -9.9e-05, -0.000991, -0.000595, 0.000396, -0.000694, -0.072745]",-0.00947721,0.0255677,-0.000644202,-0.0276264,-0.000210605,0.03125,0.0390625,-0.370671,-0.329485,7,-0.646661,
G (MAPPO vs IPPO),MAPPO,IPPO,qscore_below_tau_rate,q_score < tau rate,lower,8,1 7 13 23 42 64 77 99,"[-0.000694, -0.000396, -9.9e-05, -0.000991, -0.000595, 0.000396, -0.000694, -0.072745]",-0.00947721,0.0255677,-0.000644202,-0.0276511,-0.000210605,0.03125,0.0390625,-0.370671,-0.329485,7,-0.646661,
G (MAPPO vs IPPO),MAPPO,IPPO,usr_share,USR share,neutral,8,1 7 13 23 42 64 77 99,"[-0.004262, 0.003469, -0.000991, -0.011596, -0.014073, 0.017939, -0.005946, -0.073439]",-0.0111125,0.0270614,-0.00510406,-0.0309713,0.00322101,0.296875,0.25,-0.41064,-0.365013,,-0.124324,
G (MAPPO vs IPPO),MAPPO,IPPO,switches_per_cluster_day,Switches per cluster per day,lower,8,1 7 13 23 42 64 77 99,"[0.751635, 0.922894, 1.018038, 0.789693, 0.285431, 1.474727, 1.227354, 0.37106]",0.855104,0.401329,0.856293,0.597027,1.11318,0.0078125,0.0078125,2.13068,1.89394,0,0.422196,
G (MAPPO vs IPPO),MAPPO,IPPO,cost_energy_term,Reward component: alpha*SEC (cost),lower,8,1 7 13 23 42 64 77 99,"[-78.803816, -167.483528, -114.957441, -55.800465, 17.426663, -288.475914, -68.690131, -347.295234]",-138.01,123.676,-96.8806,-222.204,-62.0711,0.015625,0.015625,-1.1159,-0.991912,7,-0.0315425,
G (MAPPO vs IPPO),MAPPO,IPPO,cost_qos_penalty,Reward component: QoS penalty (cost),lower,8,1 7 13 23 42 64 77 99,"[-151.03823, -83.411565, -12.299261, -225.673545, -122.486587, 98.000184, -160.925926, -19404.753682]",-2507.82,6828.12,-136.762,-7357.27,-42.0576,0.0390625,0.0390625,-0.367279,-0.32647,7,-0.654758,
G (MAPPO vs IPPO),MAPPO,IPPO,cost_switch_penalty,Reward component: switching penalty (cost),lower,8,1 7 13 23 42 64 77 99,"[1.479059, 1.820381, 2.010004, 1.554909, 0.530944, 2.920194, 2.427174, 0.720567]",1.6829,0.80372,1.68764,1.17092,2.19963,0.0078125,0.0078125,2.09389,1.86124,0,0.41472,
G (MAPPO vs IPPO),MAPPO,IPPO,cost_cooldown_penalty,Reward component: cooldown penalty (cost),lower,8,1 7 13 23 42 64 77 99,"[30.625, 23.875, 34.5, 34.625, 16.75, 51.25, 45.25, 21.125]",32.25,11.8171,32.5625,24.9215,40.0945,0.0078125,0.0078125,2.72911,2.42587,0,1.23964,
MAPPO vs centralized PPO,MAPPO,Centralized PPO,reward,Test reward (higher is better),higher,8,1 7 13 23 42 64 77 99,"[14737.394149, 5945.55206, 5539.36771, 12949.523271, 1715.091939, 2580.578308, 22193.718829, 9550.313044]",9401.44,6940.45,7747.93,5071.74,14158.4,0.0078125,0.0078125,1.35459,1.20408,8,0.625715,0.03125
MAPPO vs centralized PPO,MAPPO,Centralized PPO,energy_wh,Energy [Wh],lower,8,1 7 13 23 42 64 77 99,"[-232.891669, -132.632606, -118.910286, -169.801757, -87.120112, -87.636631, -317.91991, -167.365486]",-164.285,78.5954,-149.999,-219.776,-117.516,0.0078125,0.0078125,-2.09026,-1.85801,8,-0.0770714,
MAPPO vs centralized PPO,MAPPO,Centralized PPO,qos_violation_rate,QoS-violation rate (is_safe = False),lower,8,1 7 13 23 42 64 77 99,"[-0.057086, -0.020218, -0.018731, -0.051239, -0.000694, -0.006343, -0.091873, -0.034985]",-0.0351462,0.0303955,-0.0276016,-0.0556863,-0.0164507,0.0078125,0.0078125,-1.1563,-1.02782,8,-0.871582,
MAPPO vs centralized PPO,MAPPO,Centralized PPO,qscore_below_tau_rate,q_score < tau rate,lower,8,1 7 13 23 42 64 77 99,"[-0.057086, -0.020218, -0.018731, -0.051239, -0.000694, -0.006343, -0.091873, -0.034985]",-0.0351462,0.0303955,-0.0276016,-0.0553909,-0.0165387,0.0078125,0.0078125,-1.1563,-1.02782,8,-0.871582,
MAPPO vs centralized PPO,MAPPO,Centralized PPO,usr_share,USR share,neutral,8,1 7 13 23 42 64 77 99,"[-0.055798, -0.016056, -0.017641, -0.07334, 0.055798, 0.034985, -0.153617, -0.036373]",-0.0327552,0.0651773,-0.0270069,-0.0765749,0.00696234,0.210938,0.25,-0.502555,-0.446716,,-0.295023,
MAPPO vs centralized PPO,MAPPO,Centralized PPO,switches_per_cluster_day,Switches per cluster per day,lower,8,1 7 13 23 42 64 77 99,"[1.293954, 2.616452, 2.093162, -3.767691, 2.140733, 2.388107, 2.283449, 0.713578]",1.22022,2.11101,2.11695,-0.334192,2.24423,0.148438,0.195312,0.578025,0.5138,1,0.734957,
MAPPO vs centralized PPO,MAPPO,Centralized PPO,cost_energy_term,Reward component: alpha*SEC (cost),lower,8,1 7 13 23 42 64 77 99,"[-1507.262909, -1563.300543, -1477.540267, -947.287127, -1641.868118, -1268.054579, -1070.097421, -1465.45858]",-1367.61,247.782,-1471.5,-1516.93,-1198.18,0.0078125,0.0078125,-5.51941,-4.90614,8,-0.244,
MAPPO vs centralized PPO,MAPPO,Centralized PPO,cost_qos_penalty,Reward component: QoS penalty (cost),lower,8,1 7 13 23 42 64 77 99,"[-13246.547168, -4435.110091, -4104.249128, -11824.064128, -117.346376, -1376.976379, -21190.009394, -8103.882674]",-8049.77,7071.1,-6269.5,-12954.7,-3815.86,0.0078125,0.0078125,-1.1384,-1.01192,8,-0.858908,
MAPPO vs centralized PPO,MAPPO,Centralized PPO,cost_switch_penalty,Reward component: switching penalty (cost),lower,8,1 7 13 23 42 64 77 99,"[2.540928, 5.233574, 4.171685, -7.547016, 4.247555, 4.70265, 4.512986, 1.40321]",2.4082,4.214,4.20962,-0.677923,4.45138,0.148438,0.195312,0.571476,0.507978,1,0.722609,
MAPPO vs centralized PPO,MAPPO,Centralized PPO,cost_cooldown_penalty,Reward component: cooldown penalty (cost),lower,8,1 7 13 23 42 64 77 99,"[13.875, 47.625, 38.25, -170.625, 39.875, 59.75, 61.875, 17.625]",13.5312,76.4116,39.0625,-42.8125,48.8281,0.710938,0.195312,0.177084,0.157408,1,0.30248,
Shared-PPO vs centralized PPO (exploratory),Shared-PPO,Centralized PPO,reward,Test reward (higher is better),higher,8,1 7 13 23 42 64 77 99,"[14445.046928, 5941.403966, 5562.020318, 12874.300951, 1669.104341, 2487.222873, 22116.230414, 9453.056774]",9318.55,6901.56,7697.23,5165.56,14004.5,0.0078125,0.0078125,1.35021,1.20019,8,0.620198,
Shared-PPO vs centralized PPO (exploratory),Shared-PPO,Centralized PPO,energy_wh,Energy [Wh],lower,8,1 7 13 23 42 64 77 99,"[-245.96093, -126.778731, -104.928897, -177.836068, -104.878291, -91.389438, -323.723213, -172.435465]",-168.491,81.0404,-149.607,-223.607,-120.517,0.0078125,0.0078125,-2.0791,-1.84809,8,-0.0790448,
Shared-PPO vs centralized PPO (exploratory),Shared-PPO,Centralized PPO,qos_violation_rate,QoS-violation rate (is_safe = False),lower,8,1 7 13 23 42 64 77 99,"[-0.055401, -0.020416, -0.019326, -0.050644, 9.9e-05, -0.005847, -0.091278, -0.03449]",-0.034663,0.0301609,-0.0274529,-0.0547575,-0.0161174,0.015625,0.015625,-1.14927,-1.02157,7,-0.859601,
Shared-PPO vs centralized PPO (exploratory),Shared-PPO,Centralized PPO,qscore_below_tau_rate,q_score < tau rate,lower,8,1 7 13 23 42 64 77 99,"[-0.055401, -0.020416, -0.019326, -0.050644, 9.9e-05, -0.005847, -0.091278, -0.03449]",-0.034663,0.0301609,-0.0274529,-0.0544859,-0.0164395,0.015625,0.015625,-1.14927,-1.02157,7,-0.859601,
Shared-PPO vs centralized PPO (exploratory),Shared-PPO,Centralized PPO,usr_share,USR share,neutral,8,1 7 13 23 42 64 77 99,"[-0.032012, -0.023489, -0.031219, -0.061447, 0.075818, 0.039643, -0.1445, -0.030426]",-0.0259539,0.0655349,-0.0308226,-0.0686199,0.0149901,0.304688,0.460938,-0.396032,-0.352028,,-0.233765,
Shared-PPO vs centralized PPO (exploratory),Shared-PPO,Centralized PPO,switches_per_cluster_day,Switches per cluster per day,lower,8,1 7 13 23 42 64 77 99,"[1.522299, 2.616452, 1.503271, -3.767691, 2.692567, 2.730624, 1.978989, 1.455699]",1.34153,2.13684,1.75064,-0.266402,2.36551,0.117188,0.195312,0.627808,0.558051,1,0.808023,
Shared-PPO vs centralized PPO (exploratory),Shared-PPO,Centralized PPO,cost_energy_term,Reward component: alpha*SEC (cost),lower,8,1 7 13 23 42 64 77 99,"[-1591.931584, -1516.290146, -1341.167606, -997.364344, -1781.054639, -1297.143859, -1109.964031, -1509.531069]",-1393.06,258.416,-1425.35,-1556.3,-1226.28,0.0078125,0.0078125,-5.39075,-4.79178,8,-0.24854,
Shared-PPO vs centralized PPO (exploratory),Shared-PPO,Centralized PPO,cost_qos_penalty,Reward component: QoS penalty (cost),lower,8,1 7 13 23 42 64 77 99,"[-12866.611367, -4479.222394, -4246.473735, -11691.764591, 54.10293, -1266.714307, -21052.672575, -7993.657975]",-7942.88,7013.76,-6236.44,-12694.9,-3756.29,0.015625,0.015625,-1.13247,-1.00664,7,-0.847502,
Shared-PPO vs centralized PPO (exploratory),Shared-PPO,Centralized PPO,cost_switch_penalty,Reward component: switching penalty (cost),lower,8,1 7 13 23 42 64 77 99,"[2.996023, 5.233574, 2.996023, -7.547016, 5.347369, 5.385293, 3.906193, 2.88227]",2.64997,4.26419,3.45111,-0.412685,4.7075,0.117188,0.195312,0.621447,0.552397,1,0.795155,
Shared-PPO vs centralized PPO (exploratory),Shared-PPO,Centralized PPO,cost_cooldown_penalty,Reward component: cooldown penalty (cost),lower,8,1 7 13 23 42 64 77 99,"[10.5, 48.875, 22.625, -177.625, 52.5, 71.25, 42.5, 47.25]",14.7344,79.9074,44.875,-43.657,51.8281,0.695312,0.195312,0.184393,0.163905,1,0.329375,
