contrast,cluster,median,q1,q3,mean,min,max
MAPPO $-$ Shared-PPO (critic),0,2.96,-5.341,12.286,4.3635,-14.296,24.68
MAPPO $-$ Shared-PPO (critic),6,4.8695,-7.3955,29.681,13.4554,-23.575,77.313
MAPPO $-$ Shared-PPO (critic),7,28.7365,5.827,43.5185,21.9192,-28.548,56.513
MAPPO $-$ Shared-PPO (critic),4,3.9415,-0.79425,9.778,8.73788,-8.137,54.242
MAPPO $-$ Shared-PPO (critic),1,-2.736,-10.8967,1.42175,-2.09,-13.365,20.023
MAPPO $-$ Shared-PPO (critic),8,16.6635,8.306,19.178,10.4844,-17.64,21.134
MAPPO $-$ Shared-PPO (critic),5,37.1435,14.0825,41.1287,30.4,1.667,60.699
MAPPO $-$ Shared-PPO (critic),2,-0.438,-1.60075,0.943,2.40137,-27.607,48.913
MAPPO $-$ Shared-PPO (critic),3,0,0,0,0.051125,0,0.409
MAPPO $-$ Shared-PPO (critic),9,0,0,0,-6.82875,-54.63,0
Shared-PPO $-$ IPPO (sharing + impl.),0,46.159,32.9335,58.4632,45.8034,15.159,74.139
Shared-PPO $-$ IPPO (sharing + impl.),6,12.211,-2.68275,32.484,4.72475,-90.992,49.735
Shared-PPO $-$ IPPO (sharing + impl.),7,4.694,-18.1647,38.0025,13.4445,-44.907,96.038
Shared-PPO $-$ IPPO (sharing + impl.),4,9.8815,0.55725,20.6887,11.4047,-7.507,33.268
Shared-PPO $-$ IPPO (sharing + impl.),1,7.015,3.54,14.7495,9.50637,-3.797,27.258
Shared-PPO $-$ IPPO (sharing + impl.),8,-6.0105,-11.5542,3.2665,-2.98812,-15.261,16.516
Shared-PPO $-$ IPPO (sharing + impl.),5,29.7475,20.0185,35.3257,30.5111,-5.833,81.606
Shared-PPO $-$ IPPO (sharing + impl.),2,-19.186,-26.3117,-17.6513,-27.7411,-66.293,-17.38
Shared-PPO $-$ IPPO (sharing + impl.),3,0,0,0,2443.77,-0.409,19550.6
Shared-PPO $-$ IPPO (sharing + impl.),9,0,0,0.4975,0.5725,0,2.59
MAPPO $-$ IPPO (total),0,47.488,39.6408,58.1102,50.1669,9.306,92.521
MAPPO $-$ IPPO (total),6,28.092,-0.45275,37.299,18.1801,-23.543,44.155
MAPPO $-$ IPPO (total),7,22.9,15.0108,51.6975,35.3637,-4.806,99.777
MAPPO $-$ IPPO (total),4,22.215,7.87675,27.509,20.1426,-0.99,50.174
MAPPO $-$ IPPO (total),1,5.498,-7.53425,19.7415,7.41637,-8.731,28.069
MAPPO $-$ IPPO (total),8,9.0765,5.1365,11.6003,7.49625,-7.382,15.638
MAPPO $-$ IPPO (total),5,65.035,50.565,70.333,60.9111,35.05,83.273
MAPPO $-$ IPPO (total),2,-18.722,-25.7398,-18.3603,-25.3398,-46.518,-17.38
MAPPO $-$ IPPO (total),3,0,0,0,2443.82,0,19550.6
MAPPO $-$ IPPO (total),9,0,0,0.4975,-6.25625,-54.63,2.59
