group,controller,cluster,n_seeds,reward_mean,reward_std,reward_median,reward_min,reward_max,energy_wh_mean,energy_wh_std,energy_wh_median,energy_wh_min,energy_wh_max,qos_violation_rate_mean,qos_violation_rate_std,qos_violation_rate_median,qos_violation_rate_min,qos_violation_rate_max,usr_share_mean,usr_share_std,usr_share_median,usr_share_min,usr_share_max,switches_per_cluster_day_mean,switches_per_cluster_day_std,switches_per_cluster_day_median,switches_per_cluster_day_min,switches_per_cluster_day_max,cost_energy_term_mean,cost_energy_term_std,cost_energy_term_median,cost_energy_term_min,cost_energy_term_max,cost_qos_penalty_mean,cost_qos_penalty_std,cost_qos_penalty_median,cost_qos_penalty_min,cost_qos_penalty_max,cost_switch_penalty_mean,cost_switch_penalty_std,cost_switch_penalty_median,cost_switch_penalty_min,cost_switch_penalty_max,cost_cooldown_penalty_mean,cost_cooldown_penalty_std,cost_cooldown_penalty_median,cost_cooldown_penalty_min,cost_cooldown_penalty_max,mean_load_gbps_mean,mean_load_gbps_std,mean_load_gbps_median,mean_load_gbps_min,mean_load_gbps_max
baseline,Hysteresis (b=50 Mbps),0,1,-1008.05,,-1008.05,-1008.05,-1008.05,182.897,,182.897,182.897,182.897,0.00693756,,0.00693756,0.00693756,0.00693756,0.224975,,0.224975,0.224975,0.224975,2.18831,,2.18831,2.18831,2.18831,853.021,,853.021,853.021,853.021,154.449,,154.449,154.449,154.449,0.455095,,0.455095,0.455095,0.455095,0.125,,0.125,0.125,0.125,0.108036,,0.108036,0.108036,0.108036
baseline,Hysteresis (b=50 Mbps),1,1,-606.799,,-606.799,-606.799,-606.799,194.434,,194.434,194.434,194.434,0.0049554,,0.0049554,0.0049554,0.0049554,0.125867,,0.125867,0.125867,0.125867,1.90287,,1.90287,1.90287,1.90287,491.195,,491.195,491.195,491.195,115.225,,115.225,115.225,115.225,0.379246,,0.379246,0.379246,0.379246,0,,0,0,0,0.279146,,0.279146,0.279146,0.279146
baseline,Hysteresis (b=50 Mbps),2,1,-285.289,,-285.289,-285.289,-285.289,207.171,,207.171,207.171,207.171,0,,0,0,0,0,,0,0,0,0,,0,0,0,285.289,,285.289,285.289,285.289,0,,0,0,0,0,,0,0,0,0,,0,0,0,0.4517,,0.4517,0.4517,0.4517
baseline,Hysteresis (b=50 Mbps),3,1,-164.908,,-164.908,-164.908,-164.908,207.474,,207.474,207.474,207.474,0.00099108,,0.00099108,0.00099108,0.00099108,0,,0,0,0,0,,0,0,0,137.908,,137.908,137.908,137.908,27,,27,27,27,0,,0,0,0,0,,0,0,0,0.917791,,0.917791,0.917791,0.917791
baseline,Hysteresis (b=50 Mbps),4,1,-776.825,,-776.825,-776.825,-776.825,190.505,,190.505,190.505,190.505,0.00891972,,0.00891972,0.00891972,0.00891972,0.148662,,0.148662,0.148662,0.148662,2.09316,,2.09316,2.09316,2.09316,583.478,,583.478,583.478,583.478,192.304,,192.304,192.304,192.304,0.417171,,0.417171,0.417171,0.417171,0.625,,0.625,0.625,0.625,0.199088,,0.199088,0.199088,0.199088
baseline,Hysteresis (b=50 Mbps),5,1,-438.411,,-438.411,-438.411,-438.411,205.065,,205.065,205.065,205.065,0.00099108,,0.00099108,0.00099108,0.00099108,0.0188305,,0.0188305,0.0188305,0.0188305,0.380575,,0.380575,0.380575,0.380575,416.297,,416.297,416.297,416.297,22.0375,,22.0375,22.0375,22.0375,0.0758492,,0.0758492,0.0758492,0.0758492,0,,0,0,0,0.350913,,0.350913,0.350913,0.350913
baseline,Hysteresis (b=50 Mbps),6,1,-855.545,,-855.545,-855.545,-855.545,195.917,,195.917,195.917,195.917,0.00594648,,0.00594648,0.00594648,0.00594648,0.123885,,0.123885,0.123885,0.123885,2.28345,,2.28345,2.28345,2.28345,721.84,,721.84,721.84,721.84,132.374,,132.374,132.374,132.374,0.455095,,0.455095,0.455095,0.455095,0.875,,0.875,0.875,0.875,0.18226,,0.18226,0.18226,0.18226
baseline,Hysteresis (b=50 Mbps),7,1,-678.369,,-678.369,-678.369,-678.369,196.705,,196.705,196.705,196.705,0.00297324,,0.00297324,0.00297324,0.00297324,0.105055,,0.105055,0.105055,0.105055,1.71259,,1.71259,1.71259,1.71259,611.803,,611.803,611.803,611.803,66.2245,,66.2245,66.2245,66.2245,0.341321,,0.341321,0.341321,0.341321,0,,0,0,0,0.187329,,0.187329,0.187329,0.187329
baseline,Hysteresis (b=50 Mbps),8,1,-401.897,,-401.897,-401.897,-401.897,207.065,,207.065,207.065,207.065,0,,0,0,0,0,,0,0,0,0,,0,0,0,401.897,,401.897,401.897,401.897,0,,0,0,0,0,,0,0,0,0,,0,0,0,0.349685,,0.349685,0.349685,0.349685
baseline,Hysteresis (b=50 Mbps),9,1,-1046.04,,-1046.04,-1046.04,-1046.04,207.563,,207.563,207.563,207.563,0.03667,,0.03667,0.03667,0.03667,0,,0,0,0,0,,0,0,0,81.0105,,81.0105,81.0105,81.0105,965.031,,965.031,965.031,965.031,0,,0,0,0,0,,0,0,0,1.65876,,1.65876,1.65876,1.65876
baseline,always-DPDK,0,1,-1321.36,,-1321.36,-1321.36,-1321.36,206.765,,206.765,206.765,206.765,0,,0,0,0,0,,0,0,0,0,,0,0,0,1321.36,,1321.36,1321.36,1321.36,0,,0,0,0,0,,0,0,0,0,,0,0,0,0.108036,,0.108036,0.108036,0.108036
baseline,always-DPDK,1,1,-868.691,,-868.691,-868.691,-868.691,206.988,,206.988,206.988,206.988,0,,0,0,0,0,,0,0,0,0,,0,0,0,868.691,,868.691,868.691,868.691,0,,0,0,0,0,,0,0,0,0,,0,0,0,0.279146,,0.279146,0.279146,0.279146
baseline,always-DPDK,2,1,-285.289,,-285.289,-285.289,-285.289,207.171,,207.171,207.171,207.171,0,,0,0,0,0,,0,0,0,0,,0,0,0,285.289,,285.289,285.289,285.289,0,,0,0,0,0,,0,0,0,0,,0,0,0,0.4517,,0.4517,0.4517,0.4517
baseline,always-DPDK,3,1,-164.908,,-164.908,-164.908,-164.908,207.474,,207.474,207.474,207.474,0.00099108,,0.00099108,0.00099108,0.00099108,0,,0,0,0,0,,0,0,0,137.908,,137.908,137.908,137.908,27,,27,27,27,0,,0,0,0,0,,0,0,0,0.917791,,0.917791,0.917791,0.917791
baseline,always-DPDK,4,1,-955.91,,-955.91,-955.91,-955.91,206.89,,206.89,206.89,206.89,0,,0,0,0,0,,0,0,0,0,,0,0,0,955.91,,955.91,955.91,955.91,0,,0,0,0,0,,0,0,0,0,,0,0,0,0.199088,,0.199088,0.199088,0.199088
baseline,always-DPDK,5,1,-443.235,,-443.235,-443.235,-443.235,207.068,,207.068,207.068,207.068,0,,0,0,0,0,,0,0,0,0,,0,0,0,443.235,,443.235,443.235,443.235,0,,0,0,0,0,,0,0,0,0,,0,0,0,0.350913,,0.350913,0.350913,0.350913
baseline,always-DPDK,6,1,-956.036,,-956.036,-956.036,-956.036,206.861,,206.861,206.861,206.861,0,,0,0,0,0,,0,0,0,0,,0,0,0,956.036,,956.036,956.036,956.036,0,,0,0,0,0,,0,0,0,0,,0,0,0,0.18226,,0.18226,0.18226,0.18226
baseline,always-DPDK,7,1,-757.714,,-757.714,-757.714,-757.714,206.88,,206.88,206.88,206.88,0,,0,0,0,0,,0,0,0,0,,0,0,0,757.714,,757.714,757.714,757.714,0,,0,0,0,0,,0,0,0,0,,0,0,0,0.187329,,0.187329,0.187329,0.187329
baseline,always-DPDK,8,1,-401.897,,-401.897,-401.897,-401.897,207.065,,207.065,207.065,207.065,0,,0,0,0,0,,0,0,0,0,,0,0,0,401.897,,401.897,401.897,401.897,0,,0,0,0,0,,0,0,0,0,,0,0,0,0.349685,,0.349685,0.349685,0.349685
baseline,always-DPDK,9,1,-1046.04,,-1046.04,-1046.04,-1046.04,207.563,,207.563,207.563,207.563,0.03667,,0.03667,0.03667,0.03667,0,,0,0,0,0,,0,0,0,81.0105,,81.0105,81.0105,81.0105,965.031,,965.031,965.031,965.031,0,,0,0,0,0,,0,0,0,1.65876,,1.65876,1.65876,1.65876
legacy,"legacy Centralized PPO (central_nr, June+Aug)",0,7,-4217.68,2038.58,-5640.55,-5658.82,-1321.36,220.169,11.3768,223.495,206.765,230.768,0.146538,0.102433,0.217047,0,0.217047,0.689509,0.473007,0.946482,0,1,2.07957,3.92688,0,0,10.1804,984.34,230.627,859.845,821.808,1321.36,3227.6,2256.19,4780.71,0,4780.71,0.417182,0.789156,2.06e-05,0,2.04793,5.32143,11.1287,0,0,29.75,0.108036,0,0.108036,0.108036,0.108036
legacy,"legacy Centralized PPO (central_nr, June+Aug)",1,7,-1449.46,1108.7,-913.991,-3816.12,-735.525,207.045,8.92482,206.988,197.35,225.235,0.0345462,0.0538551,0.00594648,0,0.145689,0.127283,0.150406,0.074331,0,0.383548,2.05239,2.26877,2.37859,0,6.18434,667.841,191.723,594.945,483.065,869.304,777.43,1216.4,137.337,0,3293.79,0.422588,0.457946,0.49302,0,1.25151,3.76786,6.24935,2.5,0,17.625,0.279146,0,0.279146,0.279146,0.279146
legacy,"legacy Centralized PPO (central_nr, June+Aug)",2,7,-285.289,4.01944e-14,-285.289,-285.289,-285.289,207.171,2.32062e-14,207.171,207.171,207.171,0,0,0,0,0,0,0,0,0,0,0,0,0,0,0,285.289,4.01944e-14,285.289,285.289,285.289,0,0,0,0,0,0,0,0,0,0,0,0,0,0,0,0.4517,0,0.4517,0.4517,0.4517
legacy,"legacy Centralized PPO (central_nr, June+Aug)",3,7,-164.908,0,-164.908,-164.908,-164.908,207.474,1.64093e-14,207.474,207.474,207.474,0.00099108,0,0.00099108,0.00099108,0.00099108,0,0,0,0,0,0,0,0,0,0,137.908,0,137.908,137.908,137.908,27,0,27,27,27,0,0,0,0,0,0,0,0,0,0,0.917791,0,0.917791,0.917791,0.917791
legacy,"legacy Centralized PPO (central_nr, June+Aug)",4,7,-3777.75,4668.04,-1026.22,-10689,-955.91,237.817,56.7609,207.15,193.748,329.9,0.122469,0.197767,0.0148662,0,0.43112,0.208552,0.312593,0.0198216,0,0.806739,4.02322,5.78494,1.33201,0,15.9841,894.638,168.449,955.91,603.599,1100.62,2872.18,4645.99,324.566,0,9952.63,0.807252,1.15441,0.265472,0,3.18567,10.125,17.3005,2,0,47.5,0.199088,0,0.199088,0.199088,0.199088
legacy,"legacy Centralized PPO (central_nr, June+Aug)",5,7,-590.68,390.102,-443.235,-1475.35,-443.235,207.559,1.29989,207.068,207.068,210.507,0.00707914,0.0187297,0,0,0.049554,0.0226533,0.0599349,0,0,0.158573,0.312615,0.827102,0,0,2.18831,433.273,26.358,443.235,373.499,443.235,157.163,415.815,0,0,1100.14,0.0650136,0.17201,0,0,0.455095,0.178571,0.472456,0,0,1.25,0.350913,0,0.350913,0.350913,0.350913
legacy,"legacy Centralized PPO (central_nr, June+Aug)",6,7,-3260.63,4104.09,-1011.16,-11944.3,-956.036,234.347,56.7671,207.463,206.861,361.112,0.0979754,0.171666,0.00198216,0,0.455897,0.207702,0.346477,0.00099108,0,0.81665,2.66402,3.80297,0.190287,0,9.99009,938.651,128.037,956.036,674.831,1101.73,2314.99,4069.12,54,0,10829.8,0.530947,0.762277,0.0379246,0,2.01,6.46429,9.44962,0.5,0,25,0.18226,0,0.18226,0.18226,0.18226
legacy,"legacy Centralized PPO (central_nr, June+Aug)",7,7,-3262.76,4914.36,-923.382,-13921.7,-757.714,232.8,59.6175,206.88,199.734,365.762,0.109302,0.209273,0.011893,0,0.55996,0.228656,0.372109,0.0099108,0,0.962339,2.51451,3.37094,0.951437,0,8.65808,728.197,76.7348,757.714,617.005,820.328,2528.08,4881.72,269.562,0,13084,0.503858,0.677611,0.189623,0,1.74453,5.98214,9.07849,1.5,0,21.75,0.187329,0,0.187329,0.187329,0.187329
legacy,"legacy Centralized PPO (central_nr, June+Aug)",8,7,-401.897,0,-401.897,-401.897,-401.897,207.065,0,207.065,207.065,207.065,0,0,0,0,0,0,0,0,0,0,0,0,0,0,0,401.897,0,401.897,401.897,401.897,0,0,0,0,0,0,0,0,0,0,0,0,0,0,0,0.349685,0,0.349685,0.349685,0.349685
legacy,"legacy Centralized PPO (central_nr, June+Aug)",9,7,-1046.04,1.8565e-13,-1046.04,-1046.04,-1046.04,207.563,0,207.563,207.563,207.563,0.03667,0,0.03667,0.03667,0.03667,0,0,0,0,0,0,0,0,0,0,81.0105,0,81.0105,81.0105,81.0105,965.031,1.8565e-13,965.031,965.031,965.031,0,0,0,0,0,0,0,0,0,0,1.65876,0,1.65876,1.65876,1.65876
legacy,legacy Centralized PPO (v0.4 re-scored set),0,4,-2231.29,926.926,-2041.71,-3520.36,-1321.36,207.742,16.5663,209.689,185.908,225.684,0.0460852,0.0402782,0.0436075,0,0.0971259,0.177403,0.22142,0.109019,0,0.491576,5.9227,4.32136,6.70763,0,10.2755,1195.62,268.576,1326.76,792.869,1336.12,1022.2,896.833,964.731,0,2159.32,1.18515,0.863364,1.34632,0,2.04795,12.2812,10.1982,13.125,0,22.875,0.108036,0,0.108036,0.108036,0.108036
legacy,legacy Centralized PPO (v0.4 re-scored set),1,4,-932.121,126.86,-868.691,-1122.41,-868.691,204.665,4.64652,206.988,197.695,206.988,0.00693756,0.0138751,0,0,0.0277502,0.0386521,0.0773043,0,0,0.154609,1.26065,2.52131,0,0,5.04262,774.705,187.972,868.691,492.747,868.691,154.097,308.195,0,0,616.39,0.255991,0.511982,0,0,1.02396,3.0625,6.125,0,0,12.25,0.279146,0,0.279146,0.279146,0.279146
legacy,legacy Centralized PPO (v0.4 re-scored set),2,4,-285.289,0,-285.289,-285.289,-285.289,207.171,0,207.171,207.171,207.171,0,0,0,0,0,0,0,0,0,0,0,0,0,0,0,285.289,0,285.289,285.289,285.289,0,0,0,0,0,0,0,0,0,0,0,0,0,0,0,0.4517,0,0.4517,0.4517,0.4517
legacy,legacy Centralized PPO (v0.4 re-scored set),3,4,-164.908,0,-164.908,-164.908,-164.908,207.474,1.64093e-14,207.474,207.474,207.474,0.00099108,0,0.00099108,0.00099108,0.00099108,0,0,0,0,0,0,0,0,0,0,137.908,0,137.908,137.908,137.908,27,0,27,27,27,0,0,0,0,0,0,0,0,0,0,0.917791,0,0.917791,0.917791,0.917791
legacy,legacy Centralized PPO (v0.4 re-scored set),4,4,-2014.4,1703.76,-1270.72,-4560.23,-955.91,209.263,13.1095,208.395,194.192,226.068,0.0547572,0.0796793,0.0232904,0,0.172448,0.166997,0.198725,0.127849,0,0.412289,3.44896,4.72688,1.76016,0,10.2755,769.487,218.739,778.345,560.419,960.84,1238.87,1824.6,508.296,0,3938.9,0.692124,0.941455,0.360284,0,2.04793,5.34375,8.80422,1.4375,0,18.5,0.199088,0,0.199088,0.199088,0.199088
legacy,legacy Centralized PPO (v0.4 re-scored set),5,4,-443.235,0,-443.235,-443.235,-443.235,207.068,0,207.068,207.068,207.068,0,0,0,0,0,0,0,0,0,0,0,0,0,0,0,443.235,0,443.235,443.235,443.235,0,0,0,0,0,0,0,0,0,0,0,0,0,0,0,0.350913,0,0.350913,0.350913,0.350913
legacy,legacy Centralized PPO (v0.4 re-scored set),6,4,-3663.99,5361.74,-996.757,-11706.4,-956.036,239.451,71.3114,206.861,197.853,346.228,0.117939,0.226721,0.00693756,0,0.457879,0.287413,0.47042,0.0832507,0,0.983152,1.16551,1.35976,1.04658,0,2.56888,861.246,118.587,889.195,710.561,956.036,2800.63,5387.66,161.818,0,10878.9,0.237034,0.277615,0.208596,0,0.530944,1.875,2.31391,1.375,0,4.75,0.18226,0,0.18226,0.18226,0.18226
legacy,legacy Centralized PPO (v0.4 re-scored set),7,4,-2721.64,2262.02,-2074.89,-5979.07,-757.714,221.568,22.1387,212.521,206.88,254.35,0.0891972,0.101791,0.0609514,0,0.234886,0.240337,0.264107,0.198712,0,0.563925,3.73439,2.86104,3.99604,0,6.94549,689.219,87.2937,705.449,582.591,763.387,2024.76,2303.2,1387.95,0,5323.14,0.758492,0.57848,0.815379,0,1.40321,6.90625,9.05157,3.8125,0,20,0.187329,0,0.187329,0.187329,0.187329
legacy,legacy Centralized PPO (v0.4 re-scored set),8,4,-956.385,1108.98,-401.897,-2619.85,-401.897,218.004,21.879,207.065,207.065,250.823,0.0200694,0.0401388,0,0,0.0802775,0.0173439,0.0346878,0,0,0.0693756,0.52329,1.04658,0,0,2.09316,409.281,14.7677,401.897,401.897,431.433,546.75,1093.5,0,0,2187,0.104293,0.208585,0,0,0.417171,0.25,0.5,0,0,1,0.349685,0,0.349685,0.349685,0.349685
legacy,legacy Centralized PPO (v0.4 re-scored set),9,4,-1046.04,2.62549e-13,-1046.04,-1046.04,-1046.04,207.563,1.64093e-14,207.563,207.563,207.563,0.03667,0,0.03667,0.03667,0.03667,0,0,0,0,0,0,0,0,0,0,81.0105,0,81.0105,81.0105,81.0105,965.031,1.8565e-13,965.031,965.031,965.031,0,0,0,0,0,0,0,0,0,0,1.65876,0,1.65876,1.65876,1.65876
legacy,"legacy IPPO (ippo_nr, paper Table I)",0,8,-878.741,24.13,-871.972,-917.765,-854.824,176.078,1.70416,176.452,173.433,177.936,0.00371655,0.00102587,0.00396432,0.00198216,0.0049554,0.263751,0.0217098,0.258176,0.234886,0.299306,4.30525,1.46847,3.90089,2.75917,6.37463,791.612,14.8671,795.729,768.749,807.904,81.3455,22.8058,82.6708,44.1123,110.337,0.877006,0.292668,0.796417,0.568869,1.28944,4.90625,4.02323,3.5625,0.75,11.25,0.108036,0,0.108036,0.108036,0.108036
legacy,"legacy IPPO (ippo_nr, paper Table I)",1,8,-540.127,7.37763,-538.883,-549.757,-528.004,192.448,0.796451,192.459,191.034,193.417,0.00297324,0,0.00297324,0.00297324,0.00297324,0.119054,0.00841689,0.116947,0.11001,0.134787,3.02081,0.188581,3.0446,2.85431,3.42517,465.803,7.46804,464.602,453.535,475.701,71.1123,5.3712e-15,71.1123,71.1123,71.1123,0.602053,0.0375845,0.606794,0.568869,0.682643,2.60938,0.497483,2.5625,1.875,3.625,0.279146,0,0.279146,0.279146,0.279146
legacy,"legacy IPPO (ippo_nr, paper Table I)",2,8,-288.195,8.21871,-285.289,-308.535,-285.289,207.167,0.0134499,207.171,207.133,207.171,0.000123885,0.0003504,0,0,0.00099108,0.000371655,0.0010512,0,0,0.00297324,0.0713578,0.20183,0,0,0.570862,285.234,0.156482,285.289,284.847,285.289,2.75935,7.80463,0,0,22.0748,0.0142217,0.0402251,0,0,0.113774,0.1875,0.53033,0,0,1.5,0.4517,0,0.4517,0.4517,0.4517
legacy,"legacy IPPO (ippo_nr, paper Table I)",3,8,-211.553,114.774,-164.908,-492.898,-164.908,208.424,2.58981,207.474,207.474,214.83,0.00272547,0.00416287,0.00099108,0.00099108,0.012884,0.00148662,0.00382012,0,0,0.0109019,0.0475719,0.088086,0,0,0.190287,138.467,1.38276,137.908,137.908,141.86,73.014,113.379,27,27,351,0.00948115,0.0175557,0,0,0.0379246,0.0625,0.176777,0,0,0.5,0.917791,0,0.917791,0.917791,0.917791
legacy,"legacy IPPO (ippo_nr, paper Table I)",4,8,-661.78,17.9979,-671.65,-675.904,-630.72,187.793,0.437512,187.746,187.322,188.429,0.00433598,0.000907954,0.0049554,0.00297324,0.0049554,0.140857,0.00677253,0.143211,0.130823,0.148662,2.85431,0.454874,2.75917,2.47374,3.80575,562.084,3.87371,561.996,557.291,569.563,96.5027,20.2233,110.299,66.1498,110.299,0.568869,0.0906571,0.549907,0.49302,0.758492,2.625,1.92725,2.3125,1,6.875,0.199088,0,0.199088,0.199088,0.199088
legacy,"legacy IPPO (ippo_nr, paper Table I)",5,8,-415.174,15.9359,-410.873,-443.886,-390.778,203.669,1.45459,204.325,201.052,204.873,0.000867195,0.000982191,0.00049554,0,0.00198216,0.0310951,0.0140753,0.0272547,0.0178394,0.0555005,0.927651,0.481796,0.856293,0.380575,1.5223,394.984,17.1095,402.313,365.82,410.482,19.3015,21.8587,11.0374,0,44.1123,0.184882,0.0960228,0.170661,0.0758492,0.303397,0.703125,0.654441,0.625,0,2,0.350913,0,0.350913,0.350913,0.350913
legacy,"legacy IPPO (ippo_nr, paper Table I)",6,8,-730.672,19.9607,-733.85,-761.733,-697.674,190.695,1.64515,190.404,188.868,193.74,0.00284936,0.00144474,0.00297324,0.00099108,0.0049554,0.130451,0.0206464,0.131814,0.0951437,0.153617,4.70961,0.812112,4.47175,3.61546,6.27948,652.94,25.8334,644.147,628.368,699.323,68.3249,36.5361,71.0749,22.0375,120.15,0.938634,0.161855,0.891228,0.720567,1.25151,8.46875,3.19231,7.9375,4.25,15.375,0.18226,0,0.18226,0.18226,0.18226
legacy,"legacy IPPO (ippo_nr, paper Table I)",7,8,-643.108,36.2851,-636.091,-712.773,-602.796,193.04,1.36482,193.384,190.729,194.657,0.00297324,0.00205173,0.0024777,0.00099108,0.00693756,0.125124,0.0239491,0.116947,0.104063,0.173439,3.52032,0.393932,3.42517,3.0446,4.18632,567.875,10.9717,570.717,548.966,581.135,68.0621,47.7475,55.1871,22.0748,159.412,0.701605,0.0785114,0.682643,0.606794,0.834341,6.46875,2.38368,5.9375,3.75,10.5,0.187329,0,0.187329,0.187329,0.187329
legacy,"legacy IPPO (ippo_nr, paper Table I)",8,8,-394.81,7.10005,-394.778,-401.897,-384.811,206.49,0.582943,206.487,205.544,207.065,0,0,0,0,0,0.00483152,0.00480991,0.00445986,0,0.011893,0.428147,0.463324,0.380575,0,1.33201,393.881,7.86967,393.503,381.671,401.897,0,0,0,0,0,0.0853303,0.0923413,0.0758492,0,0.265472,0.84375,1.03887,0.4375,0,2.875,0.349685,0,0.349685,0.349685,0.349685
legacy,"legacy IPPO (ippo_nr, paper Table I)",9,8,-1049.48,9.7105,-1046.04,-1073.51,-1046.04,207.816,0.714623,207.563,207.563,209.584,0.0367939,0.0003504,0.03667,0.03667,0.0376611,0.000371655,0.0010512,0,0,0.00297324,0.0237859,0.0672768,0,0,0.190287,81.0327,0.0627656,81.0105,81.0105,81.188,968.406,9.54594,965.031,965.031,992.031,0.00474058,0.0134084,0,0,0.0379246,0.03125,0.0883883,0,0,0.25,1.65876,0,1.65876,1.65876,1.65876
legacy,legacy IPPO (v0.4 re-scored set),0,8,-881.136,29.9587,-869.688,-922.634,-845.671,176.648,1.29623,176.943,173.614,177.591,0.00371655,0.00173692,0.00297324,0.00198216,0.00693756,0.257309,0.0216094,0.253717,0.240833,0.308226,3.75818,1.03602,3.52032,2.56888,5.80377,795.668,11.3082,797.412,770.067,805.476,81.3408,35.8114,66.1871,44.1123,143.267,0.767973,0.206481,0.720567,0.530944,1.17566,3.35938,2.58812,2.75,0.25,8.125,0.108036,0,0.108036,0.108036,0.108036
legacy,legacy IPPO (v0.4 re-scored set),1,8,-542.949,8.05822,-542.184,-553.281,-534.143,192.555,1.02351,192.432,190.992,193.836,0.00297324,0,0.00297324,0.00297324,0.00297324,0.117815,0.0108106,0.117443,0.103072,0.131814,3.33003,0.610277,3.13974,2.66402,4.5669,467.095,9.67417,465.952,452.246,478.936,71.1123,1.42109e-14,71.1123,71.1123,71.1123,0.663681,0.121629,0.625756,0.530944,0.91019,4.07812,2.6834,3.4375,1.625,9.875,0.279146,0,0.279146,0.279146,0.279146
legacy,legacy IPPO (v0.4 re-scored set),2,8,-293.831,24.1601,-285.289,-353.624,-285.289,207.238,0.18752,207.171,207.171,207.702,0.000371655,0.0010512,0,0,0.00297324,0.000371655,0.0010512,0,0,0.00297324,0.0475719,0.134554,0,0,0.380575,285.439,0.423235,285.289,285.289,286.486,8.27339,23.4007,0,0,66.1871,0.00948115,0.0268167,0,0,0.0758492,0.109375,0.309359,0,0,0.875,0.4517,0,0.4517,0.4517,0.4517
legacy,legacy IPPO (v0.4 re-scored set),3,8,-164.908,0,-164.908,-164.908,-164.908,207.474,2.63134e-14,207.474,207.474,207.474,0.00099108,0,0.00099108,0.00099108,0.00099108,0,0,0,0,0,0,0,0,0,0,137.908,0,137.908,137.908,137.908,27,0,27,27,27,0,0,0,0,0,0,0,0,0,0,0.917791,0,0.917791,0.917791,0.917791
legacy,legacy IPPO (v0.4 re-scored set),4,8,-659.522,20.0737,-653.32,-694.43,-633.278,187.871,0.439043,187.797,187.401,188.832,0.00421209,0.00102587,0.00396432,0.00297324,0.00594648,0.14061,0.00578955,0.141229,0.12884,0.148662,2.44995,0.188581,2.47374,2.28345,2.85431,564.259,3.57426,563.646,560.687,572.075,93.7433,22.8496,88.2246,66.1498,132.374,0.488279,0.0375845,0.49302,0.455095,0.568869,1.03125,0.456843,0.9375,0.625,1.875,0.199088,0,0.199088,0.199088,0.199088
legacy,legacy IPPO (v0.4 re-scored set),5,8,-414.727,16.4207,-413.186,-436.917,-382.096,202.431,1.24371,202.338,200.868,204.836,0.00148662,0.000917562,0.00148662,0,0.00297324,0.0421209,0.0116546,0.0406343,0.024777,0.0574827,1.21308,0.351425,1.04658,0.951437,1.90287,380.645,13.4711,379.359,364.91,406.615,33.0749,20.4143,33.0749,0,66.1498,0.241769,0.0700396,0.208585,0.189623,0.379246,0.765625,0.492975,0.625,0.375,1.875,0.350913,0,0.350913,0.350913,0.350913
legacy,legacy IPPO (v0.4 re-scored set),6,8,-741.031,30.5329,-740.378,-780.089,-700.702,190.352,0.846607,190.102,189.559,192.147,0.00359267,0.00117714,0.00297324,0.00198216,0.0049554,0.138008,0.0106841,0.140733,0.121903,0.151635,4.555,0.660033,4.66204,3.23489,5.32805,647.52,16.4699,642.471,636.129,686.294,85.492,30.0368,71.0936,44.0749,120.15,0.91019,0.134466,0.929153,0.644718,1.06189,7.10938,2.49771,6.875,3,11,0.18226,0,0.18226,0.18226,0.18226
legacy,legacy IPPO (v0.4 re-scored set),7,8,-635.414,21.3892,-635.711,-667.739,-599.749,194.027,1.06041,194.178,192.726,195.307,0.00222993,0.00102587,0.00198216,0.00099108,0.00396432,0.109143,0.0122354,0.106046,0.0951437,0.124876,3.44896,0.822791,3.0446,2.66402,5.13776,576.851,9.90387,579.14,565.506,586.769,51.5153,25.091,44.1497,22.0748,93.2245,0.687383,0.163984,0.606794,0.530944,1.02396,6.35938,3.66659,5.0625,2.625,14.125,0.187329,0,0.187329,0.187329,0.187329
legacy,legacy IPPO (v0.4 re-scored set),8,8,-397.923,7.60186,-396.172,-411.424,-384.789,206.513,0.462374,206.573,205.813,207.065,0.000123885,0.0003504,0,0,0.00099108,0.00470763,0.00406049,0.00396432,0,0.011893,0.404361,0.372851,0.380575,0,0.951437,394.275,6.23658,395.023,384.588,401.897,2.75468,7.79142,0,0,22.0375,0.0805898,0.0743098,0.0758492,0,0.189623,0.8125,1.0133,0.4375,0,2.5,0.349685,0,0.349685,0.349685,0.349685
legacy,legacy IPPO (v0.4 re-scored set),9,8,-1057.2,31.5522,-1046.04,-1135.28,-1046.04,208.488,2.61654,207.563,207.563,214.964,0.0370416,0.0010512,0.03667,0.03667,0.0396432,0.00136274,0.0038544,0,0,0.0109019,0.0951437,0.269107,0,0,0.76115,81.0959,0.241751,81.0105,81.0105,81.6942,975.895,30.7265,965.031,965.031,1051.94,0.0189623,0.0536335,0,0,0.151698,0.1875,0.53033,0,0,1.5,1.65876,0,1.65876,1.65876,1.65876
legacy,"legacy MAPPO (mappo_nr, June)",0,3,-820.098,3.65133,-818.135,-824.311,-817.849,177.724,2.26323,178.568,175.16,179.443,0.00033036,0.0005722,0,0,0.00099108,0.215725,0.027543,0.206145,0.194252,0.246779,6.40634,1.04802,5.89891,5.70862,7.6115,798.338,17.6932,805.122,778.257,811.635,7.35828,12.7449,0,0,22.0748,1.27679,0.208872,1.17566,1.13774,1.51698,13.125,2.49687,11.875,11.5,16,0.108036,0,0.108036,0.108036,0.108036
legacy,"legacy MAPPO (mappo_nr, June)",1,3,-535.278,8.38083,-531.17,-544.92,-529.744,192.188,1.34534,192.399,190.749,193.414,0.00264288,0.0005722,0.00297324,0.00198216,0.00297324,0.110671,0.0156808,0.107037,0.0971259,0.127849,4.50347,0.290669,4.5669,4.18632,4.75719,460.697,10.723,461.61,449.547,470.935,63.7665,12.7233,71.1123,49.0748,71.1123,0.897549,0.0579308,0.91019,0.834341,0.948115,9.91667,1.52753,10.25,8.25,11.25,0.279146,0,0.279146,0.279146,0.279146
legacy,"legacy MAPPO (mappo_nr, June)",2,3,-303.105,0.754612,-302.669,-303.976,-302.669,206.669,0.0712502,206.628,206.628,206.752,0.00099108,0,0.00099108,0.00099108,0.00099108,0.00462504,0.0005722,0.0049554,0.00396432,0.0049554,0.76115,0,0.76115,0.76115,0.76115,278.999,0.682443,278.605,278.605,279.787,22.0375,6.15348e-15,22.0375,22.0375,22.0375,0.151698,0,0.151698,0.151698,0.151698,1.91667,0.0721688,1.875,1.875,2,0.4517,0,0.4517,0.4517,0.4517
legacy,"legacy MAPPO (mappo_nr, June)",3,3,-164.908,0,-164.908,-164.908,-164.908,207.474,2.00972e-14,207.474,207.474,207.474,0.00099108,0,0.00099108,0.00099108,0.00099108,0,0,0,0,0,0,0,0,0,0,137.908,0,137.908,137.908,137.908,27,0,27,27,27,0,0,0,0,0,0,0,0,0,0,0.917791,0,0.917791,0.917791,0.917791
legacy,"legacy MAPPO (mappo_nr, June)",4,3,-643.592,18.0521,-651.659,-656.204,-622.913,186.776,0.925739,186.971,185.769,187.589,0.00396432,0.00099108,0.00396432,0.00297324,0.0049554,0.144037,0.011271,0.140733,0.134787,0.156591,4.18632,0.570862,4.18632,3.61546,4.75719,545.991,6.42158,547.179,539.059,551.736,88.2246,22.0748,88.2246,66.1498,110.299,0.834341,0.113774,0.834341,0.720567,0.948115,8.54167,2.31953,8.75,6.125,10.75,0.199088,0,0.199088,0.199088,0.199088
legacy,"legacy MAPPO (mappo_nr, June)",5,3,-370.724,9.99055,-365.419,-382.248,-364.505,200.507,0.469725,200.61,199.994,200.916,0.00033036,0.0005722,0,0,0.00099108,0.0528576,0.0060556,0.0515362,0.0475719,0.0594648,2.15659,0.109862,2.09316,2.09316,2.28345,359.115,3.06208,360.338,355.631,361.377,7.34582,12.7233,0,0,22.0375,0.429812,0.0218958,0.417171,0.417171,0.455095,3.83333,0.260208,3.75,3.625,4.125,0.350913,0,0.350913,0.350913,0.350913
legacy,"legacy MAPPO (mappo_nr, June)",6,3,-741.939,12.1385,-743.363,-753.303,-729.151,189.989,1.29035,190.21,188.603,191.155,0.00396432,0,0.00396432,0.00396432,0.00396432,0.126198,0.0158056,0.121903,0.112983,0.143707,6.27948,0.190287,6.27948,6.0892,6.46977,633.242,10.6196,633.336,622.575,643.814,93.1124,1.74047e-14,93.1124,93.1124,93.1124,1.25151,0.0379246,1.25151,1.21359,1.28944,14.3333,1.82146,15.125,12.25,15.625,0.18226,0,0.18226,0.18226,0.18226
legacy,"legacy MAPPO (mappo_nr, June)",7,3,-605.085,6.60267,-604.839,-611.807,-598.609,192.87,0.950235,193.014,191.857,193.741,0.00132144,0.0005722,0.00099108,0.00099108,0.00198216,0.114965,0.0126533,0.111992,0.104063,0.12884,3.67889,0.219725,3.80575,3.42517,3.80575,563.202,6.85099,563.85,556.05,569.706,34.3583,12.7449,27,27,49.0748,0.733209,0.0437916,0.758492,0.682643,0.758492,6.79167,0.71078,7,6,7.375,0.187329,0,0.187329,0.187329,0.187329
legacy,"legacy MAPPO (mappo_nr, June)",8,3,-396.925,8.43625,-394.878,-406.197,-389.701,203.8,0.624017,203.977,203.107,204.317,0.00132144,0.0005722,0.00099108,0.00099108,0.00198216,0.0267592,0.00693756,0.0237859,0.0218038,0.0346878,2.34688,0.290669,2.28345,2.09316,2.66402,360.741,5.63672,361.622,354.716,365.886,29.3833,12.7233,22.0375,22.0375,44.0749,0.467737,0.0579308,0.455095,0.417171,0.530944,6.33333,0.64145,6.5,5.625,6.875,0.349685,0,0.349685,0.349685,0.349685
legacy,"legacy MAPPO (mappo_nr, June)",9,3,-1122.79,132.94,-1046.04,-1276.3,-1046.04,210.928,5.82878,207.563,207.563,217.659,0.0393129,0.0045776,0.03667,0.03667,0.0445986,0.0049554,0.00858301,0,0,0.0148662,0.444004,0.769037,0,0,1.33201,81.354,0.595004,81.0105,81.0105,82.041,1040.48,130.676,965.031,965.031,1191.37,0.0884907,0.15327,0,0,0.265472,0.875,1.51554,0,0,2.625,1.65876,0,1.65876,1.65876,1.65876
legacy,legacy MAPPO (v0.4 re-scored set),0,8,-821.651,10.7834,-825.101,-832.484,-800.002,178.239,2.66515,179.336,173.19,180.426,0.00024777,0.0007008,0,0,0.00198216,0.211224,0.0317916,0.197721,0.185332,0.273538,5.97027,1.37947,5.51833,4.5669,8.56293,803.244,21.2873,811.866,763.701,820.51,5.51404,15.5961,0,0,44.1123,1.18988,0.27493,1.09981,0.91019,1.70661,11.7031,4.2751,10.5,6.5,19.875,0.108036,0,0.108036,0.108036,0.108036
legacy,legacy MAPPO (v0.4 re-scored set),1,8,-530.209,6.76642,-530.398,-538.801,-520.287,192.527,1.31161,192.706,189.995,193.832,0.00235382,0.000512933,0.00198216,0.00198216,0.00297324,0.107037,0.0162074,0.103568,0.0921705,0.139742,4.11497,0.379724,4.09118,3.61546,4.75719,463.675,10.284,465,444.631,473.826,57.3389,11.4055,49.0748,49.0748,71.1123,0.820119,0.0756797,0.815379,0.720567,0.948115,8.375,1.83955,8.0625,6.125,11.25,0.279146,0,0.279146,0.279146,0.279146
legacy,legacy MAPPO (v0.4 re-scored set),2,8,-322.742,24.3135,-317.29,-373.653,-303.443,206.724,0.172421,206.803,206.432,206.923,0.00173439,0.00102587,0.00148662,0.00099108,0.00396432,0.00458375,0.00259188,0.00346878,0.00198216,0.0099108,0.737364,0.328605,0.666006,0.380575,1.33201,279.695,1.67555,280.407,277.075,281.637,41.0562,24.9445,35.5375,22.0375,93.1871,0.146958,0.0654915,0.132736,0.0758492,0.265472,1.84375,0.766922,1.75,0.875,3.125,0.4517,0,0.4517,0.4517,0.4517
legacy,legacy MAPPO (v0.4 re-scored set),3,8,-164.908,3.03841e-14,-164.908,-164.908,-164.908,207.474,4.80415e-14,207.474,207.474,207.474,0.00099108,0,0.00099108,0.00099108,0.00099108,0,0,0,0,0,0,0,0,0,0,137.908,3.03841e-14,137.908,137.908,137.908,27,0,27,27,27,0,0,0,0,0,0,0,0,0,0,0.917791,0,0.917791,0.917791,0.917791
legacy,legacy MAPPO (v0.4 re-scored set),4,8,-640.051,14.0076,-638.206,-665.721,-620.178,187.015,1.05782,186.87,185.273,188.562,0.00371655,0.000878499,0.00346878,0.00297324,0.0049554,0.14222,0.0122647,0.142716,0.125867,0.164519,4.13875,0.377162,4.28147,3.42517,4.5669,548.176,8.23357,546.697,535.117,560.719,82.7059,19.5673,77.1872,66.1498,110.299,0.82486,0.0751689,0.853303,0.682643,0.91019,8.34375,2.03622,8.9375,4.375,10.5,0.199088,0,0.199088,0.199088,0.199088
legacy,legacy MAPPO (v0.4 re-scored set),5,8,-378.471,18.6445,-371.538,-420.112,-363.42,200.638,0.815471,200.795,198.968,201.462,0.000619425,0.0010512,0,0,0.00297324,0.0525273,0.0108438,0.049554,0.0426165,0.0763132,2.04559,0.495687,1.90287,1.5223,3.0446,360.863,6.81645,361.622,347.48,368.809,13.7781,23.3862,0,0,66.1498,0.407689,0.0987913,0.379246,0.303397,0.606794,3.42188,1.42199,3,1.625,5.875,0.350913,0,0.350913,0.350913,0.350913
legacy,legacy MAPPO (v0.4 re-scored set),6,8,-730.411,16.4519,-733.975,-747.886,-693.661,189.978,1.50451,190.241,187.136,191.617,0.00346878,0.000917562,0.00346878,0.00198216,0.0049554,0.127478,0.0178547,0.125372,0.111001,0.163528,6.30327,0.822791,5.99405,5.13776,7.42121,633.563,13.6895,636.856,609.42,651.089,80.8577,22.8561,79.6311,44.0749,120.112,1.25625,0.163984,1.19462,1.02396,1.47906,14.7344,2.75036,14.5625,10.625,18.125,0.18226,0,0.18226,0.18226,0.18226
legacy,legacy MAPPO (v0.4 re-scored set),7,8,-614.228,28.5443,-611.019,-673.475,-576.398,193.057,1.21806,193.18,190.656,194.274,0.00173439,0.00147477,0.00148662,0,0.0049554,0.113231,0.0149345,0.110505,0.099108,0.143707,3.68682,0.618173,3.42517,3.23489,4.94747,564.954,9.84258,566.952,545.602,574.75,41.6952,34.4357,38.0187,0,115.262,0.734789,0.123203,0.682643,0.644718,0.98604,6.84375,2.33925,6.125,4.875,11.625,0.187329,0,0.187329,0.187329,0.187329
legacy,legacy MAPPO (v0.4 re-scored set),8,8,-398.521,12.0989,-396.033,-422.984,-386.773,203.903,0.786838,204.069,202.431,204.687,0.00136274,0.000737387,0.00099108,0.00099108,0.00297324,0.0265114,0.00950242,0.0232904,0.0178394,0.0455897,2.28345,0.393932,2.09316,1.90287,2.85431,361.901,6.90515,362.132,350.14,369.385,30.3062,16.4081,22.0375,22.0375,66.1498,0.455095,0.0785114,0.417171,0.379246,0.568869,5.85938,0.971554,5.9375,4.625,7.875,0.349685,0,0.349685,0.349685,0.349685
legacy,legacy MAPPO (v0.4 re-scored set),9,8,-1046.04,4.0309e-13,-1046.04,-1046.04,-1046.04,207.563,0,207.563,207.563,207.563,0.03667,0,0.03667,0.03667,0.03667,0,0,0,0,0,0,0,0,0,0,81.0105,0,81.0105,81.0105,81.0105,965.031,3.35603e-13,965.031,965.031,965.031,0,0,0,0,0,0,0,0,0,0,1.65876,0,1.65876,1.65876,1.65876
primary,Centralized PPO,0,8,-3752.1,2007.34,-4569.46,-5688.64,-1298,211.869,17.6901,211.097,185.075,233.671,0.126487,0.0950536,0.164519,0,0.217047,0.611868,0.386572,0.732904,0,1,8.61051,12.1604,4.8999,0,36.9158,936.821,165.636,879.359,821.263,1321.36,2786.58,2089.71,3617.87,0,4780.71,1.72084,2.42412,0.967098,0,7.35739,26.9844,48.1148,12.0625,0,143,0.108036,0,0.108036,0.108036,0.108036
primary,Centralized PPO,1,8,-1088.64,408.17,-868.691,-1799.42,-868.691,206.221,1.41963,206.988,203.92,206.988,0.0142468,0.0264131,0,0,0.0594648,0.064668,0.11994,0,0,0.271556,0.64222,1.20643,0,0,2.94945,769.375,183.92,868.691,466.038,868.691,318.598,590.664,0,0,1329.52,0.132736,0.249101,0,0,0.606794,0.53125,1.15293,0,0,3.25,0.279146,0,0.279146,0.279146,0.279146
primary,Centralized PPO,2,8,-285.289,2.14848e-14,-285.289,-285.289,-285.289,207.171,3.56285e-14,207.171,207.171,207.171,0,0,0,0,0,0,0,0,0,0,0,0,0,0,0,285.289,2.14848e-14,285.289,285.289,285.289,0,0,0,0,0,0,0,0,0,0,0,0,0,0,0,0.4517,0,0.4517,0.4517,0.4517
primary,Centralized PPO,3,8,-164.908,2.63134e-14,-164.908,-164.908,-164.908,207.474,2.14848e-14,207.474,207.474,207.474,0.00099108,0,0.00099108,0.00099108,0.00099108,0,0,0,0,0,0,0,0,0,0,137.908,1.5192e-14,137.908,137.908,137.908,27,0,27,27,27,0,0,0,0,0,0,0,0,0,0,0.917791,0,0.917791,0.917791,0.917791
primary,Centralized PPO,4,8,-1301.04,399.597,-1156.55,-2031.12,-955.91,205.968,6.32671,206.87,198.805,218.009,0.020441,0.0234828,0.0143707,0,0.0664024,0.0878345,0.121518,0.0148662,0,0.314172,1.53419,1.73765,0.76115,0,4.28147,835.418,172.358,954.054,568.834,966.917,462.541,517.271,325.954,0,1452.79,0.312878,0.35562,0.151698,0,0.872266,2.76562,3.45471,1.6875,0,8.625,0.199088,0,0.199088,0.199088,0.199088
primary,Centralized PPO,5,8,-460.319,48.3191,-443.235,-579.902,-443.235,207.401,0.944504,207.068,207.068,209.739,0.000619425,0.001752,0,0,0.0049554,0.00049554,0.0014016,0,0,0.00396432,0.0237859,0.0672768,0,0,0.190287,443.423,0.531757,443.235,443.235,444.739,16.875,47.7297,0,0,135,0.00474058,0.0134084,0,0,0.0379246,0.015625,0.0441942,0,0,0.125,0.350913,0,0.350913,0.350913,0.350913
primary,Centralized PPO,6,8,-1991.74,2211.12,-956.036,-7132.9,-910.698,217.382,21.6036,206.861,204.513,264.219,0.0438553,0.0937692,0,0,0.263627,0.0799058,0.18491,0.00099108,0,0.53221,3.93657,9.3371,0.142716,0,26.9257,926.096,75.1,956.036,756.265,992.779,1052.86,2239.42,0,0,6284.38,0.791676,1.86602,0.0379246,0,5.38529,12,30.316,0.5,0,86.875,0.18226,0,0.18226,0.18226,0.18226
primary,Centralized PPO,7,8,-4179.28,5805.5,-757.714,-13548.4,-757.714,248.965,74.2257,206.88,206.88,377.975,0.145441,0.245588,0,0,0.547076,0.241328,0.397191,0,0,0.966303,1.55798,2.5377,0,0,7.04063,786.542,89.9901,757.714,696.084,995.577,3390.12,5734.22,0,0,12728.1,0.308143,0.504938,0,0,1.40321,2.3125,3.84638,0,0,9.25,0.187329,0,0.187329,0.187329,0.187329
primary,Centralized PPO,8,8,-755.772,959.642,-401.897,-3130.06,-401.897,211.578,12.5545,207.065,207.065,242.647,0.0144945,0.0394051,0,0,0.111992,0.0241576,0.0659474,0,0,0.187314,0.297324,0.72893,0,0,2.09316,403.076,3.69848,401.897,400.605,412.143,352.51,955.685,0,0,2717,0.0616275,0.144679,0,0,0.417171,0.125,0.231455,0,0,0.5,0.349685,0,0.349685,0.349685,0.349685
primary,Centralized PPO,9,8,-1046.04,2.71764e-13,-1046.04,-1046.04,-1046.04,207.563,3.03841e-14,207.563,207.563,207.563,0.03667,0,0.03667,0.03667,0.03667,0,0,0,0,0,0,0,0,0,0,81.0105,7.59602e-15,81.0105,81.0105,81.0105,965.031,2.8177e-13,965.031,965.031,965.031,0,0,0,0,0,0,0,0,0,0,1.65876,0,1.65876,1.65876,1.65876
primary,IPPO,0,8,-866.635,22.2812,-859.424,-913.091,-844.961,176.383,1.21763,176.929,173.818,177.472,0.00297324,0.00105951,0.00297324,0.00198216,0.0049554,0.255079,0.0180267,0.25223,0.235877,0.291378,4.4004,1.42375,3.90089,3.13974,7.32607,794.333,10.508,798.252,772.792,804.205,66.1871,23.599,66.1871,44.1123,110.337,0.895969,0.283756,0.796417,0.644718,1.47906,5.21875,3.77595,4,1.875,12.875,0.108036,0,0.108036,0.108036,0.108036
primary,IPPO,1,8,-543.943,5.78123,-542.261,-552.82,-537.496,192.653,0.673213,192.38,191.808,193.72,0.00297324,0,0.00297324,0.00297324,0.00297324,0.115585,0.00716516,0.117939,0.103072,0.122894,3.44896,0.736541,3.13974,2.85431,5.13776,467.565,6.36908,465.496,458.533,478.101,71.1123,5.3712e-15,71.1123,71.1123,71.1123,0.687383,0.146794,0.625756,0.568869,1.02396,4.57812,4.00833,2.8125,2,14.125,0.279146,0,0.279146,0.279146,0.279146
primary,IPPO,2,8,-285.289,3.03841e-14,-285.289,-285.289,-285.289,207.171,1.07424e-14,207.171,207.171,207.171,0,0,0,0,0,0,0,0,0,0,0,0,0,0,0,285.289,3.03841e-14,285.289,285.289,285.289,0,0,0,0,0,0,0,0,0,0,0,0,0,0,0,0.4517,0,0.4517,0.4517,0.4517
primary,IPPO,3,8,-2608.73,6912.16,-164.908,-19715.5,-164.908,260.195,149.119,207.474,207.474,629.247,0.0913033,0.255441,0.00099108,0.00099108,0.723489,0.091551,0.258945,0,0,0.732408,0.404361,1.1437,0,0,3.23489,169.234,88.6013,137.908,137.908,388.511,2439.41,6823.33,27,27,19326.3,0.0805898,0.227942,0,0,0.644718,0,0,0,0,0,0.917791,0,0.917791,0.917791,0.917791
primary,IPPO,4,8,-664.494,12.3491,-670.228,-676.592,-649.04,187.56,0.213167,187.533,187.295,187.96,0.00458375,0.000512933,0.0049554,0.00396432,0.0049554,0.143211,0.00322237,0.143707,0.13776,0.147671,2.68781,0.358709,2.56888,2.28345,3.42517,560.031,2.95558,560.272,555.494,563.291,102.021,11.4248,110.299,88.2246,110.299,0.535685,0.0714914,0.511982,0.455095,0.682643,1.90625,1.29344,1.4375,0.625,4.5,0.199088,0,0.199088,0.199088,0.199088
primary,IPPO,5,8,-426.006,15.993,-428.984,-445.024,-399.102,203.113,1.67509,202.495,201.435,206.27,0.00161051,0.00117714,0.00198216,0,0.00297324,0.0358028,0.0160459,0.0391477,0.00594648,0.0525273,1.14172,0.443356,1.14172,0.190287,1.5223,389.027,20.0461,381.479,370.259,426.671,35.8296,26.1904,44.0936,0,66.1498,0.227548,0.0883616,0.227548,0.0379246,0.303397,0.921875,0.626561,1,0,2,0.350913,0,0.350913,0.350913,0.350913
primary,IPPO,6,8,-746.401,26.1588,-743.252,-782.07,-699.082,191.244,2.00019,190.226,189.386,194.533,0.00322101,0.0018916,0.00396432,0.00099108,0.0049554,0.128717,0.0263998,0.140733,0.0872151,0.157582,4.43608,0.490277,4.47175,3.80575,5.42319,661.469,29.8814,647.843,633.31,708.996,76.6077,46.5507,93.1498,22.0375,120.15,0.886488,0.103241,0.891228,0.758492,1.09981,7.4375,1.70608,6.6875,6,11.25,0.18226,0,0.18226,0.18226,0.18226
primary,IPPO,7,8,-648.128,32.6307,-634.244,-699.698,-620.124,193.424,1.42203,193.677,191.384,195.07,0.00309713,0.0017916,0.00198216,0.00198216,0.00594648,0.11893,0.0200609,0.113479,0.0981169,0.148662,3.30624,0.565742,3.23489,2.66402,4.37661,571.503,11.8423,573.425,555.1,585.586,70.8261,42.1063,44.1497,44.1497,137.374,0.65894,0.112753,0.644718,0.530944,0.872266,5.14062,1.97126,4.9375,3.25,9.375,0.187329,0,0.187329,0.187329,0.187329
primary,IPPO,8,8,-399.35,4.57667,-399.53,-406.754,-392.183,206.624,0.533471,206.716,205.528,207.065,0.000123885,0.0003504,0,0,0.00099108,0.00433598,0.00667864,0.0024777,0,0.0198216,0.356789,0.470937,0.190287,0,1.33201,395.868,6.79649,396.508,382.326,401.897,2.75468,7.79142,0,0,22.0375,0.0711086,0.0938586,0.0379246,0,0.265472,0.65625,0.817635,0.3125,0,2.125,0.349685,0,0.349685,0.349685,0.349685
primary,IPPO,9,8,-1046.61,1.07073,-1046.04,-1048.63,-1046.04,207.988,0.808189,207.563,207.563,209.608,0.03667,0,0.03667,0.03667,0.03667,0.000619425,0.00117714,0,0,0.00297324,0.0713578,0.141578,0,0,0.380575,81.0427,0.0613776,81.0105,81.0105,81.1664,965.401,0.68367,965.031,965.031,966.508,0.0142217,0.0282168,0,0,0.0758492,0.15625,0.318689,0,0,0.875,1.65876,0,1.65876,1.65876,1.65876
primary,MAPPO,0,8,-816.468,9.88555,-815.446,-835.655,-801.573,178.26,1.34128,178.043,176.221,181.01,0,0,0,0,0,0.210357,0.0139332,0.212587,0.181368,0.229931,6.06541,0.923503,5.99405,4.5669,7.6115,803.384,11.5816,801.792,785.246,827.12,0,0,0,0,0,1.20885,0.184056,1.19462,0.91019,1.51698,11.875,3.15733,11.5625,7.625,17,0.108036,0,0.108036,0.108036,0.108036
primary,MAPPO,1,8,-536.527,11.7617,-539.93,-548.904,-517.317,192.535,0.626087,192.54,191.277,193.398,0.00260159,0.000512933,0.00297324,0.00198216,0.00297324,0.106541,0.00704793,0.106541,0.0971259,0.120912,4.37661,0.287688,4.47175,3.99604,4.75719,463.447,5.13991,463.387,453.348,470.99,62.8483,11.4055,71.1123,49.0748,71.1123,0.872266,0.0573366,0.891228,0.796417,0.948115,9.35938,1.54029,9.6875,6.75,11.375,0.279146,0,0.279146,0.279146,0.279146
primary,MAPPO,2,8,-310.629,13.0746,-304.011,-331.807,-302.669,206.759,0.0891218,206.779,206.628,206.871,0.00123885,0.000458781,0.00099108,0.00099108,0.00198216,0.00384044,0.000827079,0.00396432,0.00297324,0.0049554,0.689792,0.0984831,0.76115,0.570862,0.76115,279.923,0.912757,280.142,278.605,281.156,28.7875,12.4986,22.0375,22.0375,49.0375,0.137477,0.0196278,0.151698,0.113774,0.151698,1.78125,0.238578,1.875,1.5,2,0.4517,0,0.4517,0.4517,0.4517
primary,MAPPO,3,8,-164.908,2.84217e-14,-164.908,-164.908,-164.908,207.474,5.26268e-14,207.474,207.474,207.474,0.00099108,0,0.00099108,0.00099108,0.00099108,0,0,0,0,0,0,0,0,0,0,137.908,3.22272e-14,137.908,137.908,137.908,27,0,27,27,27,0,0,0,0,0,0,0,0,0,0,0.917791,0,0.917791,0.917791,0.917791
primary,MAPPO,4,8,-644.351,10.4415,-647.413,-657.69,-623.982,186.968,0.669731,187.117,185.788,187.71,0.00396432,0.000529755,0.00396432,0.00297324,0.0049554,0.142716,0.00785753,0.140238,0.134787,0.156591,4.01982,0.372851,3.90089,3.61546,4.5669,547.935,5.12897,548.749,538.969,554.672,88.2246,11.7995,88.2246,66.1498,110.299,0.801157,0.0743098,0.777454,0.720567,0.91019,7.39062,1.86178,7.25,5,10.25,0.199088,0,0.199088,0.199088,0.199088
primary,MAPPO,5,8,-365.094,2.45416,-364.398,-369.294,-361.751,200.715,0.305922,200.727,200.306,201.298,0,0,0,0,0,0.0509167,0.00304033,0.0505451,0.0455897,0.0555005,1.92666,0.343987,1.90287,1.5223,2.47374,361.617,2.87465,361.417,357.535,367.116,0,0,0,0,0,0.383987,0.0685571,0.379246,0.303397,0.49302,3.09375,1.33589,2.8125,1.5,5.125,0.350913,0,0.350913,0.350913,0.350913
primary,MAPPO,6,8,-728.221,15.2038,-726.946,-747.049,-703.721,190.095,0.888802,190.306,188.432,191.393,0.0033449,0.000737387,0.00346878,0.00198216,0.00396432,0.126734,0.0103869,0.123389,0.111992,0.144698,5.87512,0.542403,5.80377,5.13776,6.85035,635.675,8.18123,637.585,619.625,647.497,78.7187,17.745,82.0937,44.0749,93.1124,1.17092,0.108102,1.1567,1.02396,1.36529,12.6562,2.19958,12.125,10.5,16.375,0.18226,0,0.18226,0.18226,0.18226
primary,MAPPO,7,8,-612.765,19.0194,-618.593,-637.789,-577.344,193.047,0.611441,193.144,191.975,193.902,0.00161051,0.000907954,0.00198216,0,0.00297324,0.114222,0.00690208,0.112983,0.104063,0.123885,3.59167,0.399636,3.42517,3.23489,4.37661,565.341,5.21809,565.592,555.43,571.825,40.1765,21.498,49.0748,0,71.1123,0.715827,0.0796481,0.682643,0.644718,0.872266,6.53125,1.75986,5.9375,4.875,10.375,0.187329,0,0.187329,0.187329,0.187329
primary,MAPPO,8,8,-391.854,7.25153,-390.156,-409.279,-386.361,203.807,0.262186,203.855,203.464,204.216,0.00111497,0.0003504,0.00099108,0.00099108,0.00198216,0.0272547,0.00317853,0.0272547,0.0218038,0.0317146,2.23588,0.264258,2.28345,1.90287,2.66402,361.101,2.46962,361.975,357.271,363.949,24.7921,7.79142,22.0375,22.0375,44.0749,0.445614,0.052667,0.455095,0.379246,0.530944,5.51562,1.1209,5.375,4,7.5,0.349685,0,0.349685,0.349685,0.349685
primary,MAPPO,9,8,-1052.87,19.3125,-1046.04,-1100.67,-1046.04,207.649,0.241941,207.563,207.563,208.247,0.0369177,0.0007008,0.03667,0.03667,0.0386521,0.000123885,0.0003504,0,0,0.00099108,0.0237859,0.0672768,0,0,0.190287,81.0212,0.0304321,81.0105,81.0105,81.0965,971.781,19.0919,965.031,965.031,1019.03,0.00474058,0.0134084,0,0,0.0379246,0.0625,0.176777,0,0,0.5,1.65876,0,1.65876,1.65876,1.65876
primary,Shared-PPO,0,8,-820.831,15.907,-822.886,-842.27,-797.013,176.957,2.43456,176.482,174.352,181.763,0.00049554,0.000749186,0,0,0.00198216,0.230055,0.0315301,0.233399,0.17443,0.278494,6.85035,1.3532,6.85035,4.18632,8.75322,794.652,19.5825,789.605,773.644,834.56,11.0327,16.6764,0,0,44.1123,1.36529,0.269695,1.36529,0.834341,1.74453,13.7812,4.52609,12.875,6.875,21.625,0.108036,0,0.108036,0.108036,0.108036
primary,Shared-PPO,1,8,-534.437,5.42526,-534.349,-543.97,-524.936,191.956,1.49148,191.369,190.611,194.977,0.00272547,0.000458781,0.00297324,0.00198216,0.00297324,0.116947,0.0183283,0.121903,0.0822597,0.139742,4.11497,0.634688,4.18632,2.85431,4.94747,460.045,12.7311,455.119,450.255,486.261,65.6029,10.2014,71.1123,49.0748,71.1123,0.820119,0.126494,0.834341,0.568869,0.98604,7.96875,2.67324,7.875,3,12,0.279146,0,0.279146,0.279146,0.279146
primary,Shared-PPO,2,8,-313.03,18.0466,-304.475,-351.582,-302.669,206.643,0.14087,206.596,206.507,206.923,0.00136274,0.000737387,0.00099108,0.00099108,0.00297324,0.0058226,0.00186828,0.00644202,0.00198216,0.00792864,0.927651,0.258068,0.951437,0.380575,1.14172,278.97,1.39759,278.388,277.69,281.637,31.5468,18.57,22.0375,22.0375,71.1123,0.184882,0.0514334,0.189623,0.0758492,0.227548,2.32812,0.647583,2.4375,1,3,0.4517,0,0.4517,0.4517,0.4517
primary,Shared-PPO,3,8,-164.959,0.144341,-164.908,-165.317,-164.908,207.472,0.00500289,207.474,207.459,207.474,0.00099108,0,0.00099108,0.00099108,0.00099108,0.000123885,0.0003504,0,0,0.00099108,0.0237859,0.0672768,0,0,0.190287,137.892,0.0458442,137.908,137.779,137.908,27,0,27,27,27,0.00474058,0.0134084,0,0,0.0379246,0.0625,0.176777,0,0,0.5,0.917791,0,0.917791,0.917791,0.917791
primary,Shared-PPO,4,8,-653.089,13.7535,-652.487,-678.224,-638.075,186.65,1.12093,186.309,185.76,189.125,0.00445986,0.000917562,0.00445986,0.00297324,0.00594648,0.148786,0.0135107,0.151635,0.121903,0.167493,3.73439,0.286562,3.61546,3.42517,4.18632,546.958,10.0653,544.243,539.527,569.893,99.262,20.4373,99.262,66.1498,132.374,0.74427,0.0571122,0.720567,0.682643,0.834341,6.125,1.4063,6.125,3.875,7.875,0.199088,0,0.199088,0.199088,0.199088
primary,Shared-PPO,5,8,-395.494,19.986,-404.092,-424.601,-363.418,200.203,0.765631,199.914,199.627,201.957,0.00148662,0.00105951,0.00198216,0,0.00297324,0.0587215,0.00909498,0.061447,0.0396432,0.0693756,2.28345,0.557105,2.37859,1.14172,2.85431,358.005,6.5962,355.427,353.625,373.561,33.0655,23.559,44.0749,0,66.1124,0.455095,0.111032,0.474058,0.227548,0.568869,3.96875,1.75096,3.8125,1,6.75,0.350913,0,0.350913,0.350913,0.350913
primary,Shared-PPO,6,8,-741.676,36.4098,-733.669,-824.362,-699.05,189.557,1.66279,188.905,187.874,193.07,0.00408821,0.00186828,0.00396432,0.00099108,0.00792864,0.135778,0.0194067,0.141229,0.0971259,0.157582,5.97027,0.592538,5.89891,4.94747,6.85035,632.215,15.4636,626.905,614.913,664.652,95.8811,44.2091,93.1124,22.0375,186.337,1.18988,0.118094,1.17566,0.98604,1.36529,12.3906,2.1017,11.6875,10.5,16,0.18226,0,0.18226,0.18226,0.18226
primary,Shared-PPO,7,8,-634.684,25.9116,-636.335,-677.89,-597.001,192.516,1.6238,191.878,191.337,196.119,0.00272547,0.00156704,0.00297324,0,0.0049554,0.123266,0.0198424,0.130327,0.0812686,0.143707,3.66303,0.506015,3.61546,2.66402,4.37661,562.118,13.5717,557.232,551.505,593.095,64.992,36.134,71.1123,0,115.262,0.730049,0.10085,0.720567,0.530944,0.872266,6.84375,2.04388,6.75,3.375,10.25,0.187329,0,0.187329,0.187329,0.187329
primary,Shared-PPO,8,8,-402.338,9.0402,-406.631,-409.849,-385.381,203.584,0.737869,203.36,202.971,205.228,0.00161051,0.000512933,0.00198216,0.00099108,0.00198216,0.031219,0.00789317,0.0336967,0.0138751,0.0376611,2.44995,0.542403,2.66402,1.33201,3.0446,360.039,7.21687,358.751,353.799,376.096,35.8109,11.4055,44.0749,22.0375,44.0749,0.488279,0.108102,0.530944,0.265472,0.606794,6,1.70346,6.125,3.375,8.5,0.349685,0,0.349685,0.349685,0.349685
primary,Shared-PPO,9,8,-1046.04,5.15635e-13,-1046.04,-1046.04,-1046.04,207.563,3.22272e-14,207.563,207.563,207.563,0.03667,0,0.03667,0.03667,0.03667,0,0,0,0,0,0,0,0,0,0,81.0105,7.59602e-15,81.0105,81.0105,81.0105,965.031,4.40307e-13,965.031,965.031,965.031,0,0,0,0,0,0,0,0,0,0,1.65876,0,1.65876,1.65876,1.65876
