controller,seed,n8_reward,matched_checkpoint,all_matching_checkpoints,matching_sha256,closest_checkpoint,closest_reward,closest_abs_diff_total,closest_max_abs_diff_per_cluster,n_candidates,traced
MAPPO,1,-5610.976499595026,MAPPO|mappo_pool_off_seed1_20260526T162327/mappo_best.pt,MAPPO|mappo_pool_off_seed1_20260526T162327/mappo_best.pt ; MAPPO|mappo_pool_off_seed1_20260527T094408/mappo_best.pt ; MAPPO|mappo_budget_off_seed1_20260527T125221/mappo_best.pt ; MAPPO|mappo_budget_off_seed1_20260531T123748/mappo_best.pt ; MAPPO|mappo_lambda_sw_4_seed1_20260526T191233/mappo_best.pt,6bb9e53c349c,MAPPO|mappo_pool_off_seed1_20260526T162327/mappo_best.pt,-5610.976499595027,9.094947017729282e-13,7.958078640513122e-13,9,True
MAPPO,7,-5737.964143337571,MAPPO|mappo_pool_off_seed7_20260526T162327/mappo_best.pt,MAPPO|mappo_pool_off_seed7_20260526T162327/mappo_best.pt,4a996081896f,MAPPO|mappo_pool_off_seed7_20260526T162327/mappo_best.pt,-5737.964143337569,1.8189894035458565e-12,1.0231815394945443e-12,7,True
MAPPO,13,-5616.018681329105,MAPPO|mappo_pool_off_seed13_20260526T162327/mappo_best.pt,MAPPO|mappo_pool_off_seed13_20260526T162327/mappo_best.pt,fc8e1cd74f8c,MAPPO|mappo_pool_off_seed13_20260526T162327/mappo_best.pt,-5616.018681329105,0.0,1.2505552149377763e-12,7,True
MAPPO,23,-5874.673772304408,MAPPO|mappo_nr_seed23/mappo_best.pt,MAPPO|mappo_nr_seed23/mappo_best.pt,6f31d357b08d,MAPPO|mappo_nr_seed23/mappo_best.pt,-5874.673772304409,9.094947017729282e-13,7.958078640513122e-13,6,True
MAPPO,42,-5630.662342759596,MAPPO|mappo_seed42_20260526T143637/mappo_best.pt,MAPPO|mappo_seed42_20260526T143637/mappo_best.pt ; MAPPO|mappo_pool_off_seed42_20260526T162327/mappo_best.pt ; MAPPO|mappo_pool_off_seed42_20260527T094408/mappo_best.pt ; MAPPO|mappo_budget_off_seed42_20260527T125221/mappo_best.pt ; MAPPO|mappo_budget_off_seed42_20260531T123748/mappo_best.pt ; MAPPO|mappo_lambda_sw_4_seed42_20260526T191233/mappo_best.pt,de4ac24ed691,MAPPO|mappo_pool_off_seed42_20260526T162327/mappo_best.pt,-5630.662342759595,9.094947017729282e-13,1.3642420526593924e-12,14,True
MAPPO,64,-5595.63844925551,MAPPO|mappo_nr_seed64/mappo_best.pt,MAPPO|mappo_nr_seed64/mappo_best.pt,45ecf390fa93,MAPPO|mappo_nr_seed64/mappo_best.pt,-5595.63844925551,0.0,1.1368683772161603e-12,6,True
MAPPO,77,-5540.18219336169,MAPPO|mappo_pool_off_seed77_20260526T162327/mappo_best.pt,MAPPO|mappo_pool_off_seed77_20260526T162327/mappo_best.pt ; MAPPO|mappo_pool_off_seed77_20260527T094408/mappo_best.pt ; MAPPO|mappo_budget_off_seed77_20260527T125221/mappo_best.pt ; MAPPO|mappo_budget_off_seed77_20260531T123748/mappo_best.pt ; MAPPO|mappo_lambda_sw_4_seed77_20260526T191233/mappo_best.pt,a9a6825c7c8b,MAPPO|mappo_pool_off_seed77_20260526T162327/mappo_best.pt,-5540.18219336169,0.0,1.2505552149377763e-12,9,True
MAPPO,99,-5635.889873656183,MAPPO|mappo_nr_seed99/mappo_best.pt,MAPPO|mappo_nr_seed99/mappo_best.pt,2320cebe0722,MAPPO|mappo_nr_seed99/mappo_best.pt,-5635.8898736561805,2.7284841053187847e-12,1.1368683772161603e-12,8,True
IPPO,1,-6063.429988176235,IPPO|ippo_nr_seed1,IPPO|ippo_nr_seed1,658da285d90e,IPPO|ippo_nr_seed1,-6063.4299881762345,9.094947017729282e-13,1.2505552149377763e-12,3,True
IPPO,7,-5805.205524708807,IPPO|ippo_nr_seed7,IPPO|ippo_nr_seed7,d51d4600b3e1,IPPO|ippo_nr_seed7,-5805.205524708807,0.0,1.0231815394945443e-12,3,True
IPPO,13,-5761.013552536973,IPPO|ippo_nr_seed13,IPPO|ippo_nr_seed13,544bd7c490aa,IPPO|ippo_nr_seed13,-5761.013552536972,9.094947017729282e-13,1.1368683772161603e-12,3,True
IPPO,23,-5716.071454171769,IPPO|ippo_nr_seed23,IPPO|ippo_nr_seed23,8e3ec5bedc28,IPPO|ippo_nr_seed23,-5716.071454171766,2.7284841053187847e-12,1.3642420526593924e-12,3,True
IPPO,42,-5696.676645444034,IPPO|ippo_nr_seed42,IPPO|ippo_nr_seed42,2f5be02e34ac,IPPO|ippo_nr_seed42,-5696.676645444033,9.094947017729282e-13,1.0231815394945443e-12,3,True
IPPO,64,-5759.528351918618,IPPO|ippo_nr_seed64,IPPO|ippo_nr_seed64,f3ccd0798078,IPPO|ippo_nr_seed64,-5759.528351918617,9.094947017729282e-13,7.958078640513122e-13,3,True
IPPO,77,-5809.617238134005,IPPO|ippo_nr_seed77,IPPO|ippo_nr_seed77,11e489366e61,IPPO|ippo_nr_seed77,-5809.617238134002,2.7284841053187847e-12,1.0231815394945443e-12,3,True
IPPO,99,-5885.108964753519,IPPO|ippo_nr_seed99,IPPO|ippo_nr_seed99,8f8ea15740e6,IPPO|ippo_nr_seed99,-5885.108964753516,2.7284841053187847e-12,1.3642420526593924e-12,3,True
Always-DPDK,0,-7201.084827726416,-,,,-,-7201.084827726418,1.8189894035458565e-12,,1,True
