score,members,seeds,n,reward,sd,wh,qosv,usr,swd,reward_sd_within_tol,all_within_tol
200.44857477628375,Centralized PPO|wcnc2027_ablation/central_seed42/ppo_multi_site.zip ; Centralized PPO|ppo_multi_site_seed99_20260516T092259/ppo_multi_site.zip ; Centralized PPO|central_nr_seed7/best_model.zip ; Centralized PPO|central_nr_seed77/ppo_multi_site_final.zip,"[7, 42, 77, 99]",4,-8576.080416134264,1696.5404596977176,2070.498998939702,1.13478691774033,3.904856293359757,0.4971258671952428,False,False
200.44857477628375,Centralized PPO|wcnc2027_ablation/central_seed42/ppo_multi_site.zip ; Centralized PPO|central_nr_seed7/ppo_multi_site.zip ; Centralized PPO|ppo_multi_site_seed99_20260516T092259/ppo_multi_site.zip ; Centralized PPO|central_nr_seed77/ppo_multi_site_final.zip,"[7, 42, 77, 99]",4,-8576.080416134264,1696.5404596977176,2070.498998939702,1.13478691774033,3.904856293359757,0.4971258671952428,False,False
200.4485747762838,Centralized PPO|wcnc2027_ablation/central_seed42/ppo_multi_site.zip ; Centralized PPO|central_nr_seed7/ppo_multi_site.zip ; Centralized PPO|central_nr_seed77/ppo_multi_site_final.zip ; Centralized PPO|ppo_multi_site_seed99_20260516T092259/best_model.zip,"[7, 42, 77, 99]",4,-8576.080416134264,1696.5404596977176,2070.498998939702,1.1347869177403298,3.904856293359757,0.49712586719524277,False,False
200.4485747762838,Centralized PPO|central_nr_seed7/ppo_multi_site.zip ; Centralized PPO|wcnc2027_ablation/central_seed42/best_model.zip ; Centralized PPO|central_nr_seed77/ppo_multi_site_final.zip ; Centralized PPO|ppo_multi_site_seed99_20260516T092259/best_model.zip,"[7, 42, 77, 99]",4,-8576.080416134264,1696.5404596977176,2070.498998939702,1.1347869177403298,3.904856293359757,0.49712586719524277,False,False
200.4485747762838,Centralized PPO|wcnc2027_ablation/central_seed42/best_model.zip ; Centralized PPO|central_nr_seed7/best_model.zip ; Centralized PPO|central_nr_seed77/ppo_multi_site_final.zip ; Centralized PPO|ppo_multi_site_seed99_20260516T092259/best_model.zip,"[7, 42, 77, 99]",4,-8576.080416134264,1696.5404596977176,2070.498998939702,1.1347869177403298,3.904856293359757,0.49712586719524277,False,False
200.4485747762838,Centralized PPO|wcnc2027_ablation/central_seed42/ppo_multi_site.zip ; Centralized PPO|central_nr_seed7/best_model.zip ; Centralized PPO|central_nr_seed77/ppo_multi_site_final.zip ; Centralized PPO|ppo_multi_site_seed99_20260516T092259/best_model.zip,"[7, 42, 77, 99]",4,-8576.080416134264,1696.5404596977176,2070.498998939702,1.1347869177403298,3.904856293359757,0.49712586719524277,False,False
200.4485747762842,Centralized PPO|ppo_multi_site_seed99_20260516T092259/ppo_multi_site.zip ; Centralized PPO|wcnc2027_ablation/central_seed42/best_model.zip ; Centralized PPO|central_nr_seed7/best_model.zip ; Centralized PPO|central_nr_seed77/ppo_multi_site_final.zip,"[7, 42, 77, 99]",4,-8576.080416134264,1696.5404596977173,2070.498998939702,1.13478691774033,3.904856293359757,0.4971258671952428,False,False
200.4485747762842,Centralized PPO|central_nr_seed7/ppo_multi_site.zip ; Centralized PPO|ppo_multi_site_seed99_20260516T092259/ppo_multi_site.zip ; Centralized PPO|wcnc2027_ablation/central_seed42/best_model.zip ; Centralized PPO|central_nr_seed77/ppo_multi_site_final.zip,"[7, 42, 77, 99]",4,-8576.080416134264,1696.5404596977173,2070.498998939702,1.13478691774033,3.904856293359757,0.4971258671952428,False,False
245.5497349377075,Centralized PPO|wcnc2027_ablation/central_seed42/ppo_multi_site.zip ; Centralized PPO|central_nr_seed7/ppo_multi_site.zip ; Centralized PPO|central_nr_seed13/ppo_multi_site.zip ; Centralized PPO|central_nr_seed77/ppo_multi_site_final.zip,"[7, 13, 42, 77]",4,-8588.371460168248,1691.902718513439,2071.6658879547776,1.144697720515355,3.5505450941526226,0.5161546085232904,False,False
245.5497349377075,Centralized PPO|wcnc2027_ablation/central_seed42/ppo_multi_site.zip ; Centralized PPO|central_nr_seed7/ppo_multi_site.zip ; Centralized PPO|central_nr_seed13/best_model.zip ; Centralized PPO|central_nr_seed77/ppo_multi_site_final.zip,"[7, 13, 42, 77]",4,-8588.371460168248,1691.902718513439,2071.6658879547776,1.144697720515355,3.5505450941526226,0.5161546085232904,False,False
245.5497349377075,Centralized PPO|wcnc2027_ablation/central_seed42/ppo_multi_site.zip ; Centralized PPO|central_nr_seed13/ppo_multi_site.zip ; Centralized PPO|central_nr_seed7/best_model.zip ; Centralized PPO|central_nr_seed77/ppo_multi_site_final.zip,"[7, 13, 42, 77]",4,-8588.371460168248,1691.902718513439,2071.6658879547776,1.144697720515355,3.5505450941526226,0.5161546085232904,False,False
245.5497349377075,Centralized PPO|wcnc2027_ablation/central_seed42/ppo_multi_site.zip ; Centralized PPO|central_nr_seed7/best_model.zip ; Centralized PPO|central_nr_seed13/best_model.zip ; Centralized PPO|central_nr_seed77/ppo_multi_site_final.zip,"[7, 13, 42, 77]",4,-8588.371460168248,1691.902718513439,2071.6658879547776,1.144697720515355,3.5505450941526226,0.5161546085232904,False,False
245.54973493770797,Centralized PPO|central_nr_seed13/ppo_multi_site.zip ; Centralized PPO|wcnc2027_ablation/central_seed42/best_model.zip ; Centralized PPO|central_nr_seed7/best_model.zip ; Centralized PPO|central_nr_seed77/ppo_multi_site_final.zip,"[7, 13, 42, 77]",4,-8588.371460168248,1691.9027185134387,2071.6658879547776,1.144697720515355,3.5505450941526226,0.5161546085232904,False,False
245.54973493770797,Centralized PPO|wcnc2027_ablation/central_seed42/best_model.zip ; Centralized PPO|central_nr_seed7/best_model.zip ; Centralized PPO|central_nr_seed13/best_model.zip ; Centralized PPO|central_nr_seed77/ppo_multi_site_final.zip,"[7, 13, 42, 77]",4,-8588.371460168248,1691.9027185134387,2071.6658879547776,1.144697720515355,3.5505450941526226,0.5161546085232904,False,False
245.54973493770797,Centralized PPO|central_nr_seed7/ppo_multi_site.zip ; Centralized PPO|wcnc2027_ablation/central_seed42/best_model.zip ; Centralized PPO|central_nr_seed13/best_model.zip ; Centralized PPO|central_nr_seed77/ppo_multi_site_final.zip,"[7, 13, 42, 77]",4,-8588.371460168248,1691.9027185134387,2071.6658879547776,1.144697720515355,3.5505450941526226,0.5161546085232904,False,False
245.54973493770888,Centralized PPO|central_nr_seed7/ppo_multi_site.zip ; Centralized PPO|central_nr_seed13/ppo_multi_site.zip ; Centralized PPO|wcnc2027_ablation/central_seed42/best_model.zip ; Centralized PPO|central_nr_seed77/ppo_multi_site_final.zip,"[7, 13, 42, 77]",4,-8588.371460168248,1691.9027185134387,2071.665887954778,1.144697720515355,3.5505450941526226,0.5161546085232904,False,False
332.0029453920526,Centralized PPO|wcnc2027_ablation/central_seed42/ppo_multi_site.zip ; Centralized PPO|ppo_multi_site_seed7_20260516T092256/ppo_multi_site.zip ; Centralized PPO|central_nr_seed77/ppo_multi_site_final.zip ; Centralized PPO|ppo_multi_site_seed99_20260516T092259/best_model.zip,"[7, 42, 77, 99]",4,-8617.579749530318,1672.1204369564769,2069.653161113265,1.1645193260654048,4.108027750247765,0.5542120911793855,False,False
332.00294539205305,Centralized PPO|wcnc2027_ablation/central_seed42/best_model.zip ; Centralized PPO|central_nr_seed77/ppo_multi_site_final.zip ; Centralized PPO|ppo_multi_site_seed7_20260516T092256/best_model.zip ; Centralized PPO|ppo_multi_site_seed99_20260516T092259/best_model.zip,"[7, 42, 77, 99]",4,-8617.579749530318,1672.1204369564766,2069.653161113265,1.1645193260654048,4.108027750247765,0.5542120911793855,False,False
332.00294539205305,Centralized PPO|wcnc2027_ablation/central_seed42/ppo_multi_site.zip ; Centralized PPO|central_nr_seed77/ppo_multi_site_final.zip ; Centralized PPO|ppo_multi_site_seed7_20260516T092256/best_model.zip ; Centralized PPO|ppo_multi_site_seed99_20260516T092259/best_model.zip,"[7, 42, 77, 99]",4,-8617.579749530318,1672.1204369564766,2069.653161113265,1.1645193260654048,4.108027750247765,0.5542120911793855,False,False
332.00294539205305,Centralized PPO|ppo_multi_site_seed7_20260516T092256/ppo_multi_site.zip ; Centralized PPO|wcnc2027_ablation/central_seed42/best_model.zip ; Centralized PPO|central_nr_seed77/ppo_multi_site_final.zip ; Centralized PPO|ppo_multi_site_seed99_20260516T092259/best_model.zip,"[7, 42, 77, 99]",4,-8617.579749530318,1672.1204369564766,2069.653161113265,1.1645193260654048,4.108027750247765,0.5542120911793855,False,False
